State Name,City Name,Year,Month,Day of Week,Time of Day,Accident Severity,Number of Vehicles Involved,Vehicle Type Involved,Number of Casualties,Number of Fatalities,Weather Conditions,Road Type,Road Condition,Lighting Conditions,Traffic Control Presence,Speed Limit (km/h),Driver Age,Driver Gender,Driver License Status,Alcohol Involvement,Accident Location Details,severity,hour,month,day_enc,road_type_enc,weather_enc,road_cond_enc,lighting_enc,alcohol,num_vehicles,num_casualties,junction_enc,cause_enc,risk_score,latitude,longitude,highway,state_region
Jammu and Kashmir,Unknown,2021,May,Monday,1:46,Serious,5,Cycle,0,4,Hazy,National Highway,Wet,Dark,Signs,61,66,Male,,Yes,Curve,2,1,5,0,0,2,3,0,1,5,0,0,0,5.45,21.23048,72.84781,NH48_Delhi_Mumbai,Rajasthan / Gujarat
Uttar Pradesh,Lucknow,2018,January,Wednesday,21:30,Minor,5,Truck,5,4,Hazy,Urban Road,Dry,Dusk,Signs,92,60,Male,,Yes,Straight Road,1,21,1,2,2,2,1,3,1,5,5,0,0,6.36,25.365,78.56129,NH44_Agra_Nagpur,Madhya Pradesh
Chhattisgarh,Unknown,2023,May,Wednesday,5:37,Minor,5,Pedestrian,6,5,Foggy,National Highway,Under Construction,Dawn,Signs,120,26,Female,,No,Bridge,1,5,5,2,0,1,2,1,0,5,6,0,0,6.97,12.90513,79.80888,NH44_Bangalore_Chennai,Tamil Nadu
Uttar Pradesh,Lucknow,2020,June,Saturday,0:31,Minor,3,Bus,10,5,Rainy,State Highway,Dry,Dark,Signals,76,34,Female,Valid,Yes,Straight Road,1,0,6,5,1,3,1,0,1,3,10,0,0,8.79,9.9374,77.38611,NH7_Varanasi_Kanyakumari,MP / Karnataka / TN
Sikkim,Unknown,2021,August,Thursday,11:21,Minor,5,Cycle,7,1,Foggy,Urban Road,Wet,Dusk,Signs,115,30,Male,,No,Intersection,1,11,8,3,2,1,3,3,0,5,7,0,0,3.64,25.30759,83.01047,NH7_Varanasi_Kanyakumari,MP / Karnataka / TN
Meghalaya,Unknown,2020,November,Tuesday,8:4,Serious,1,Truck,6,2,Stormy,Village Road,Dry,Daylight,Police Checkpost,48,44,Male,Expired,Yes,Bridge,2,8,11,1,3,4,1,2,1,1,6,0,0,5.45,28.61747,77.19498,NH19_Delhi_Kolkata,Uttar Pradesh / Bihar
Sikkim,Unknown,2021,October,Monday,18:55,Fatal,2,Two-Wheeler,9,5,Foggy,Urban Road,Under Construction,Dusk,Police Checkpost,111,48,Female,,No,Straight Road,3,18,10,0,2,1,2,3,0,2,9,0,0,9.09,27.80429,77.44985,NH44_Delhi_Agra,Uttar Pradesh
Himachal Pradesh,Unknown,2022,December,Wednesday,11:40,Minor,3,Truck,1,5,Clear,State Highway,Damaged,Dark,Police Checkpost,62,42,Female,Valid,No,Curve,1,11,12,2,1,0,0,0,0,3,1,0,0,5.45,24.21754,84.30165,NH30_Patna_Visakhapatnam,Chhattisgarh
Rajasthan,Jodhpur,2021,July,Saturday,8:26,Fatal,3,Truck,7,1,Clear,Urban Road,Damaged,Dawn,Signs,35,53,Male,Valid,No,Straight Road,3,8,7,5,2,0,0,1,0,3,7,0,0,4.85,26.24906,81.40987,NH19_Delhi_Kolkata,Uttar Pradesh / Bihar
Rajasthan,Jodhpur,2018,August,Saturday,2:1,Fatal,2,Car,3,2,Foggy,State Highway,Under Construction,Dark,Signs,110,50,Female,,Yes,Straight Road,3,2,8,5,1,1,2,0,1,2,3,0,0,5.15,27.88491,77.46486,NH44_Delhi_Agra,Uttar Pradesh
Himachal Pradesh,Unknown,2020,April,Thursday,22:25,Minor,5,Pedestrian,1,3,Hazy,National Highway,Dry,Dusk,Signals,35,49,Female,,No,Straight Road,1,22,4,3,0,2,1,3,0,5,1,0,0,3.64,28.25979,77.00362,NH48_Delhi_Mumbai,Rajasthan / Gujarat
Uttar Pradesh,Kanpur,2018,August,Tuesday,16:49,Fatal,3,Bus,1,4,Clear,National Highway,Wet,Dusk,,46,41,Male,Valid,No,Curve,3,16,8,1,0,0,3,3,0,3,1,0,0,5.76,27.72665,77.51627,NH44_Delhi_Agra,Uttar Pradesh
Assam,Unknown,2021,September,Saturday,23:22,Serious,1,Cycle,2,3,Hazy,Village Road,Under Construction,Daylight,Signs,46,55,Female,,No,Straight Road,2,23,9,5,3,2,2,2,0,1,2,0,0,4.55,19.67675,73.20764,NH48_Delhi_Mumbai,Rajasthan / Gujarat
Bihar,Unknown,2020,June,Wednesday,6:47,Serious,5,Car,0,0,Foggy,State Highway,Wet,Dusk,Signals,98,44,Female,Valid,No,Bridge,2,6,6,2,1,1,3,3,0,5,0,0,0,1.21,27.24348,82.39038,NH27_East_West,Rajasthan / MP / UP
Telangana,Unknown,2021,August,Friday,18:57,Serious,3,Bus,6,3,Foggy,National Highway,Wet,Dawn,Police Checkpost,47,54,Male,Valid,No,Intersection,2,18,8,4,0,1,3,1,0,3,6,0,0,5.76,29.71553,78.28928,NH58_Delhi_Badrinath,Uttarakhand
Arunachal Pradesh,Unknown,2018,August,Friday,12:6,Minor,4,Cycle,4,5,Stormy,State Highway,Under Construction,Dusk,Signals,60,44,Female,,No,Curve,1,12,8,4,1,4,2,3,0,4,4,0,0,6.36,26.08739,91.69344,NH52_Barasat_Guwahati,West Bengal / Assam
Andhra Pradesh,Tirupati,2019,October,Sunday,12:47,Minor,2,Cycle,7,4,Rainy,Village Road,Damaged,Dark,Signs,90,51,Female,Valid,No,Curve,1,12,10,6,3,3,0,0,0,2,7,0,0,6.36,27.06023,78.15762,NH44_Delhi_Agra,Uttar Pradesh
Karnataka,Bangalore,2023,October,Thursday,18:59,Fatal,5,Car,10,2,Hazy,Village Road,Wet,Dark,Signs,114,51,Female,Expired,No,Intersection,3,18,10,3,3,2,3,0,0,5,10,0,0,6.67,25.76895,79.42533,NH27_East_West,Rajasthan / MP / UP
Sikkim,Unknown,2023,November,Wednesday,10:51,Serious,3,Auto-Rickshaw,7,1,Rainy,National Highway,Under Construction,Dawn,Signs,80,55,Male,Valid,Yes,Bridge,2,10,11,2,0,3,2,1,1,3,7,0,0,4.85,26.81648,80.88714,NH27_East_West,Rajasthan / MP / UP
Chhattisgarh,Unknown,2022,April,Saturday,6:39,Fatal,3,Car,7,5,Foggy,State Highway,Wet,Daylight,Signs,46,57,Female,Valid,Yes,Straight Road,3,6,4,5,1,1,3,2,1,3,7,0,0,9.09,32.31811,74.90282,NH44_North,Jammu & Kashmir
Madhya Pradesh,Unknown,2018,June,Tuesday,8:10,Serious,5,Two-Wheeler,6,3,Rainy,Urban Road,Dry,Dusk,Signals,30,20,Female,Expired,Yes,Bridge,2,8,6,1,2,3,1,3,1,5,6,0,0,6.36,33.54996,75.11506,NH44_North,Jammu & Kashmir
Puducherry,Unknown,2022,February,Wednesday,1:35,Serious,2,Car,10,3,Hazy,Urban Road,Dry,Dusk,Signs,55,41,Female,Valid,No,Straight Road,2,1,2,2,2,2,1,3,0,2,10,0,0,6.97,23.04668,83.47715,NH30_Patna_Visakhapatnam,Chhattisgarh
Uttar Pradesh,Varanasi,2022,July,Friday,18:51,Fatal,1,Two-Wheeler,9,4,Clear,National Highway,Wet,Dawn,Signals,34,23,Female,Expired,Yes,Bridge,3,18,7,4,0,0,3,1,1,1,9,0,0,8.79,18.53826,73.83033,NH9_Pune_Hyderabad,Maharashtra / Telangana
Maharashtra,Nagpur,2022,December,Tuesday,13:34,Serious,3,Cycle,1,3,Foggy,National Highway,Dry,Daylight,,106,48,Male,,No,Intersection,2,13,12,1,0,1,1,2,0,3,1,0,0,4.24,27.20364,77.96823,NH44_Delhi_Agra,Uttar Pradesh
Jammu and Kashmir,Unknown,2022,February,Monday,3:29,Serious,1,Two-Wheeler,1,1,Foggy,Urban Road,Damaged,Dawn,Police Checkpost,31,20,Male,,No,Straight Road,2,3,2,0,2,1,0,1,0,1,1,0,0,2.42,25.93021,90.23011,NH52_Barasat_Guwahati,West Bengal / Assam
Tamil Nadu,Madurai,2018,August,Tuesday,11:10,Fatal,3,Auto-Rickshaw,2,2,Stormy,National Highway,Wet,Daylight,Police Checkpost,92,43,Female,,Yes,Intersection,3,11,8,1,0,4,3,2,1,3,2,0,0,4.85,27.46085,77.76504,NH44_Delhi_Agra,Uttar Pradesh
Madhya Pradesh,Unknown,2019,April,Wednesday,15:58,Minor,2,Pedestrian,7,5,Clear,State Highway,Under Construction,Daylight,Police Checkpost,71,65,Male,,No,Straight Road,1,15,4,2,1,0,2,2,0,2,7,0,0,7.27,18.12213,78.45918,NH44_Nagpur_Hyderabad,Telangana
Madhya Pradesh,Unknown,2023,August,Wednesday,0:54,Fatal,1,Car,10,1,Stormy,National Highway,Damaged,Dusk,,90,64,Female,Expired,No,Bridge,3,0,8,2,0,4,0,3,0,1,10,0,0,5.76,24.11451,73.41424,NH48_Delhi_Mumbai,Rajasthan / Gujarat
Chandigarh,Unknown,2019,March,Friday,15:42,Serious,2,Bus,8,0,Stormy,Village Road,Wet,Daylight,Signals,83,31,Female,Expired,No,Curve,2,15,3,4,3,4,3,2,0,2,8,0,0,3.64,18.49501,73.8552,NH9_Pune_Hyderabad,Maharashtra / Telangana
Uttar Pradesh,Varanasi,2018,May,Sunday,10:53,Minor,3,Two-Wheeler,2,1,Hazy,National Highway,Under Construction,Dusk,,33,24,Female,Valid,Yes,Straight Road,1,10,5,6,0,2,2,3,1,3,2,0,0,2.73,17.39962,78.49258,NH9_Pune_Hyderabad,Maharashtra / Telangana
Gujarat,Surat,2019,March,Thursday,15:1,Fatal,2,Car,7,0,Stormy,State Highway,Under Construction,Dawn,Signs,69,51,Female,Valid,No,Bridge,3,15,3,3,1,4,2,1,0,2,7,0,0,3.94,18.59478,78.29157,NH44_Nagpur_Hyderabad,Telangana
Uttar Pradesh,Lucknow,2022,November,Tuesday,9:25,Fatal,1,Bus,0,3,Clear,National Highway,Under Construction,Dark,Signals,53,63,Male,Valid,No,Straight Road,3,9,11,1,0,0,2,0,0,1,0,0,0,4.55,26.23041,78.42739,NH44_Agra_Nagpur,Madhya Pradesh
Maharashtra,Mumbai,2020,July,Saturday,23:21,Serious,5,Bus,6,2,Hazy,Urban Road,Damaged,Dawn,Signs,82,68,Female,Valid,No,Curve,2,23,7,5,2,2,0,1,0,5,6,0,0,4.85,27.86551,77.41212,NH44_Delhi_Agra,Uttar Pradesh
Odisha,Unknown,2018,July,Thursday,12:1,Minor,3,Auto-Rickshaw,7,2,Stormy,State Highway,Damaged,Dark,Signs,79,41,Male,Valid,Yes,Curve,1,12,7,3,1,4,0,0,1,3,7,0,0,5.15,17.85141,74.82309,NH9_Pune_Hyderabad,Maharashtra / Telangana
Telangana,Unknown,2023,August,Saturday,17:37,Minor,2,Pedestrian,8,3,Stormy,National Highway,Dry,Dawn,,30,40,Male,,Yes,Bridge,1,17,8,5,0,4,1,1,1,2,8,0,0,6.36,28.5821,77.22968,NH48_Delhi_Mumbai,Rajasthan / Gujarat
West Bengal,Durgapur,2023,February,Sunday,11:2,Serious,3,Cycle,9,5,Hazy,Village Road,Damaged,Dark,,106,25,Female,Expired,Yes,Straight Road,2,11,2,6,3,2,0,0,1,3,9,0,0,9.09,32.25267,74.89805,NH44_North,Jammu & Kashmir
Kerala,Unknown,2019,January,Tuesday,16:3,Fatal,2,Car,3,1,Foggy,State Highway,Damaged,Dawn,,102,32,Female,Expired,No,Bridge,3,16,1,1,1,1,0,1,0,2,3,0,0,3.64,25.4171,89.82278,NH27_East_West,Rajasthan / MP / UP
Assam,Unknown,2020,July,Thursday,19:18,Minor,2,Car,1,5,Foggy,National Highway,Under Construction,Dawn,,48,69,Female,Expired,No,Curve,1,19,7,3,0,1,2,1,0,2,1,0,0,5.45,12.19463,79.24213,NH44_Bangalore_Chennai,Tamil Nadu
Nagaland,Unknown,2018,June,Saturday,17:43,Minor,5,Truck,5,3,Foggy,Urban Road,Under Construction,Dusk,Police Checkpost,32,65,Male,Valid,No,Intersection,1,17,6,5,2,1,2,3,0,5,5,0,0,4.85,20.08855,73.42056,NH48_Delhi_Mumbai,Rajasthan / Gujarat
Meghalaya,Unknown,2022,February,Monday,6:20,Serious,1,Truck,4,1,Hazy,Urban Road,Under Construction,Dusk,Signs,59,60,Male,Valid,No,Straight Road,2,6,2,0,2,2,2,3,0,1,4,0,0,3.33,20.42812,86.20388,NH16_Kolkata_Chennai,Odisha / Andhra Pradesh
Chhattisgarh,Unknown,2022,February,Wednesday,17:8,Fatal,2,Truck,5,5,Rainy,National Highway,Under Construction,Daylight,,88,53,Female,Expired,No,Bridge,3,17,2,2,0,3,2,2,0,2,5,0,0,7.88,34.14973,74.78455,NH44_North,Jammu & Kashmir
Gujarat,Surat,2022,July,Tuesday,20:19,Serious,5,Auto-Rickshaw,2,2,Foggy,Village Road,Damaged,Dusk,Signs,83,56,Male,Valid,No,Intersection,2,20,7,1,3,1,0,3,0,5,2,0,0,3.64,34.10181,74.8223,NH44_North,Jammu & Kashmir
West Bengal,Kolkata,2020,April,Friday,7:58,Minor,2,Auto-Rickshaw,2,5,Clear,State Highway,Under Construction,Dawn,,58,47,Female,Valid,No,Bridge,1,7,4,4,1,0,2,1,0,2,2,0,0,5.76,27.30199,82.41989,NH27_East_West,Rajasthan / MP / UP
West Bengal,Kolkata,2018,December,Sunday,7:46,Serious,5,Cycle,2,5,Rainy,Village Road,Damaged,Dark,Signals,30,20,Male,Valid,Yes,Straight Road,2,7,12,6,3,3,0,0,1,5,2,0,0,6.97,13.61575,79.3869,NH16_Kolkata_Chennai,Odisha / Andhra Pradesh
Tripura,Unknown,2022,February,Sunday,10:52,Serious,1,Truck,8,1,Foggy,National Highway,Damaged,Dawn,Signs,104,42,Male,Valid,No,Curve,2,10,2,6,0,1,0,1,0,1,8,0,0,4.55,23.00552,83.47469,NH30_Patna_Visakhapatnam,Chhattisgarh
Karnataka,Bangalore,2021,February,Wednesday,22:36,Minor,3,Truck,1,5,Rainy,Urban Road,Under Construction,Dark,Police Checkpost,93,44,Male,,Yes,Intersection,1,22,2,2,2,3,2,0,1,3,1,0,0,6.06,24.27577,92.9381,NH27_East_West,Rajasthan / MP / UP
West Bengal,Durgapur,2021,November,Friday,9:4,Minor,3,Auto-Rickshaw,4,4,Foggy,State Highway,Damaged,Dark,Signs,82,53,Male,,No,Intersection,1,9,11,4,1,1,0,0,0,3,4,0,0,5.45,24.16971,92.99973,NH27_East_West,Rajasthan / MP / UP
Chhattisgarh,Unknown,2020,January,Tuesday,19:34,Fatal,5,Cycle,0,2,Rainy,Village Road,Wet,Daylight,Signs,82,48,Male,Valid,Yes,Curve,3,19,1,1,3,3,3,2,1,5,0,0,0,4.24,20.48556,86.27733,NH16_Kolkata_Chennai,Odisha / Andhra Pradesh
Himachal Pradesh,Unknown,2019,October,Wednesday,5:0,Serious,2,Car,2,5,Stormy,Village Road,Under Construction,Daylight,Signs,108,37,Female,,Yes,Intersection,2,5,10,2,3,4,2,2,1,2,2,0,0,6.97,12.52141,79.48273,NH44_Bangalore_Chennai,Tamil Nadu
Gujarat,Ahmedabad,2023,May,Sunday,4:33,Minor,4,Auto-Rickshaw,9,4,Hazy,National Highway,Dry,Dusk,,41,49,Female,Valid,No,Curve,1,4,5,6,0,2,1,3,0,4,9,0,0,6.97,19.70128,73.2586,NH48_Delhi_Mumbai,Rajasthan / Gujarat
Gujarat,Ahmedabad,2019,December,Wednesday,0:26,Fatal,4,Two-Wheeler,3,5,Rainy,State Highway,Wet,Dusk,,61,51,Female,,No,Intersection,3,0,12,2,1,3,3,3,0,4,3,0,0,7.27,8.29346,77.28683,NH66_West_Coast,Maharashtra / Kerala
Uttar Pradesh,Kanpur,2018,May,Thursday,18:57,Minor,2,Two-Wheeler,6,2,Rainy,National Highway,Wet,Dusk,,109,30,Male,Valid,No,Bridge,1,18,5,3,0,3,3,3,0,2,6,0,0,4.24,19.18849,78.6105,NH44_Nagpur_Hyderabad,Telangana
Odisha,Unknown,2022,August,Tuesday,22:43,Fatal,4,Two-Wheeler,1,3,Foggy,National Highway,Under Construction,Daylight,,30,57,Male,Expired,No,Curve,3,22,8,1,0,1,2,2,0,4,1,0,0,4.85,21.60586,69.55203,NH27_East_West,Rajasthan / MP / UP
Uttarakhand,Unknown,2022,May,Sunday,9:10,Minor,5,Auto-Rickshaw,1,4,Hazy,State Highway,Damaged,Dawn,Police Checkpost,114,25,Female,,Yes,Straight Road,1,9,5,6,1,2,0,1,1,5,1,0,0,5.15,17.28757,76.19042,NH9_Pune_Hyderabad,Maharashtra / Telangana
Chhattisgarh,Unknown,2021,April,Saturday,5:38,Serious,4,Pedestrian,6,4,Foggy,State Highway,Dry,Dusk,Signals,37,22,Male,Valid,Yes,Intersection,2,5,4,5,1,1,1,3,1,4,6,0,0,7.27,16.15463,77.2896,NH44_Hyderabad_Bangalore,Karnataka
Karnataka,Mangalore,2020,October,Thursday,20:21,Serious,2,Bus,1,5,Hazy,State Highway,Under Construction,Dark,Signs,50,44,Male,Expired,No,Straight Road,2,20,10,3,1,2,2,0,0,2,1,0,0,6.06,18.54088,73.79578,NH9_Pune_Hyderabad,Maharashtra / Telangana
Uttarakhand,Unknown,2022,February,Sunday,0:35,Serious,1,Car,8,1,Stormy,National Highway,Wet,Dark,Police Checkpost,89,20,Male,,No,Intersection,2,0,2,6,0,4,3,0,0,1,8,0,0,4.55,23.47966,79.3563,NH44_Agra_Nagpur,Madhya Pradesh
Arunachal Pradesh,Unknown,2023,February,Friday,22:31,Fatal,2,Two-Wheeler,9,2,Rainy,State Highway,Under Construction,Daylight,Police Checkpost,117,59,Male,,Yes,Bridge,3,22,2,4,1,3,2,2,1,2,9,0,0,6.97,28.05331,76.84575,NH48_Delhi_Mumbai,Rajasthan / Gujarat
West Bengal,Siliguri,2022,November,Tuesday,0:24,Fatal,5,Cycle,7,4,Rainy,State Highway,Wet,Dawn,Signs,45,56,Female,,No,Bridge,3,0,11,1,1,3,3,1,0,5,7,0,0,7.58,12.68087,77.89727,NH44_Bangalore_Chennai,Tamil Nadu
Chhattisgarh,Unknown,2018,April,Monday,7:9,Serious,3,Two-Wheeler,8,3,Foggy,State Highway,Dry,Dawn,,70,62,Female,Valid,Yes,Bridge,2,7,4,0,1,1,1,1,1,3,8,0,0,6.97,21.07753,79.08815,NH44_Nagpur_Hyderabad,Telangana
Haryana,Unknown,2021,August,Sunday,8:33,Fatal,1,Two-Wheeler,6,4,Hazy,State Highway,Dry,Dark,Signals,60,56,Female,,No,Intersection,3,8,8,6,1,2,1,0,0,1,6,0,0,7.27,22.33295,79.17189,NH44_Agra_Nagpur,Madhya Pradesh
Andhra Pradesh,Vijayawada,2022,January,Monday,7:51,Minor,1,Pedestrian,0,0,Clear,National Highway,Dry,Dawn,,95,51,Female,Expired,No,Bridge,1,7,1,0,0,0,1,1,0,1,0,0,0,0.61,19.08196,72.87823,NH48_Mumbai_Bangalore,Maharashtra / Karnataka
Assam,Unknown,2023,June,Saturday,6:10,Fatal,2,Bus,6,0,Clear,Urban Road,Dry,Dusk,Signals,31,54,Female,Expired,No,Straight Road,3,6,6,5,2,0,1,3,0,2,6,0,0,3.64,16.08716,74.52222,NH48_Mumbai_Bangalore,Maharashtra / Karnataka
Himachal Pradesh,Unknown,2018,October,Saturday,10:6,Minor,1,Cycle,6,3,Foggy,Village Road,Damaged,Dawn,,85,55,Male,Valid,No,Intersection,1,10,10,5,3,1,0,1,0,1,6,0,0,5.15,25.25236,74.58427,NH48_Delhi_Mumbai,Rajasthan / Gujarat
Odisha,Unknown,2019,June,Thursday,21:56,Fatal,5,Two-Wheeler,2,3,Hazy,Village Road,Dry,Daylight,Police Checkpost,110,48,Male,Valid,Yes,Curve,3,21,6,3,3,2,1,2,1,5,2,0,0,5.76,23.01065,87.03798,NH19_Delhi_Kolkata,Uttar Pradesh / Bihar
Telangana,Unknown,2019,August,Saturday,10:54,Serious,3,Bus,3,2,Foggy,National Highway,Wet,Dawn,Signs,90,66,Male,Valid,No,Intersection,2,10,8,5,0,1,3,1,0,3,3,0,0,3.94,17.35431,78.4204,NH44_Nagpur_Hyderabad,Telangana
Uttarakhand,Unknown,2021,February,Thursday,20:23,Serious,1,Auto-Rickshaw,5,0,Foggy,Urban Road,Wet,Dark,,61,35,Male,Expired,No,Straight Road,2,20,2,3,2,1,3,0,0,1,5,0,0,2.73,19.14524,72.87279,NH48_Mumbai_Bangalore,Maharashtra / Karnataka
Goa,Unknown,2018,February,Saturday,15:1,Fatal,3,Auto-Rickshaw,0,4,Clear,Village Road,Damaged,Dawn,,35,23,Female,,Yes,Curve,3,15,2,5,3,0,0,1,1,3,0,0,0,6.06,14.85782,76.47516,NH44_Hyderabad_Bangalore,Karnataka
Chandigarh,Unknown,2023,August,Wednesday,17:55,Fatal,4,Auto-Rickshaw,2,5,Rainy,Village Road,Damaged,Dusk,Police Checkpost,85,65,Male,Valid,No,Straight Road,3,17,8,2,3,3,0,3,0,4,2,0,0,6.97,18.52839,73.86412,NH9_Pune_Hyderabad,Maharashtra / Telangana
Assam,Unknown,2023,April,Sunday,5:27,Fatal,2,Pedestrian,0,0,Stormy,State Highway,Wet,Daylight,Signals,99,59,Female,Valid,No,Intersection,3,5,4,6,1,4,3,2,0,2,0,0,0,1.82,22.95822,80.43991,NH7_Varanasi_Kanyakumari,MP / Karnataka / TN
Odisha,Unknown,2018,May,Wednesday,0:29,Serious,3,Pedestrian,0,3,Hazy,Urban Road,Wet,Dusk,,30,41,Female,,No,Intersection,2,0,5,2,2,2,3,3,0,3,0,0,0,3.94,31.82973,77.46395,NH22_Shimla_Manali,Himachal Pradesh
Mizoram,Unknown,2018,June,Friday,16:53,Serious,4,Truck,0,2,Hazy,Village Road,Dry,Dark,,97,68,Male,,Yes,Intersection,2,16,6,4,3,2,1,0,1,4,0,0,0,3.64,13.5162,77.39586,NH7_Varanasi_Kanyakumari,MP / Karnataka / TN
Gujarat,Vadodara,2023,March,Wednesday,13:40,Fatal,3,Truck,2,3,Foggy,Urban Road,Wet,Dawn,Signs,105,59,Male,Expired,No,Intersection,3,13,3,2,2,1,3,1,0,3,2,0,0,5.15,17.72261,78.51661,NH44_Nagpur_Hyderabad,Telangana
Meghalaya,Unknown,2018,April,Tuesday,2:42,Serious,5,Auto-Rickshaw,6,2,Hazy,State Highway,Under Construction,Dawn,Signs,94,45,Female,Expired,Yes,Straight Road,2,2,4,1,1,2,2,1,1,5,6,0,0,5.45,22.28316,70.28281,NH27_East_West,Rajasthan / MP / UP
Karnataka,Mysore,2019,October,Monday,5:10,Minor,4,Bus,10,2,Stormy,Village Road,Wet,Dark,,44,42,Female,,Yes,Bridge,1,5,10,0,3,4,3,0,1,4,10,0,0,6.06,23.43633,79.3161,NH44_Agra_Nagpur,Madhya Pradesh
Uttarakhand,Unknown,2020,April,Saturday,16:57,Minor,3,Bus,6,2,Clear,State Highway,Wet,Dark,Police Checkpost,66,25,Female,Expired,Yes,Straight Road,1,16,4,5,1,0,3,0,1,3,6,0,0,4.85,24.19987,84.24961,NH30_Patna_Visakhapatnam,Chhattisgarh
Delhi,Dwarka,2018,January,Tuesday,4:43,Serious,5,Two-Wheeler,1,4,Rainy,State Highway,Under Construction,Dusk,,77,63,Female,,Yes,Intersection,2,4,1,1,1,3,2,3,1,5,1,0,0,5.76,27.18021,77.98676,NH44_Delhi_Agra,Uttar Pradesh
Jharkhand,Unknown,2022,April,Thursday,0:43,Fatal,4,Cycle,10,3,Clear,State Highway,Dry,Dark,Police Checkpost,38,57,Female,,Yes,Straight Road,3,0,4,3,1,0,1,0,1,4,10,0,0,8.18,13.03013,77.52387,NH48_Mumbai_Bangalore,Maharashtra / Karnataka
Assam,Unknown,2020,April,Saturday,19:42,Minor,1,Car,3,2,Clear,Village Road,Damaged,Dark,Signals,43,60,Female,,No,Straight Road,1,19,4,5,3,0,0,0,0,1,3,0,0,3.33,26.16908,91.71194,NH52_Barasat_Guwahati,West Bengal / Assam
Jammu and Kashmir,Unknown,2023,February,Saturday,9:18,Fatal,1,Cycle,3,1,Clear,National Highway,Dry,Dusk,Signals,41,62,Male,,No,Bridge,3,9,2,5,0,0,1,3,0,1,3,0,0,3.64,23.46872,79.27927,NH44_Agra_Nagpur,Madhya Pradesh
Punjab,Unknown,2018,April,Tuesday,15:40,Serious,5,Car,1,3,Stormy,National Highway,Dry,Dark,Police Checkpost,30,49,Female,,No,Curve,2,15,4,1,0,4,1,0,0,5,1,0,0,4.24,32.88846,75.13919,NH44_North,Jammu & Kashmir
Jammu and Kashmir,Unknown,2023,December,Friday,17:12,Fatal,5,Cycle,10,3,Rainy,Urban Road,Under Construction,Dark,Signals,68,61,Female,Expired,Yes,Intersection,3,17,12,4,2,3,2,0,1,5,10,0,0,8.18,12.9138,79.83621,NH44_Bangalore_Chennai,Tamil Nadu
Gujarat,Vadodara,2018,August,Thursday,9:3,Minor,4,Pedestrian,10,0,Foggy,National Highway,Dry,Dawn,Signals,74,21,Female,Expired,No,Bridge,1,9,8,3,0,1,1,1,0,4,10,0,0,3.64,17.39288,73.41321,NH48_Mumbai_Bangalore,Maharashtra / Karnataka
Maharashtra,Nagpur,2019,June,Monday,16:44,Minor,2,Car,5,5,Hazy,State Highway,Under Construction,Dawn,Signals,101,45,Female,,Yes,Bridge,1,16,6,0,1,2,2,1,1,2,5,0,0,7.27,28.00624,76.90765,NH48_Delhi_Mumbai,Rajasthan / Gujarat
Manipur,Unknown,2020,May,Sunday,8:53,Minor,5,Two-Wheeler,10,1,Hazy,Urban Road,Wet,Daylight,Signals,33,24,Female,Valid,Yes,Bridge,1,8,5,6,2,2,3,2,1,5,10,0,0,5.15,9.90604,77.39175,NH7_Varanasi_Kanyakumari,MP / Karnataka / TN
Maharashtra,Nagpur,2023,May,Wednesday,12:2,Fatal,4,Two-Wheeler,7,1,Hazy,Urban Road,Under Construction,Dusk,Signs,57,49,Female,Expired,No,Straight Road,3,12,5,2,2,2,2,3,0,4,7,0,0,4.85,19.22546,72.92798,NH48_Delhi_Mumbai,Rajasthan / Gujarat
Chandigarh,Unknown,2020,October,Wednesday,17:6,Minor,1,Car,1,1,Rainy,Village Road,Damaged,Dusk,,43,60,Male,Expired,Yes,Curve,1,17,10,2,3,3,0,3,1,1,1,0,0,2.42,33.06332,75.55696,NH44_North,Jammu & Kashmir
Madhya Pradesh,Unknown,2022,July,Sunday,2:57,Minor,1,Car,8,2,Hazy,Urban Road,Dry,Dawn,Signs,81,18,Female,Expired,Yes,Intersection,1,2,7,6,2,2,1,1,1,1,8,0,0,5.45,22.52626,88.3159,NH16_Kolkata_Chennai,Odisha / Andhra Pradesh
Bihar,Unknown,2023,March,Monday,3:27,Fatal,4,Bus,1,1,Hazy,Village Road,Dry,Dusk,Signals,67,63,Female,Expired,No,Bridge,3,3,3,0,3,2,1,3,0,4,1,0,0,3.03,18.06614,78.4116,NH44_Nagpur_Hyderabad,Telangana
Tripura,Unknown,2022,February,Saturday,2:35,Fatal,4,Cycle,6,0,Foggy,State Highway,Under Construction,Dusk,Signals,98,64,Female,Expired,Yes,Curve,3,2,2,5,1,1,2,3,1,4,6,0,0,4.24,25.39868,83.04031,NH7_Varanasi_Kanyakumari,MP / Karnataka / TN
Madhya Pradesh,Unknown,2018,October,Tuesday,11:17,Serious,2,Bus,4,3,Clear,Village Road,Under Construction,Daylight,Signs,73,18,Female,Expired,No,Curve,2,11,10,1,3,0,2,2,0,2,4,0,0,5.15,24.26621,75.81268,NH27_East_West,Rajasthan / MP / UP
Jharkhand,Unknown,2021,November,Tuesday,23:18,Minor,2,Bus,3,0,Stormy,Village Road,Dry,Dusk,,95,36,Male,Expired,Yes,Intersection,1,23,11,1,3,4,1,3,1,2,3,0,0,2.12,23.0231,71.16602,NH27_East_West,Rajasthan / MP / UP
Assam,Unknown,2022,May,Saturday,12:31,Minor,2,Bus,4,4,Stormy,Urban Road,Damaged,Dark,,82,27,Female,,Yes,Bridge,1,12,5,5,2,4,0,0,1,2,4,0,0,6.06,27.62318,77.5356,NH44_Delhi_Agra,Uttar Pradesh
Punjab,Unknown,2018,August,Sunday,14:45,Serious,1,Cycle,3,1,Rainy,Village Road,Wet,Daylight,Signals,74,57,Male,Expired,No,Curve,2,14,8,6,3,3,3,2,0,1,3,0,0,3.03,21.87238,80.1777,NH7_Varanasi_Kanyakumari,MP / Karnataka / TN
Nagaland,Unknown,2018,July,Friday,9:17,Fatal,3,Auto-Rickshaw,7,3,Stormy,Urban Road,Damaged,Dawn,Signs,47,37,Male,Valid,No,Curve,3,9,7,4,2,4,0,1,0,3,7,0,0,6.67,25.31348,83.00205,NH19_Delhi_Kolkata,Uttar Pradesh / Bihar
Uttar Pradesh,Lucknow,2020,April,Saturday,1:29,Minor,4,Car,5,3,Clear,National Highway,Damaged,Daylight,,36,34,Female,Expired,No,Curve,1,1,4,5,0,0,0,2,0,4,5,0,0,4.85,13.89222,75.58591,NH48_Mumbai_Bangalore,Maharashtra / Karnataka
Gujarat,Ahmedabad,2022,August,Sunday,12:26,Serious,1,Two-Wheeler,3,3,Rainy,State Highway,Under Construction,Daylight,Signs,59,55,Female,Expired,Yes,Bridge,2,12,8,6,1,3,2,2,1,1,3,0,0,5.45,27.11214,78.00568,NH44_Delhi_Agra,Uttar Pradesh
Tripura,Unknown,2020,August,Monday,16:40,Serious,5,Cycle,10,5,Rainy,National Highway,Dry,Dusk,Police Checkpost,37,40,Female,Expired,No,Straight Road,2,16,8,0,0,3,1,3,0,5,10,0,0,8.79,24.89822,83.82881,NH19_Delhi_Kolkata,Uttar Pradesh / Bihar
Assam,Unknown,2020,February,Saturday,12:7,Minor,2,Car,1,2,Stormy,Village Road,Damaged,Dusk,,73,61,Female,,Yes,Curve,1,12,2,5,3,4,0,3,1,2,1,0,0,3.33,27.2422,77.99641,NH44_Delhi_Agra,Uttar Pradesh
Karnataka,Mysore,2020,December,Tuesday,12:46,Fatal,2,Car,9,0,Foggy,Urban Road,Dry,Dusk,,60,58,Male,Expired,Yes,Straight Road,3,12,12,1,2,1,1,3,1,2,9,0,0,5.15,17.35557,73.44034,NH48_Mumbai_Bangalore,Maharashtra / Karnataka
Telangana,Unknown,2023,September,Sunday,13:12,Minor,1,Car,6,3,Stormy,State Highway,Dry,Dawn,Signs,84,52,Male,Expired,No,Bridge,1,13,9,6,1,4,1,1,0,1,6,0,0,5.15,19.11957,72.92189,NH48_Mumbai_Bangalore,Maharashtra / Karnataka
Tripura,Unknown,2020,December,Sunday,10:51,Fatal,4,Auto-Rickshaw,4,4,Clear,State Highway,Dry,Daylight,Signs,100,62,Male,,No,Intersection,3,10,12,6,1,0,1,2,0,4,4,0,0,6.67,19.14057,72.93375,NH48_Mumbai_Bangalore,Maharashtra / Karnataka
Andhra Pradesh,Tirupati,2019,August,Saturday,6:11,Serious,4,Cycle,5,3,Rainy,State Highway,Wet,Dusk,,98,44,Male,,No,Intersection,2,6,8,5,1,3,3,3,0,4,5,0,0,5.45,26.14845,78.47256,NH44_Agra_Nagpur,Madhya Pradesh
Kerala,Unknown,2022,April,Monday,5:20,Minor,3,Two-Wheeler,10,3,Clear,Urban Road,Under Construction,Dusk,,86,30,Male,Expired,Yes,Curve,1,5,4,0,2,0,2,3,1,3,10,0,0,6.97,12.85996,79.90143,NH44_Bangalore_Chennai,Tamil Nadu
Jammu and Kashmir,Unknown,2019,March,Sunday,7:50,Serious,1,Car,0,0,Hazy,National Highway,Dry,Daylight,Police Checkpost,50,20,Male,Expired,Yes,Bridge,2,7,3,6,0,2,1,2,1,1,0,0,0,1.82,12.31446,78.06954,NH44_Bangalore_Chennai,Tamil Nadu
Goa,Unknown,2020,June,Sunday,15:50,Fatal,1,Auto-Rickshaw,8,5,Stormy,Village Road,Wet,Dark,Signals,49,51,Female,Valid,Yes,Curve,3,15,6,6,3,4,3,0,1,1,8,0,0,9.39,13.68685,79.45591,NH16_Kolkata_Chennai,Odisha / Andhra Pradesh
Gujarat,Vadodara,2023,August,Wednesday,10:13,Serious,4,Pedestrian,5,4,Stormy,Village Road,Wet,Daylight,Signs,102,29,Male,Valid,No,Curve,2,10,8,2,3,4,3,2,0,4,5,0,0,6.36,19.46272,81.22329,NH30_Patna_Visakhapatnam,Chhattisgarh
Uttarakhand,Unknown,2021,May,Thursday,5:29,Fatal,2,Bus,2,2,Stormy,Village Road,Damaged,Daylight,Signals,86,27,Male,Valid,Yes,Straight Road,3,5,5,3,3,4,0,2,1,2,2,0,0,4.85,23.05567,71.22177,NH27_East_West,Rajasthan / MP / UP
Meghalaya,Unknown,2019,September,Friday,20:43,Fatal,5,Bus,2,4,Hazy,National Highway,Dry,Dusk,,103,64,Male,Expired,No,Straight Road,3,20,9,4,0,2,1,3,0,5,2,0,0,6.06,25.88728,75.0384,NH48_Delhi_Mumbai,Rajasthan / Gujarat
Manipur,Unknown,2022,August,Saturday,11:22,Minor,4,Car,8,4,Foggy,Village Road,Under Construction,Dark,Signals,41,37,Male,Expired,Yes,Straight Road,1,11,8,5,3,1,2,0,1,4,8,0,0,7.27,26.11306,86.49112,NH27_East_West,Rajasthan / MP / UP
Chhattisgarh,Unknown,2020,October,Friday,18:43,Fatal,4,Auto-Rickshaw,3,5,Clear,State Highway,Damaged,Dusk,Signs,111,59,Male,Expired,No,Curve,3,18,10,4,1,0,0,3,0,4,3,0,0,7.27,13.85888,74.88081,NH66_West_Coast,Maharashtra / Kerala
Karnataka,Mysore,2022,December,Tuesday,22:37,Serious,4,Auto-Rickshaw,9,4,Stormy,Urban Road,Wet,Dusk,,92,20,Female,,No,Intersection,2,22,12,1,2,4,3,3,0,4,9,0,0,7.58,24.20881,84.59837,NH19_Delhi_Kolkata,Uttar Pradesh / Bihar
Manipur,Unknown,2021,June,Wednesday,3:40,Fatal,5,Pedestrian,4,5,Foggy,Urban Road,Under Construction,Dark,Signals,32,26,Male,Valid,Yes,Intersection,3,3,6,2,2,1,2,0,1,5,4,0,0,8.18,23.0852,72.6296,NH48_Delhi_Mumbai,Rajasthan / Gujarat
Jharkhand,Unknown,2019,October,Wednesday,8:16,Minor,1,Auto-Rickshaw,10,5,Hazy,National Highway,Under Construction,Dusk,Signs,50,61,Female,,No,Curve,1,8,10,2,0,2,2,3,0,1,10,0,0,8.18,21.90075,72.12055,NH48_Delhi_Mumbai,Rajasthan / Gujarat
Mizoram,Unknown,2021,May,Monday,3:50,Serious,3,Truck,9,5,Rainy,State Highway,Under Construction,Dusk,Signs,83,34,Female,Expired,Yes,Intersection,2,3,5,0,1,3,2,3,1,3,9,0,0,9.09,26.17684,81.47034,NH19_Delhi_Kolkata,Uttar Pradesh / Bihar
Chandigarh,Unknown,2018,October,Tuesday,18:24,Fatal,5,Two-Wheeler,5,0,Stormy,State Highway,Damaged,Dusk,,120,22,Male,Expired,No,Intersection,3,18,10,1,1,4,0,3,0,5,5,0,0,3.33,23.49133,73.27482,NH27_East_West,Rajasthan / MP / UP
Punjab,Unknown,2023,May,Friday,2:20,Minor,3,Truck,0,0,Clear,National Highway,Dry,Dusk,Signs,66,50,Male,,Yes,Intersection,1,2,5,4,0,0,1,3,1,3,0,0,0,1.21,22.98622,83.39406,NH30_Patna_Visakhapatnam,Chhattisgarh
Tripura,Unknown,2023,February,Wednesday,13:20,Serious,4,Auto-Rickshaw,0,1,Clear,Village Road,Dry,Dawn,Police Checkpost,69,24,Male,,No,Straight Road,2,13,2,2,3,0,1,1,0,4,0,0,0,2.12,23.48918,73.24043,NH27_East_West,Rajasthan / MP / UP
Telangana,Unknown,2020,June,Monday,3:19,Minor,5,Two-Wheeler,10,1,Stormy,Urban Road,Damaged,Dusk,,73,50,Male,,Yes,Curve,1,3,6,0,2,4,0,3,1,5,10,0,0,5.15,13.10932,80.31717,NH16_Kolkata_Chennai,Odisha / Andhra Pradesh
Karnataka,Mangalore,2022,June,Sunday,17:25,Fatal,3,Bus,8,4,Rainy,National Highway,Wet,Daylight,,86,37,Male,,No,Curve,3,17,6,6,0,3,3,2,0,3,8,0,0,7.88,32.02877,77.14014,NH22_Shimla_Manali,Himachal Pradesh
Madhya Pradesh,Unknown,2023,July,Monday,21:40,Fatal,4,Cycle,3,1,Rainy,State Highway,Wet,Dusk,,81,45,Female,Expired,No,Intersection,3,21,7,0,1,3,3,3,0,4,3,0,0,3.64,28.36787,77.11852,NH44_Delhi_Agra,Uttar Pradesh
Chandigarh,Unknown,2020,May,Sunday,17:9,Minor,2,Bus,10,0,Rainy,National Highway,Under Construction,Dark,,61,47,Female,Valid,No,Bridge,1,17,5,6,0,3,2,0,0,2,10,0,0,3.64,24.30213,75.8584,NH27_East_West,Rajasthan / MP / UP
Tamil Nadu,Chennai,2019,May,Friday,22:3,Minor,3,Bus,10,4,Hazy,National Highway,Wet,Daylight,,35,31,Female,Valid,No,Intersection,1,22,5,4,0,2,3,2,0,3,10,0,0,7.27,19.03914,72.93408,NH48_Delhi_Mumbai,Rajasthan / Gujarat
Delhi,Rohini,2019,April,Monday,16:44,Fatal,5,Bus,7,3,Stormy,State Highway,Under Construction,Daylight,,77,63,Male,Expired,No,Intersection,3,16,4,0,1,4,2,2,0,5,7,0,0,6.67,24.85868,89.81769,NH52_Barasat_Guwahati,West Bengal / Assam
Chhattisgarh,Unknown,2018,October,Wednesday,10:18,Fatal,1,Bus,1,2,Clear,Urban Road,Wet,Daylight,Police Checkpost,119,49,Female,Expired,No,Bridge,3,10,10,2,2,0,3,2,0,1,1,0,0,3.94,22.26271,82.95182,NH30_Patna_Visakhapatnam,Chhattisgarh
Puducherry,Unknown,2022,February,Wednesday,4:31,Serious,5,Cycle,10,5,Hazy,Urban Road,Under Construction,Dark,Police Checkpost,30,39,Male,Valid,No,Bridge,2,4,2,2,2,2,2,0,0,5,10,0,0,8.79,12.31052,78.10973,NH44_Bangalore_Chennai,Tamil Nadu
West Bengal,Kolkata,2018,June,Saturday,20:12,Serious,1,Bus,0,3,Rainy,State Highway,Under Construction,Dawn,Police Checkpost,88,53,Male,Expired,Yes,Intersection,2,20,6,5,1,3,2,1,1,1,0,0,0,4.55,24.82263,89.82245,NH52_Barasat_Guwahati,West Bengal / Assam
Tamil Nadu,Chennai,2023,November,Thursday,21:27,Serious,5,Two-Wheeler,10,1,Rainy,Urban Road,Under Construction,Dawn,Signals,80,32,Male,,Yes,Intersection,2,21,11,3,2,3,2,1,1,5,10,0,0,5.76,19.10135,72.84025,NH48_Mumbai_Bangalore,Maharashtra / Karnataka
Punjab,Unknown,2019,May,Tuesday,22:18,Minor,5,Pedestrian,4,4,Stormy,Village Road,Wet,Dawn,Signs,49,57,Female,Expired,Yes,Intersection,1,22,5,1,3,4,3,1,1,5,4,0,0,6.06,20.0646,73.45997,NH48_Delhi_Mumbai,Rajasthan / Gujarat
Karnataka,Bangalore,2020,May,Thursday,6:49,Serious,2,Cycle,8,2,Rainy,Urban Road,Wet,Daylight,Signs,96,43,Male,Valid,Yes,Intersection,2,6,5,3,2,3,3,2,1,2,8,0,0,6.06,23.5857,85.29978,NH19_Delhi_Kolkata,Uttar Pradesh / Bihar
Nagaland,Unknown,2020,November,Sunday,20:49,Serious,3,Cycle,0,4,Foggy,National Highway,Dry,Daylight,Police Checkpost,79,54,Female,Expired,Yes,Intersection,2,20,11,6,0,1,1,2,1,3,0,0,0,5.45,27.61608,77.62145,NH44_Delhi_Agra,Uttar Pradesh
Maharashtra,Nagpur,2019,July,Monday,20:4,Fatal,3,Pedestrian,2,2,Clear,National Highway,Wet,Dark,Signals,35,55,Male,Valid,Yes,Bridge,3,20,7,0,0,0,3,0,1,3,2,0,0,4.85,17.46354,75.5217,NH9_Pune_Hyderabad,Maharashtra / Telangana
Meghalaya,Unknown,2022,October,Thursday,4:47,Fatal,5,Bus,10,2,Clear,Urban Road,Damaged,Dawn,Police Checkpost,95,18,Female,,Yes,Curve,3,4,10,3,2,0,0,1,1,5,10,0,0,7.27,26.80535,80.90523,NH27_East_West,Rajasthan / MP / UP
Karnataka,Mangalore,2023,June,Sunday,23:33,Serious,3,Two-Wheeler,5,3,Rainy,National Highway,Wet,Dark,Signals,31,42,Female,Valid,No,Straight Road,2,23,6,6,0,3,3,0,0,3,5,0,0,5.45,21.1568,79.14516,NH7_Varanasi_Kanyakumari,MP / Karnataka / TN
Haryana,Unknown,2023,August,Sunday,6:1,Minor,1,Cycle,9,0,Foggy,Urban Road,Dry,Dusk,Signs,70,50,Female,,No,Curve,1,6,8,6,2,1,1,3,0,1,9,0,0,3.33,27.88722,77.3941,NH44_Delhi_Agra,Uttar Pradesh
Tamil Nadu,Madurai,2018,January,Friday,22:19,Minor,1,Truck,9,1,Hazy,State Highway,Damaged,Daylight,Signals,55,67,Male,,No,Straight Road,1,22,1,4,1,2,0,2,0,1,9,0,0,4.24,25.18776,74.56356,NH48_Delhi_Mumbai,Rajasthan / Gujarat
Sikkim,Unknown,2022,September,Thursday,22:7,Serious,2,Car,0,5,Foggy,State Highway,Wet,Dark,,107,45,Female,Valid,No,Bridge,2,22,9,3,1,1,3,0,0,2,0,0,0,5.76,19.62123,73.21445,NH48_Delhi_Mumbai,Rajasthan / Gujarat
Bihar,Unknown,2021,June,Tuesday,6:44,Fatal,5,Car,10,4,Stormy,State Highway,Under Construction,Dark,,44,34,Male,Valid,No,Curve,3,6,6,1,1,4,2,0,0,5,10,0,0,8.48,19.90374,78.77005,NH44_Nagpur_Hyderabad,Telangana
Odisha,Unknown,2019,September,Friday,8:19,Serious,2,Two-Wheeler,4,4,Stormy,Village Road,Damaged,Dark,Signals,68,43,Male,Expired,Yes,Curve,2,8,9,4,3,4,0,0,1,2,4,0,0,6.67,12.13739,78.42393,NH44_Bangalore_Chennai,Tamil Nadu
Telangana,Unknown,2019,July,Friday,20:20,Serious,1,Car,1,5,Hazy,Urban Road,Wet,Dawn,Signs,53,18,Female,Valid,No,Intersection,2,20,7,4,2,2,3,1,0,1,1,0,0,6.06,25.46616,78.62997,NH44_Agra_Nagpur,Madhya Pradesh
Andhra Pradesh,Visakhapatnam,2021,December,Thursday,7:47,Minor,4,Bus,5,4,Clear,State Highway,Under Construction,Dawn,Police Checkpost,119,29,Male,,No,Curve,1,7,12,3,1,0,2,1,0,4,5,0,0,5.76,10.18168,76.81758,NH66_West_Coast,Maharashtra / Kerala
Chhattisgarh,Unknown,2019,May,Friday,0:21,Minor,4,Auto-Rickshaw,0,2,Foggy,Village Road,Dry,Dusk,Police Checkpost,56,61,Female,Valid,No,Intersection,1,0,5,4,3,1,1,3,0,4,0,0,0,2.42,31.81233,77.38969,NH22_Shimla_Manali,Himachal Pradesh
Madhya Pradesh,Unknown,2019,November,Thursday,10:31,Serious,1,Car,1,0,Stormy,State Highway,Dry,Daylight,Police Checkpost,117,21,Male,Valid,No,Curve,2,10,11,3,1,4,1,2,0,1,1,0,0,1.52,28.61125,77.27694,NH48_Delhi_Mumbai,Rajasthan / Gujarat
Assam,Unknown,2021,August,Sunday,23:25,Fatal,2,Pedestrian,5,5,Rainy,State Highway,Under Construction,Daylight,,52,51,Female,Expired,No,Curve,3,23,8,6,1,3,2,2,0,2,5,0,0,7.88,20.17037,73.45162,NH48_Delhi_Mumbai,Rajasthan / Gujarat
Nagaland,Unknown,2018,March,Monday,8:16,Minor,1,Pedestrian,0,1,Foggy,National Highway,Under Construction,Dark,,53,48,Female,,Yes,Curve,1,8,3,0,0,1,2,0,1,1,0,0,0,2.12,28.54591,77.14955,NH48_Delhi_Mumbai,Rajasthan / Gujarat
Karnataka,Bangalore,2020,May,Monday,2:21,Fatal,1,Two-Wheeler,6,1,Rainy,Village Road,Wet,Daylight,Police Checkpost,54,29,Male,Expired,Yes,Straight Road,3,2,5,0,3,3,3,2,1,1,6,0,0,5.15,19.36596,84.85853,NH16_Kolkata_Chennai,Odisha / Andhra Pradesh
Chandigarh,Unknown,2021,September,Thursday,23:48,Minor,3,Truck,0,3,Clear,Urban Road,Wet,Daylight,,119,51,Male,Expired,Yes,Bridge,1,23,9,3,2,0,3,2,1,3,0,0,0,3.94,23.48766,73.26999,NH27_East_West,Rajasthan / MP / UP
Arunachal Pradesh,Unknown,2018,June,Sunday,4:11,Fatal,4,Cycle,4,1,Hazy,National Highway,Under Construction,Daylight,Police Checkpost,101,35,Male,Valid,Yes,Curve,3,4,6,6,0,2,2,2,1,4,4,0,0,4.55,21.83471,72.0882,NH48_Delhi_Mumbai,Rajasthan / Gujarat
Puducherry,Unknown,2018,July,Friday,12:56,Minor,3,Truck,0,0,Clear,National Highway,Under Construction,Dark,Police Checkpost,86,62,Female,Expired,No,Curve,1,12,7,4,0,0,2,0,0,3,0,0,0,0.61,15.83801,77.14704,NH44_Hyderabad_Bangalore,Karnataka
Gujarat,Ahmedabad,2021,June,Saturday,6:52,Fatal,5,Car,5,1,Stormy,National Highway,Under Construction,Dark,Signals,56,70,Female,,No,Bridge,3,6,6,5,0,4,2,0,0,5,5,0,0,4.24,12.94361,77.52311,NH48_Mumbai_Bangalore,Maharashtra / Karnataka
Tamil Nadu,Chennai,2022,April,Saturday,14:54,Serious,1,Truck,3,2,Hazy,Urban Road,Under Construction,Dawn,Signs,69,41,Male,Expired,Yes,Curve,2,14,4,5,2,2,2,1,1,1,3,0,0,4.55,25.82712,82.23682,NH19_Delhi_Kolkata,Uttar Pradesh / Bihar
Assam,Unknown,2022,November,Saturday,7:50,Minor,5,Two-Wheeler,8,2,Foggy,National Highway,Damaged,Daylight,,54,43,Female,,Yes,Intersection,1,7,11,5,0,1,0,2,1,5,8,0,0,5.45,32.15252,77.05438,NH22_Shimla_Manali,Himachal Pradesh
Jharkhand,Unknown,2018,March,Saturday,2:29,Serious,3,Bus,9,0,Clear,State Highway,Damaged,Dark,Signals,38,59,Female,,No,Straight Road,2,2,3,5,1,0,0,0,0,3,9,0,0,3.94,25.54276,85.07103,NH30_Patna_Visakhapatnam,Chhattisgarh
Meghalaya,Unknown,2020,February,Sunday,14:16,Serious,1,Cycle,6,5,Hazy,State Highway,Under Construction,Dark,,54,51,Male,,No,Bridge,2,14,2,6,1,2,2,0,0,1,6,0,0,7.58,10.81757,76.19381,NH66_West_Coast,Maharashtra / Kerala
Bihar,Unknown,2019,March,Tuesday,20:20,Minor,5,Car,9,1,Stormy,National Highway,Dry,Daylight,Signals,67,58,Male,Expired,Yes,Straight Road,1,20,3,1,0,4,1,2,1,5,9,0,0,4.85,26.19208,78.46859,NH44_Agra_Nagpur,Madhya Pradesh
Manipur,Unknown,2020,April,Monday,21:52,Fatal,1,Car,3,3,Clear,State Highway,Under Construction,Daylight,Police Checkpost,69,40,Male,,No,Intersection,3,21,4,0,1,0,2,2,0,1,3,0,0,5.45,19.29058,72.96576,NH48_Delhi_Mumbai,Rajasthan / Gujarat
Uttarakhand,Unknown,2019,July,Wednesday,19:50,Serious,4,Bus,4,5,Hazy,State Highway,Dry,Daylight,Police Checkpost,69,44,Female,Expired,No,Curve,2,19,7,2,1,2,1,2,0,4,4,0,0,6.97,25.84647,79.42771,NH27_East_West,Rajasthan / MP / UP
Delhi,New Delhi,2018,January,Saturday,20:38,Serious,3,Pedestrian,9,0,Clear,National Highway,Damaged,Dusk,,90,48,Male,Valid,Yes,Intersection,2,20,1,5,0,0,0,3,1,3,9,0,0,4.55,21.70493,69.55959,NH27_East_West,Rajasthan / MP / UP
Bihar,Unknown,2019,March,Saturday,6:4,Fatal,1,Two-Wheeler,5,1,Stormy,Urban Road,Under Construction,Daylight,Signs,35,62,Female,Valid,No,Intersection,3,6,3,5,2,4,2,2,0,1,5,0,0,4.24,18.27165,74.17327,NH9_Pune_Hyderabad,Maharashtra / Telangana
Tripura,Unknown,2019,September,Friday,7:15,Minor,1,Car,10,1,Rainy,National Highway,Under Construction,Dawn,Signs,118,44,Female,Expired,No,Curve,1,7,9,4,0,3,2,1,0,1,10,0,0,4.55,27.41097,77.71003,NH44_Delhi_Agra,Uttar Pradesh
Haryana,Unknown,2023,September,Wednesday,2:36,Serious,2,Truck,9,0,Rainy,Urban Road,Dry,Dawn,,75,61,Male,,No,Bridge,2,2,9,2,2,3,1,1,0,2,9,0,0,3.94,13.17462,77.40404,NH48_Mumbai_Bangalore,Maharashtra / Karnataka
Telangana,Unknown,2019,October,Thursday,20:47,Minor,2,Pedestrian,1,2,Hazy,Urban Road,Under Construction,Dawn,,116,62,Male,Expired,Yes,Curve,1,20,10,3,2,2,2,1,1,2,1,0,0,3.33,23.48367,79.30021,NH44_Agra_Nagpur,Madhya Pradesh
Rajasthan,Udaipur,2018,August,Saturday,14:14,Serious,3,Auto-Rickshaw,3,0,Stormy,Village Road,Dry,Dusk,Signals,120,51,Female,Valid,Yes,Bridge,2,14,8,5,3,4,1,3,1,3,3,0,0,2.73,15.93155,80.23035,NH16_Kolkata_Chennai,Odisha / Andhra Pradesh
Puducherry,Unknown,2019,December,Wednesday,15:21,Minor,1,Bus,3,1,Hazy,National Highway,Dry,Dark,Signals,73,53,Male,Valid,No,Curve,1,15,12,2,0,2,1,0,0,1,3,0,0,2.42,21.47027,87.19534,NH16_Kolkata_Chennai,Odisha / Andhra Pradesh
Puducherry,Unknown,2023,July,Sunday,12:12,Fatal,5,Cycle,2,0,Hazy,State Highway,Wet,Dusk,Signs,40,35,Female,,No,Bridge,3,12,7,6,1,2,3,3,0,5,2,0,0,2.42,28.845,77.41078,NH58_Delhi_Badrinath,Uttarakhand
Madhya Pradesh,Unknown,2019,August,Saturday,12:46,Minor,5,Two-Wheeler,1,3,Hazy,Village Road,Dry,Dusk,Signals,31,43,Male,Valid,No,Bridge,1,12,8,5,3,2,1,3,0,5,1,0,0,3.64,28.51882,77.18784,NH44_Delhi_Agra,Uttar Pradesh
Uttar Pradesh,Lucknow,2023,November,Friday,15:18,Minor,1,Car,4,4,Stormy,Village Road,Wet,Dark,Signals,45,40,Male,Valid,No,Bridge,1,15,11,4,3,4,3,0,0,1,4,0,0,5.45,18.52148,73.88066,NH9_Pune_Hyderabad,Maharashtra / Telangana
Assam,Unknown,2019,May,Sunday,20:55,Serious,3,Truck,7,0,Clear,National Highway,Under Construction,Dark,Signals,100,31,Female,Expired,No,Bridge,2,20,5,6,0,0,2,0,0,3,7,0,0,3.33,28.51136,77.23429,NH44_Delhi_Agra,Uttar Pradesh
Chandigarh,Unknown,2019,August,Thursday,17:40,Serious,3,Truck,2,0,Clear,Urban Road,Dry,Dusk,Police Checkpost,64,36,Male,Valid,Yes,Curve,2,17,8,3,2,0,1,3,1,3,2,0,0,2.42,26.82392,84.17255,NH27_East_West,Rajasthan / MP / UP
Himachal Pradesh,Unknown,2023,December,Friday,5:36,Minor,3,Auto-Rickshaw,3,1,Clear,Village Road,Under Construction,Dark,Signals,78,63,Male,Valid,Yes,Curve,1,5,12,4,3,0,2,0,1,3,3,0,0,3.03,16.95383,78.35862,NH44_Hyderabad_Bangalore,Karnataka
Sikkim,Unknown,2021,September,Saturday,4:57,Serious,5,Pedestrian,0,0,Clear,Village Road,Under Construction,Dark,Signs,91,67,Male,,No,Bridge,2,4,9,5,3,0,2,0,0,5,0,0,0,1.21,17.38283,78.50356,NH7_Varanasi_Kanyakumari,MP / Karnataka / TN
Odisha,Unknown,2020,December,Monday,2:24,Fatal,5,Truck,9,0,Clear,Village Road,Dry,Daylight,Signs,66,61,Female,,Yes,Straight Road,3,2,12,0,3,0,1,2,1,5,9,0,0,5.15,28.26865,76.94714,NH48_Delhi_Mumbai,Rajasthan / Gujarat
Tamil Nadu,Coimbatore,2023,January,Sunday,4:46,Fatal,2,Cycle,9,5,Foggy,State Highway,Under Construction,Dark,,34,51,Female,,No,Curve,3,4,1,6,1,1,2,0,0,2,9,0,0,9.09,17.6802,78.61522,NH44_Nagpur_Hyderabad,Telangana
Karnataka,Mangalore,2020,August,Monday,19:24,Fatal,5,Cycle,1,1,Rainy,Urban Road,Damaged,Daylight,Signs,73,64,Female,,No,Intersection,3,19,8,0,2,3,0,2,0,5,1,0,0,3.03,11.28541,75.85558,NH66_West_Coast,Maharashtra / Kerala
Delhi,New Delhi,2018,October,Sunday,17:59,Minor,5,Bus,6,4,Foggy,National Highway,Dry,Dusk,Signs,67,67,Male,Valid,No,Bridge,1,17,10,6,0,1,1,3,0,5,6,0,0,6.06,26.87652,75.79796,NH48_Delhi_Mumbai,Rajasthan / Gujarat
Madhya Pradesh,Unknown,2023,September,Saturday,23:11,Minor,4,Bus,9,0,Rainy,Village Road,Under Construction,Dark,,108,47,Male,Expired,Yes,Curve,1,23,9,5,3,3,2,0,1,4,9,0,0,3.94,30.20985,79.06977,NH58_Delhi_Badrinath,Uttarakhand
Puducherry,Unknown,2020,October,Tuesday,20:35,Minor,5,Pedestrian,8,1,Foggy,National Highway,Damaged,Dark,Signs,65,67,Female,Expired,No,Bridge,1,20,10,1,0,1,0,0,0,5,8,0,0,3.94,17.45236,75.43571,NH9_Pune_Hyderabad,Maharashtra / Telangana
Kerala,Unknown,2020,July,Saturday,13:27,Fatal,4,Cycle,9,3,Rainy,National Highway,Dry,Daylight,,78,62,Male,,Yes,Curve,3,13,7,5,0,3,1,2,1,4,9,0,0,7.88,18.46317,73.85919,NH48_Mumbai_Bangalore,Maharashtra / Karnataka
Assam,Unknown,2020,December,Saturday,3:48,Fatal,2,Pedestrian,0,2,Stormy,National Highway,Damaged,Daylight,Signs,49,60,Female,Valid,No,Intersection,3,3,12,5,0,4,0,2,0,2,0,0,0,3.64,22.77402,88.52603,NH52_Barasat_Guwahati,West Bengal / Assam
Delhi,Rohini,2022,September,Thursday,9:15,Minor,2,Two-Wheeler,0,0,Rainy,State Highway,Damaged,Dusk,Signs,87,49,Male,,Yes,Straight Road,1,9,9,3,1,3,0,3,1,2,0,0,0,1.21,12.14343,78.46591,NH44_Bangalore_Chennai,Tamil Nadu
Haryana,Unknown,2020,March,Monday,20:24,Fatal,2,Bus,3,4,Clear,Urban Road,Under Construction,Dusk,Signals,91,35,Female,Expired,Yes,Curve,3,20,3,0,2,0,2,3,1,2,3,0,0,6.97,22.32125,72.29472,NH48_Delhi_Mumbai,Rajasthan / Gujarat
Punjab,Unknown,2023,July,Saturday,10:14,Minor,5,Pedestrian,5,4,Clear,Urban Road,Wet,Dark,Signals,111,58,Male,,No,Intersection,1,10,7,5,2,0,3,0,0,5,5,0,0,5.76,33.0734,75.53143,NH44_North,Jammu & Kashmir
Assam,Unknown,2020,January,Sunday,23:22,Serious,5,Cycle,4,4,Foggy,Urban Road,Damaged,Dark,Signs,99,58,Female,Valid,No,Curve,2,23,1,6,2,1,0,0,0,5,4,0,0,6.06,22.36755,79.06423,NH44_Agra_Nagpur,Madhya Pradesh
Odisha,Unknown,2023,May,Wednesday,6:14,Fatal,5,Cycle,4,4,Foggy,National Highway,Damaged,Dusk,Police Checkpost,58,47,Male,Valid,No,Straight Road,3,6,5,2,0,1,0,3,0,5,4,0,0,6.67,25.81657,79.52562,NH27_East_West,Rajasthan / MP / UP
Chhattisgarh,Unknown,2023,April,Tuesday,17:10,Fatal,1,Auto-Rickshaw,2,5,Hazy,Urban Road,Dry,Daylight,Signs,117,50,Male,,No,Straight Road,3,17,4,1,2,2,1,2,0,1,2,0,0,6.97,17.52173,75.50717,NH9_Pune_Hyderabad,Maharashtra / Telangana
Sikkim,Unknown,2018,June,Saturday,5:53,Serious,2,Two-Wheeler,3,2,Rainy,State Highway,Wet,Dusk,Police Checkpost,40,48,Female,Valid,Yes,Curve,2,5,6,5,1,3,3,3,1,2,3,0,0,4.55,25.5927,85.16821,NH30_Patna_Visakhapatnam,Chhattisgarh
Mizoram,Unknown,2019,June,Monday,5:35,Minor,4,Cycle,6,5,Foggy,Urban Road,Under Construction,Daylight,Signs,35,47,Female,Expired,Yes,Straight Road,1,5,6,0,2,1,2,2,1,4,6,0,0,7.58,28.88395,77.46603,NH58_Delhi_Badrinath,Uttarakhand
West Bengal,Siliguri,2018,August,Thursday,3:40,Serious,1,Auto-Rickshaw,8,0,Stormy,Village Road,Under Construction,Daylight,Signals,48,28,Male,Valid,No,Bridge,2,3,8,3,3,4,2,2,0,1,8,0,0,3.64,15.30119,76.96232,NH44_Hyderabad_Bangalore,Karnataka
Bihar,Unknown,2019,May,Sunday,5:19,Minor,3,Truck,7,4,Stormy,National Highway,Under Construction,Daylight,Signs,118,22,Female,Valid,Yes,Straight Road,1,5,5,6,0,4,2,2,1,3,7,0,0,6.97,28.64707,77.21318,NH48_Delhi_Mumbai,Rajasthan / Gujarat
Tripura,Unknown,2018,February,Wednesday,0:6,Serious,5,Cycle,1,4,Clear,National Highway,Damaged,Dark,Signals,53,26,Male,,Yes,Intersection,2,0,2,2,0,0,0,0,1,5,1,0,0,5.76,18.66537,84.18561,NH16_Kolkata_Chennai,Odisha / Andhra Pradesh
West Bengal,Durgapur,2021,July,Saturday,3:30,Minor,3,Auto-Rickshaw,0,2,Clear,State Highway,Under Construction,Dark,Signals,38,69,Male,Expired,No,Intersection,1,3,7,5,1,0,2,0,0,3,0,0,0,2.42,23.46914,86.10469,NH19_Delhi_Kolkata,Uttar Pradesh / Bihar
Rajasthan,Udaipur,2023,December,Tuesday,22:0,Minor,5,Car,6,4,Clear,Village Road,Wet,Dusk,Police Checkpost,62,38,Female,Expired,Yes,Straight Road,1,22,12,1,3,0,3,3,1,5,6,0,0,6.67,26.17287,81.52459,NH19_Delhi_Kolkata,Uttar Pradesh / Bihar
Tripura,Unknown,2018,April,Wednesday,20:12,Serious,1,Bus,8,3,Foggy,National Highway,Damaged,Dawn,,90,43,Female,Expired,No,Curve,2,20,4,2,0,1,0,1,0,1,8,0,0,6.36,12.5963,77.82544,NH44_Bangalore_Chennai,Tamil Nadu
Bihar,Unknown,2021,January,Sunday,20:17,Fatal,3,Bus,9,3,Foggy,National Highway,Wet,Daylight,Signs,40,40,Female,Expired,No,Intersection,3,20,1,6,0,1,3,2,0,3,9,0,0,7.27,32.29339,74.94102,NH44_North,Jammu & Kashmir
Rajasthan,Udaipur,2022,February,Tuesday,12:25,Serious,4,Car,6,3,Hazy,Urban Road,Under Construction,Dawn,,51,47,Male,,No,Intersection,2,12,2,1,2,2,2,1,0,4,6,0,0,5.76,20.1721,73.49044,NH48_Delhi_Mumbai,Rajasthan / Gujarat
Jharkhand,Unknown,2023,June,Tuesday,7:2,Fatal,5,Two-Wheeler,2,0,Stormy,State Highway,Wet,Dawn,,83,40,Female,Expired,No,Curve,3,7,6,1,1,4,3,1,0,5,2,0,0,2.42,23.71537,73.18937,NH48_Delhi_Mumbai,Rajasthan / Gujarat
Delhi,New Delhi,2023,October,Tuesday,22:37,Serious,3,Pedestrian,6,3,Clear,National Highway,Damaged,Daylight,Signs,55,64,Male,Expired,Yes,Straight Road,2,22,10,1,0,0,0,2,1,3,6,0,0,6.36,27.04302,78.05973,NH44_Delhi_Agra,Uttar Pradesh
Punjab,Unknown,2018,June,Monday,0:54,Minor,4,Car,1,3,Hazy,Village Road,Wet,Dark,Signals,106,45,Female,Valid,Yes,Intersection,1,0,6,0,3,2,3,0,1,4,1,0,0,4.24,17.73434,83.25023,NH30_Patna_Visakhapatnam,Chhattisgarh
Sikkim,Unknown,2020,April,Saturday,4:9,Minor,5,Pedestrian,5,2,Stormy,State Highway,Under Construction,Dark,Police Checkpost,120,40,Female,,No,Bridge,1,4,4,5,1,4,2,0,0,5,5,0,0,3.94,23.8901,79.086,NH44_Agra_Nagpur,Madhya Pradesh
Tamil Nadu,Chennai,2018,May,Tuesday,12:58,Minor,4,Pedestrian,9,2,Foggy,Urban Road,Under Construction,Dusk,,117,60,Female,Expired,Yes,Straight Road,1,12,5,1,2,1,2,3,1,4,9,0,0,5.76,17.31927,73.46836,NH48_Mumbai_Bangalore,Maharashtra / Karnataka
Uttarakhand,Unknown,2020,June,Monday,13:34,Fatal,1,Auto-Rickshaw,3,0,Hazy,Urban Road,Under Construction,Dawn,Police Checkpost,50,29,Female,Expired,Yes,Curve,3,13,6,0,2,2,2,1,1,1,3,0,0,3.33,16.50148,80.59877,NH16_Kolkata_Chennai,Odisha / Andhra Pradesh
Himachal Pradesh,Unknown,2020,November,Monday,3:3,Minor,4,Bus,5,0,Rainy,National Highway,Damaged,Daylight,Police Checkpost,32,60,Female,Valid,Yes,Intersection,1,3,11,0,0,3,0,2,1,4,5,0,0,2.73,25.79457,82.22542,NH19_Delhi_Kolkata,Uttar Pradesh / Bihar
Gujarat,Ahmedabad,2022,June,Wednesday,15:17,Fatal,1,Cycle,9,1,Hazy,State Highway,Damaged,Dusk,Police Checkpost,32,23,Male,Valid,Yes,Intersection,3,15,6,2,1,2,0,3,1,1,9,0,0,6.06,22.82094,88.52674,NH52_Barasat_Guwahati,West Bengal / Assam
Uttar Pradesh,Varanasi,2018,October,Tuesday,19:42,Serious,2,Car,7,0,Stormy,State Highway,Dry,Dusk,Signs,106,22,Male,Expired,No,Curve,2,19,10,1,1,4,1,3,0,2,7,0,0,3.33,25.75106,79.462,NH27_East_West,Rajasthan / MP / UP
Madhya Pradesh,Unknown,2020,August,Sunday,14:42,Serious,5,Two-Wheeler,6,1,Hazy,Urban Road,Under Construction,Dawn,,34,38,Female,Valid,No,Straight Road,2,14,8,6,2,2,2,1,0,5,6,0,0,3.94,27.47388,78.21089,NH19_Delhi_Kolkata,Uttar Pradesh / Bihar
Karnataka,Mangalore,2019,January,Tuesday,12:21,Fatal,3,Cycle,6,2,Hazy,State Highway,Damaged,Dark,Police Checkpost,41,22,Female,Expired,No,Curve,3,12,1,1,1,2,0,0,0,3,6,0,0,5.45,26.81868,78.28914,NH44_Agra_Nagpur,Madhya Pradesh
Manipur,Unknown,2019,August,Friday,2:1,Minor,5,Truck,1,4,Hazy,Urban Road,Wet,Daylight,Signs,120,67,Female,Expired,No,Straight Road,1,2,8,4,2,2,3,2,0,5,1,0,0,4.55,22.26934,83.01598,NH30_Patna_Visakhapatnam,Chhattisgarh
Madhya Pradesh,Unknown,2019,February,Thursday,8:19,Serious,2,Cycle,8,2,Clear,Village Road,Under Construction,Dusk,Signs,84,66,Male,Valid,No,Curve,2,8,2,3,3,0,2,3,0,2,8,0,0,5.45,25.52869,85.14678,NH30_Patna_Visakhapatnam,Chhattisgarh
Uttarakhand,Unknown,2021,November,Sunday,13:44,Minor,4,Car,9,4,Stormy,State Highway,Under Construction,Daylight,,49,53,Female,,Yes,Curve,1,13,11,6,1,4,2,2,1,4,9,0,0,7.58,12.96489,74.92098,NH66_West_Coast,Maharashtra / Kerala
Jammu and Kashmir,Unknown,2021,October,Friday,11:52,Minor,1,Two-Wheeler,2,3,Stormy,Village Road,Under Construction,Dusk,Signals,79,54,Male,Expired,No,Straight Road,1,11,10,4,3,4,2,3,0,1,2,0,0,3.94,27.81698,77.47055,NH44_Delhi_Agra,Uttar Pradesh
Goa,Unknown,2022,February,Friday,21:5,Fatal,4,Two-Wheeler,9,4,Hazy,Village Road,Wet,Daylight,Signals,95,27,Female,,No,Intersection,3,21,2,4,3,2,3,2,0,4,9,0,0,8.18,24.82699,83.8381,NH19_Delhi_Kolkata,Uttar Pradesh / Bihar
Uttarakhand,Unknown,2021,May,Tuesday,0:41,Fatal,5,Cycle,1,2,Rainy,Urban Road,Damaged,Daylight,Police Checkpost,105,58,Female,,Yes,Straight Road,3,0,5,1,2,3,0,2,1,5,1,0,0,4.55,18.58571,73.24778,NH66_West_Coast,Maharashtra / Kerala
Chhattisgarh,Unknown,2021,November,Friday,4:24,Minor,1,Auto-Rickshaw,0,2,Stormy,State Highway,Damaged,Daylight,Police Checkpost,111,36,Male,Expired,Yes,Intersection,1,4,11,4,1,4,0,2,1,1,0,0,0,3.03,27.19925,82.4344,NH27_East_West,Rajasthan / MP / UP
Maharashtra,Pune,2021,May,Thursday,13:53,Minor,2,Two-Wheeler,9,3,Stormy,Urban Road,Wet,Daylight,Signals,75,44,Male,,No,Intersection,1,13,5,3,2,4,3,2,0,2,9,0,0,6.06,22.32367,79.10912,NH44_Agra_Nagpur,Madhya Pradesh
Maharashtra,Mumbai,2021,May,Monday,1:4,Serious,3,Two-Wheeler,8,0,Hazy,Urban Road,Damaged,Dark,,50,40,Male,Valid,Yes,Straight Road,2,1,5,0,2,2,0,0,1,3,8,0,0,4.24,23.40747,86.13507,NH19_Delhi_Kolkata,Uttar Pradesh / Bihar
Manipur,Unknown,2022,October,Saturday,0:6,Fatal,4,Bus,0,3,Clear,Urban Road,Dry,Dawn,Signs,98,27,Male,Expired,No,Straight Road,3,0,10,5,2,0,1,1,0,4,0,0,0,4.55,24.19984,84.57465,NH19_Delhi_Kolkata,Uttar Pradesh / Bihar
Himachal Pradesh,Unknown,2023,March,Tuesday,5:14,Minor,3,Two-Wheeler,3,3,Stormy,Village Road,Damaged,Dark,Signs,93,22,Male,Valid,No,Intersection,1,5,3,1,3,4,0,0,0,3,3,0,0,4.24,24.88512,89.90353,NH52_Barasat_Guwahati,West Bengal / Assam
Delhi,New Delhi,2021,September,Thursday,20:15,Serious,1,Truck,10,0,Stormy,National Highway,Damaged,Dusk,Signs,102,63,Female,Expired,Yes,Straight Road,2,20,9,3,0,4,0,3,1,1,10,0,0,4.85,17.33636,78.49768,NH9_Pune_Hyderabad,Maharashtra / Telangana
Nagaland,Unknown,2021,January,Wednesday,14:19,Minor,1,Two-Wheeler,2,1,Foggy,State Highway,Dry,Daylight,Signals,38,69,Female,Valid,No,Intersection,1,14,1,2,1,1,1,2,0,1,2,0,0,2.12,25.81682,90.17859,NH52_Barasat_Guwahati,West Bengal / Assam
Karnataka,Mysore,2023,March,Friday,21:18,Serious,3,Two-Wheeler,7,3,Clear,Urban Road,Wet,Dark,Signs,118,47,Female,Expired,Yes,Curve,2,21,3,4,2,0,3,0,1,3,7,0,0,6.67,29.22712,77.93285,NH58_Delhi_Badrinath,Uttarakhand
Manipur,Unknown,2022,May,Wednesday,17:8,Serious,5,Pedestrian,9,1,Hazy,Village Road,Damaged,Daylight,Signals,120,28,Female,Valid,Yes,Intersection,2,17,5,2,3,2,0,2,1,5,9,0,0,5.45,22.93445,80.51492,NH7_Varanasi_Kanyakumari,MP / Karnataka / TN
Meghalaya,Unknown,2021,November,Saturday,22:53,Fatal,4,Auto-Rickshaw,2,4,Hazy,National Highway,Damaged,Daylight,,99,50,Female,,Yes,Straight Road,3,22,11,5,0,2,0,2,1,4,2,0,0,6.67,31.88878,77.44186,NH22_Shimla_Manali,Himachal Pradesh
Telangana,Unknown,2019,June,Wednesday,9:33,Minor,2,Truck,8,0,Hazy,Urban Road,Damaged,Dawn,Signs,30,20,Male,Valid,Yes,Straight Road,1,9,6,2,2,2,0,1,1,2,8,0,0,3.64,28.47278,77.24829,NH44_Delhi_Agra,Uttar Pradesh
Arunachal Pradesh,Unknown,2021,November,Monday,13:4,Minor,5,Cycle,1,2,Rainy,Urban Road,Under Construction,Dawn,,43,67,Male,Expired,Yes,Curve,1,13,11,0,2,3,2,1,1,5,1,0,0,3.33,24.21974,89.23924,NH52_Barasat_Guwahati,West Bengal / Assam
Goa,Unknown,2019,August,Thursday,16:7,Minor,2,Car,3,5,Clear,Village Road,Damaged,Dark,Police Checkpost,62,50,Male,Expired,No,Intersection,1,16,8,3,3,0,0,0,0,2,3,0,0,6.06,18.2292,74.23132,NH9_Pune_Hyderabad,Maharashtra / Telangana
Punjab,Unknown,2021,November,Saturday,19:19,Serious,2,Truck,1,0,Hazy,Urban Road,Under Construction,Dawn,Signs,67,33,Female,Expired,Yes,Straight Road,2,19,11,5,2,2,2,1,1,2,1,0,0,2.12,17.8106,74.93378,NH9_Pune_Hyderabad,Maharashtra / Telangana
Bihar,Unknown,2023,April,Thursday,16:26,Minor,2,Car,7,4,Stormy,State Highway,Dry,Dawn,,54,26,Female,Expired,No,Bridge,1,16,4,3,1,4,1,1,0,2,7,0,0,6.36,21.14477,79.07765,NH44_Nagpur_Hyderabad,Telangana
Goa,Unknown,2021,May,Friday,11:16,Minor,1,Pedestrian,10,3,Rainy,National Highway,Wet,Daylight,Signals,97,45,Male,Valid,No,Bridge,1,11,5,4,0,3,3,2,0,1,10,0,0,6.36,18.56027,73.82286,NH9_Pune_Hyderabad,Maharashtra / Telangana
Haryana,Unknown,2023,December,Wednesday,13:48,Minor,1,Cycle,7,4,Rainy,Village Road,Damaged,Daylight,Signs,68,19,Male,Expired,No,Straight Road,1,13,12,2,3,3,0,2,0,1,7,0,0,6.36,20.5899,78.94193,NH44_Nagpur_Hyderabad,Telangana
Gujarat,Ahmedabad,2020,April,Sunday,17:25,Minor,2,Auto-Rickshaw,10,2,Foggy,State Highway,Damaged,Dusk,Signals,110,38,Female,Expired,Yes,Bridge,1,17,4,6,1,1,0,3,1,2,10,0,0,6.06,25.34302,83.05749,NH7_Varanasi_Kanyakumari,MP / Karnataka / TN
Nagaland,Unknown,2021,April,Wednesday,22:45,Fatal,5,Auto-Rickshaw,5,0,Rainy,State Highway,Wet,Dark,Police Checkpost,35,62,Male,Valid,No,Bridge,3,22,4,2,1,3,3,0,0,5,5,0,0,3.33,25.78931,79.46935,NH27_East_West,Rajasthan / MP / UP
Manipur,Unknown,2021,January,Wednesday,0:54,Serious,2,Truck,3,3,Foggy,State Highway,Under Construction,Dark,,42,38,Male,,Yes,Intersection,2,0,1,2,1,1,2,0,1,2,3,0,0,5.45,27.16975,77.98697,NH44_Delhi_Agra,Uttar Pradesh
Kerala,Unknown,2021,December,Friday,17:1,Serious,2,Two-Wheeler,10,4,Hazy,National Highway,Dry,Daylight,,100,30,Male,,No,Curve,2,17,12,4,0,2,1,2,0,2,10,0,0,7.88,20.05812,73.45209,NH48_Delhi_Mumbai,Rajasthan / Gujarat
Goa,Unknown,2019,June,Wednesday,14:59,Serious,2,Cycle,0,4,Foggy,Urban Road,Dry,Dark,Police Checkpost,109,48,Male,Expired,No,Straight Road,2,14,6,2,2,1,1,0,0,2,0,0,0,4.85,22.27917,70.26397,NH27_East_West,Rajasthan / MP / UP
Sikkim,Unknown,2021,August,Thursday,13:11,Serious,1,Auto-Rickshaw,0,4,Clear,State Highway,Wet,Dusk,Police Checkpost,59,60,Male,Expired,Yes,Straight Road,2,13,8,3,1,0,3,3,1,1,0,0,0,5.45,24.22571,75.86211,NH27_East_West,Rajasthan / MP / UP
Puducherry,Unknown,2023,December,Wednesday,21:33,Serious,3,Auto-Rickshaw,4,2,Clear,Village Road,Under Construction,Dark,Signs,86,67,Female,Expired,No,Straight Road,2,21,12,2,3,0,2,0,0,3,4,0,0,4.24,24.82042,91.85281,NH27_East_West,Rajasthan / MP / UP
Arunachal Pradesh,Unknown,2019,December,Thursday,11:33,Fatal,3,Pedestrian,7,0,Rainy,Village Road,Under Construction,Daylight,Signals,75,66,Female,,Yes,Curve,3,11,12,3,3,3,2,2,1,3,7,0,0,4.55,27.97626,77.2819,NH44_Delhi_Agra,Uttar Pradesh
Uttar Pradesh,Lucknow,2021,April,Tuesday,21:9,Serious,2,Bus,2,2,Clear,Urban Road,Damaged,Dawn,Police Checkpost,49,50,Female,,No,Straight Road,2,21,4,1,2,0,0,1,0,2,2,0,0,3.64,13.0181,77.65705,NH48_Mumbai_Bangalore,Maharashtra / Karnataka
Goa,Unknown,2019,June,Monday,4:45,Fatal,5,Pedestrian,5,1,Foggy,State Highway,Under Construction,Dark,Signals,106,49,Female,,No,Straight Road,3,4,6,0,1,1,2,0,0,5,5,0,0,4.24,30.47825,79.38979,NH58_Delhi_Badrinath,Uttarakhand
Jharkhand,Unknown,2023,April,Monday,9:22,Serious,2,Two-Wheeler,6,5,Rainy,State Highway,Damaged,Dark,Signals,118,25,Male,Valid,No,Bridge,2,9,4,0,1,3,0,0,0,2,6,0,0,7.58,17.34246,78.48777,NH44_Nagpur_Hyderabad,Telangana
West Bengal,Kolkata,2020,August,Thursday,13:42,Fatal,4,Auto-Rickshaw,8,4,Hazy,National Highway,Wet,Dawn,,112,38,Female,,Yes,Bridge,3,13,8,3,0,2,3,1,1,4,8,0,0,8.48,22.80699,88.498,NH52_Barasat_Guwahati,West Bengal / Assam
Odisha,Unknown,2018,November,Thursday,16:36,Serious,4,Auto-Rickshaw,9,3,Foggy,National Highway,Under Construction,Dark,Police Checkpost,88,19,Male,,No,Curve,2,16,11,3,0,1,2,0,0,4,9,0,0,6.67,14.93092,75.19804,NH48_Mumbai_Bangalore,Maharashtra / Karnataka
Punjab,Unknown,2020,January,Monday,8:9,Serious,5,Truck,2,4,Stormy,State Highway,Wet,Dusk,,85,52,Male,Expired,Yes,Bridge,2,8,1,0,1,4,3,3,1,5,2,0,0,6.06,10.83523,76.21961,NH66_West_Coast,Maharashtra / Kerala
Jharkhand,Unknown,2020,August,Monday,8:31,Serious,1,Pedestrian,6,2,Hazy,State Highway,Wet,Daylight,Signals,46,37,Male,Valid,Yes,Bridge,2,8,8,0,1,2,3,2,1,1,6,0,0,5.45,19.28289,84.76436,NH16_Kolkata_Chennai,Odisha / Andhra Pradesh
Bihar,Unknown,2023,April,Tuesday,8:55,Minor,5,Truck,0,4,Stormy,Urban Road,Wet,Dark,Signs,45,32,Male,Valid,Yes,Straight Road,1,8,4,1,2,4,3,0,1,5,0,0,0,4.85,28.25497,77.1271,NH44_Delhi_Agra,Uttar Pradesh
Nagaland,Unknown,2019,March,Thursday,7:29,Serious,5,Auto-Rickshaw,1,5,Foggy,National Highway,Damaged,Dark,Signals,62,39,Male,,No,Straight Road,2,7,3,3,0,1,0,0,0,5,1,0,0,6.06,33.53263,75.072,NH44_North,Jammu & Kashmir
Jharkhand,Unknown,2023,February,Thursday,22:27,Minor,1,Car,0,1,Clear,Village Road,Dry,Daylight,Signs,65,19,Female,Expired,Yes,Straight Road,1,22,2,3,3,0,1,2,1,1,0,0,0,2.12,17.40247,78.46402,NH9_Pune_Hyderabad,Maharashtra / Telangana
Kerala,Unknown,2022,October,Tuesday,0:7,Serious,4,Pedestrian,10,0,Stormy,State Highway,Under Construction,Dawn,Signs,66,23,Female,Valid,No,Curve,2,0,10,1,1,4,2,1,0,4,10,0,0,4.24,29.24664,77.95453,NH58_Delhi_Badrinath,Uttarakhand
Sikkim,Unknown,2021,January,Wednesday,0:0,Minor,4,Bus,4,3,Stormy,Village Road,Wet,Dusk,Police Checkpost,91,47,Male,Expired,No,Bridge,1,0,1,2,3,4,3,3,0,4,4,0,0,4.55,16.16134,74.43679,NH48_Mumbai_Bangalore,Maharashtra / Karnataka
Telangana,Unknown,2022,September,Wednesday,16:38,Fatal,3,Two-Wheeler,6,1,Clear,National Highway,Dry,Daylight,Signs,46,44,Male,Valid,Yes,Curve,3,16,9,2,0,0,1,2,1,3,6,0,0,5.15,31.93878,77.4929,NH22_Shimla_Manali,Himachal Pradesh
Goa,Unknown,2018,May,Tuesday,6:54,Minor,1,Cycle,1,2,Clear,National Highway,Wet,Dusk,Signs,119,40,Female,,Yes,Bridge,1,6,5,1,0,0,3,3,1,1,1,0,0,3.33,22.37995,79.11895,NH44_Agra_Nagpur,Madhya Pradesh
Karnataka,Mysore,2019,March,Wednesday,17:11,Serious,1,Auto-Rickshaw,9,3,Hazy,Village Road,Wet,Dark,,57,39,Female,Valid,Yes,Intersection,2,17,3,2,3,2,3,0,1,1,9,0,0,7.27,26.14615,78.42361,NH44_Agra_Nagpur,Madhya Pradesh
West Bengal,Kolkata,2018,May,Friday,17:10,Fatal,4,Car,10,2,Foggy,Urban Road,Under Construction,Daylight,Signs,115,32,Male,Valid,No,Intersection,3,17,5,4,2,1,2,2,0,4,10,0,0,6.67,25.86236,88.19452,NH27_East_West,Rajasthan / MP / UP
Karnataka,Bangalore,2018,July,Sunday,23:46,Serious,5,Two-Wheeler,10,5,Clear,Village Road,Dry,Daylight,Signs,85,48,Female,Valid,No,Bridge,2,23,7,6,3,0,1,2,0,5,10,0,0,8.79,17.29352,73.51208,NH48_Mumbai_Bangalore,Maharashtra / Karnataka
Jammu and Kashmir,Unknown,2022,January,Saturday,2:23,Serious,4,Two-Wheeler,3,5,Hazy,National Highway,Under Construction,Dusk,Police Checkpost,103,29,Male,Expired,No,Curve,2,2,1,5,0,2,2,3,0,4,3,0,0,6.67,19.22857,84.847,NH16_Kolkata_Chennai,Odisha / Andhra Pradesh
Chandigarh,Unknown,2021,November,Friday,14:20,Serious,1,Two-Wheeler,2,3,Clear,National Highway,Wet,Daylight,Police Checkpost,46,27,Female,,No,Bridge,2,14,11,4,0,0,3,2,0,1,2,0,0,4.55,27.82273,77.3954,NH44_Delhi_Agra,Uttar Pradesh
Madhya Pradesh,Unknown,2020,January,Sunday,20:5,Minor,4,Two-Wheeler,7,5,Clear,National Highway,Under Construction,Dawn,Signs,81,35,Female,,Yes,Straight Road,1,20,1,6,0,0,2,1,1,4,7,0,0,7.88,26.39116,75.1929,NH48_Delhi_Mumbai,Rajasthan / Gujarat
Odisha,Unknown,2021,November,Friday,9:13,Minor,3,Two-Wheeler,9,4,Hazy,Village Road,Damaged,Daylight,,31,58,Male,Expired,No,Bridge,1,9,11,4,3,2,0,2,0,3,9,0,0,6.97,33.08892,75.53431,NH44_North,Jammu & Kashmir
Rajasthan,Jodhpur,2022,August,Friday,10:34,Minor,3,Two-Wheeler,9,0,Clear,State Highway,Wet,Daylight,Signs,90,65,Male,Valid,Yes,Bridge,1,10,8,4,1,0,3,2,1,3,9,0,0,3.94,18.66807,73.25711,NH66_West_Coast,Maharashtra / Kerala
Uttarakhand,Unknown,2018,July,Friday,6:40,Serious,5,Cycle,3,0,Hazy,State Highway,Damaged,Dusk,Signs,61,18,Male,Expired,Yes,Bridge,2,6,7,4,1,2,0,3,1,5,3,0,0,2.73,26.80263,78.21764,NH44_Agra_Nagpur,Madhya Pradesh
Uttarakhand,Unknown,2022,August,Monday,23:32,Serious,3,Auto-Rickshaw,1,3,Clear,Urban Road,Under Construction,Dark,Signs,66,54,Male,Valid,Yes,Bridge,2,23,8,0,2,0,2,0,1,3,1,0,0,4.85,24.21354,93.05121,NH27_East_West,Rajasthan / MP / UP
Kerala,Unknown,2020,January,Thursday,19:54,Serious,3,Bus,3,3,Clear,National Highway,Dry,Dark,Police Checkpost,44,56,Female,Expired,No,Intersection,2,19,1,3,0,0,1,0,0,3,3,0,0,4.85,23.94844,79.08735,NH44_Agra_Nagpur,Madhya Pradesh
Madhya Pradesh,Unknown,2022,November,Wednesday,20:31,Fatal,3,Pedestrian,9,3,Clear,Village Road,Under Construction,Daylight,Police Checkpost,69,61,Female,,Yes,Curve,3,20,11,2,3,0,2,2,1,3,9,0,0,7.88,25.22521,74.60117,NH48_Delhi_Mumbai,Rajasthan / Gujarat
Meghalaya,Unknown,2022,March,Thursday,3:10,Serious,5,Pedestrian,8,3,Hazy,State Highway,Wet,Daylight,,98,51,Male,,No,Intersection,2,3,3,3,1,2,3,2,0,5,8,0,0,6.36,14.8853,74.23065,NH66_West_Coast,Maharashtra / Kerala
Himachal Pradesh,Unknown,2020,June,Tuesday,1:8,Serious,5,Car,4,1,Stormy,Village Road,Damaged,Dusk,,37,68,Male,Valid,No,Straight Road,2,1,6,1,3,4,0,3,0,5,4,0,0,3.33,18.6029,84.23173,NH16_Kolkata_Chennai,Odisha / Andhra Pradesh
Karnataka,Bangalore,2022,June,Friday,20:12,Fatal,4,Auto-Rickshaw,1,0,Clear,Village Road,Wet,Dawn,Signals,39,40,Female,Expired,Yes,Straight Road,3,20,6,4,3,0,3,1,1,4,1,0,0,2.73,15.82868,77.17081,NH44_Hyderabad_Bangalore,Karnataka
Goa,Unknown,2019,May,Friday,12:0,Serious,3,Two-Wheeler,0,2,Rainy,Village Road,Under Construction,Dawn,,60,34,Female,Valid,Yes,Intersection,2,12,5,4,3,3,2,1,1,3,0,0,0,3.64,29.24756,77.96379,NH58_Delhi_Badrinath,Uttarakhand
Tamil Nadu,Madurai,2019,October,Monday,18:40,Minor,5,Two-Wheeler,1,5,Clear,Urban Road,Damaged,Daylight,,61,52,Female,Valid,No,Bridge,1,18,10,0,2,0,0,2,0,5,1,0,0,5.45,22.96521,83.43522,NH30_Patna_Visakhapatnam,Chhattisgarh
Telangana,Unknown,2020,June,Monday,8:7,Fatal,3,Cycle,0,5,Stormy,National Highway,Under Construction,Dawn,Signals,54,50,Male,Expired,Yes,Curve,3,8,6,0,0,4,2,1,1,3,0,0,0,6.97,23.66776,73.22836,NH48_Delhi_Mumbai,Rajasthan / Gujarat
Tripura,Unknown,2020,January,Friday,6:37,Minor,5,Pedestrian,8,1,Rainy,National Highway,Damaged,Dusk,Police Checkpost,82,61,Female,,No,Intersection,1,6,1,4,0,3,0,3,0,5,8,0,0,3.94,28.35492,77.19526,NH44_Delhi_Agra,Uttar Pradesh
West Bengal,Siliguri,2018,September,Friday,8:31,Fatal,4,Truck,5,0,Stormy,State Highway,Wet,Dusk,,76,26,Male,Expired,Yes,Bridge,3,8,9,4,1,4,3,3,1,4,5,0,0,3.94,16.48743,77.62804,NH44_Hyderabad_Bangalore,Karnataka
Meghalaya,Unknown,2021,March,Sunday,4:8,Serious,3,Bus,8,1,Foggy,National Highway,Damaged,Dawn,Signals,116,24,Male,Valid,No,Curve,2,4,3,6,0,1,0,1,0,3,8,0,0,4.55,25.54315,85.20003,NH30_Patna_Visakhapatnam,Chhattisgarh
Telangana,Unknown,2021,February,Friday,22:4,Serious,2,Two-Wheeler,4,3,Clear,National Highway,Dry,Daylight,Police Checkpost,60,56,Female,Expired,No,Curve,2,22,2,4,0,0,1,2,0,2,4,0,0,5.15,22.99287,87.03921,NH19_Delhi_Kolkata,Uttar Pradesh / Bihar
West Bengal,Siliguri,2020,August,Saturday,6:27,Fatal,2,Car,10,4,Foggy,National Highway,Under Construction,Daylight,,103,51,Male,Expired,Yes,Intersection,3,6,8,5,0,1,2,2,1,2,10,0,0,9.09,8.89823,77.48292,NH66_West_Coast,Maharashtra / Kerala
Madhya Pradesh,Unknown,2019,July,Sunday,17:12,Fatal,3,Bus,0,2,Clear,Urban Road,Dry,Daylight,,32,70,Male,,Yes,Straight Road,3,17,7,6,2,0,1,2,1,3,0,0,0,4.24,31.16047,77.18753,NH22_Shimla_Manali,Himachal Pradesh
Sikkim,Unknown,2021,December,Friday,21:32,Fatal,5,Bus,7,4,Stormy,National Highway,Wet,Dark,Signals,109,61,Female,Expired,Yes,Straight Road,3,21,12,4,0,4,3,0,1,5,7,0,0,8.18,15.93817,80.16952,NH16_Kolkata_Chennai,Odisha / Andhra Pradesh
Goa,Unknown,2019,November,Wednesday,14:26,Minor,1,Cycle,3,1,Stormy,Urban Road,Damaged,Dusk,Police Checkpost,62,62,Male,,No,Bridge,1,14,11,2,2,4,0,3,0,1,3,0,0,2.42,17.76291,83.29981,NH16_Kolkata_Chennai,Odisha / Andhra Pradesh
Chandigarh,Unknown,2019,January,Thursday,23:5,Serious,2,Bus,5,3,Hazy,Village Road,Dry,Dawn,Signals,46,51,Male,,Yes,Intersection,2,23,1,3,3,2,1,1,1,2,5,0,0,6.06,25.26975,83.03464,NH19_Delhi_Kolkata,Uttar Pradesh / Bihar
Jharkhand,Unknown,2020,July,Wednesday,12:46,Serious,2,Two-Wheeler,1,2,Rainy,Urban Road,Under Construction,Dusk,Police Checkpost,70,46,Male,Valid,No,Intersection,2,12,7,2,2,3,2,3,0,2,1,0,0,3.33,13.71995,77.5182,NH44_Hyderabad_Bangalore,Karnataka
Uttarakhand,Unknown,2022,January,Sunday,6:53,Fatal,3,Bus,0,2,Stormy,Village Road,Damaged,Dawn,Police Checkpost,87,58,Female,Expired,Yes,Bridge,3,6,1,6,3,4,0,1,1,3,0,0,0,4.24,26.89324,80.90867,NH19_Delhi_Kolkata,Uttar Pradesh / Bihar
Tamil Nadu,Coimbatore,2021,October,Wednesday,8:38,Fatal,3,Bus,5,4,Clear,State Highway,Damaged,Dusk,Signals,67,51,Female,Expired,No,Bridge,3,8,10,2,1,0,0,3,0,3,5,0,0,6.97,28.63502,77.19006,NH58_Delhi_Badrinath,Uttarakhand
Maharashtra,Mumbai,2022,February,Tuesday,0:14,Minor,5,Car,9,1,Hazy,Village Road,Wet,Dusk,,105,59,Female,Expired,Yes,Straight Road,1,0,2,1,3,2,3,3,1,5,9,0,0,4.85,25.81677,88.26148,NH27_East_West,Rajasthan / MP / UP
Maharashtra,Pune,2019,February,Tuesday,13:31,Fatal,3,Bus,4,5,Foggy,Urban Road,Dry,Dark,,120,31,Female,Valid,Yes,Intersection,3,13,2,1,2,1,1,0,1,3,4,0,0,8.18,12.55363,79.46614,NH44_Bangalore_Chennai,Tamil Nadu
Andhra Pradesh,Vijayawada,2022,October,Tuesday,9:38,Serious,1,Cycle,5,3,Hazy,National Highway,Wet,Dusk,Signs,112,20,Male,Expired,No,Curve,2,9,10,1,0,2,3,3,0,1,5,0,0,5.45,23.4967,83.85063,NH30_Patna_Visakhapatnam,Chhattisgarh
Delhi,New Delhi,2021,May,Sunday,4:51,Minor,3,Pedestrian,9,1,Stormy,Urban Road,Dry,Dark,Signs,54,19,Male,,Yes,Curve,1,4,5,6,2,4,1,0,1,3,9,0,0,4.85,13.92873,75.55545,NH48_Mumbai_Bangalore,Maharashtra / Karnataka
Gujarat,Surat,2023,June,Thursday,4:39,Minor,2,Pedestrian,1,3,Clear,State Highway,Dry,Dark,,40,41,Female,Expired,No,Intersection,1,4,6,3,1,0,1,0,0,2,1,0,0,3.64,28.16698,77.92846,NH19_Delhi_Kolkata,Uttar Pradesh / Bihar
Andhra Pradesh,Tirupati,2020,December,Saturday,21:46,Fatal,2,Cycle,8,4,Stormy,Urban Road,Wet,Dawn,,40,23,Male,Expired,No,Straight Road,3,21,12,5,2,4,3,1,0,2,8,0,0,7.88,24.29456,92.9268,NH27_East_West,Rajasthan / MP / UP
Rajasthan,Udaipur,2021,July,Monday,0:53,Minor,5,Two-Wheeler,5,0,Rainy,National Highway,Damaged,Dark,Signs,65,42,Male,,No,Bridge,1,0,7,0,0,3,0,0,0,5,5,0,0,2.12,34.06927,74.79418,NH44_North,Jammu & Kashmir
Assam,Unknown,2023,May,Tuesday,0:12,Serious,4,Truck,7,0,Foggy,Village Road,Under Construction,Daylight,,103,70,Female,Expired,Yes,Curve,2,0,5,1,3,1,2,2,1,4,7,0,0,3.94,14.95504,75.21976,NH48_Mumbai_Bangalore,Maharashtra / Karnataka
Andhra Pradesh,Tirupati,2020,November,Friday,13:3,Fatal,2,Pedestrian,1,1,Stormy,National Highway,Under Construction,Dark,Signs,32,70,Male,,Yes,Intersection,3,13,11,4,0,4,2,0,1,2,1,0,0,3.64,27.16899,77.97826,NH44_Delhi_Agra,Uttar Pradesh
Haryana,Unknown,2022,February,Thursday,14:54,Serious,5,Cycle,8,1,Clear,Village Road,Damaged,Dark,Signals,37,25,Male,Valid,Yes,Bridge,2,14,2,3,3,0,0,0,1,5,8,0,0,5.15,19.87142,78.73658,NH44_Nagpur_Hyderabad,Telangana
Goa,Unknown,2021,February,Monday,8:27,Fatal,4,Two-Wheeler,7,4,Foggy,Village Road,Dry,Dark,,114,50,Female,Valid,Yes,Intersection,3,8,2,0,3,1,1,0,1,4,7,0,0,8.18,31.41871,77.16989,NH22_Shimla_Manali,Himachal Pradesh
Arunachal Pradesh,Unknown,2018,December,Saturday,3:45,Serious,5,Auto-Rickshaw,3,3,Clear,National Highway,Damaged,Dusk,,72,37,Male,Valid,Yes,Straight Road,2,3,12,5,0,0,0,3,1,5,3,0,0,5.45,32.22533,74.92983,NH44_North,Jammu & Kashmir
Nagaland,Unknown,2020,July,Sunday,14:58,Minor,5,Cycle,8,5,Stormy,National Highway,Dry,Dark,Signals,80,19,Male,Valid,Yes,Intersection,1,14,7,6,0,4,1,0,1,5,8,0,0,8.18,28.05699,77.35409,NH44_Delhi_Agra,Uttar Pradesh
West Bengal,Kolkata,2023,May,Tuesday,13:36,Minor,5,Two-Wheeler,0,4,Hazy,Urban Road,Damaged,Dark,Signals,61,53,Female,Expired,No,Intersection,1,13,5,1,2,2,0,0,0,5,0,0,0,4.24,27.47953,77.78779,NH44_Delhi_Agra,Uttar Pradesh
Odisha,Unknown,2019,March,Thursday,15:5,Serious,1,Car,6,0,Hazy,State Highway,Dry,Dawn,Signs,90,69,Female,Valid,No,Bridge,2,15,3,3,1,2,1,1,0,1,6,0,0,3.03,25.89188,90.18738,NH52_Barasat_Guwahati,West Bengal / Assam
West Bengal,Siliguri,2023,February,Saturday,0:13,Fatal,1,Bus,7,4,Hazy,State Highway,Dry,Daylight,Signs,71,31,Male,Valid,Yes,Bridge,3,0,2,5,1,2,1,2,1,1,7,0,0,8.18,11.22022,77.9233,NH7_Varanasi_Kanyakumari,MP / Karnataka / TN
Jammu and Kashmir,Unknown,2023,August,Sunday,14:59,Fatal,2,Truck,9,4,Stormy,National Highway,Under Construction,Dark,,88,59,Female,,No,Intersection,3,14,8,6,0,4,2,0,0,2,9,0,0,8.18,19.87778,78.72729,NH44_Nagpur_Hyderabad,Telangana
Chhattisgarh,Unknown,2018,April,Sunday,6:33,Fatal,1,Bus,0,2,Foggy,State Highway,Dry,Dusk,Signals,68,32,Male,Valid,Yes,Bridge,3,6,4,6,1,1,1,3,1,1,0,0,0,4.24,21.7121,79.12814,NH44_Agra_Nagpur,Madhya Pradesh
Punjab,Unknown,2018,May,Saturday,7:0,Minor,1,Two-Wheeler,2,4,Hazy,Village Road,Damaged,Dawn,Signs,42,57,Female,Expired,No,Straight Road,1,7,5,5,3,2,0,1,0,1,2,0,0,4.85,26.93917,75.74929,NH48_Delhi_Mumbai,Rajasthan / Gujarat
Manipur,Unknown,2019,October,Thursday,2:4,Minor,2,Cycle,4,5,Clear,Urban Road,Under Construction,Daylight,Signs,58,18,Female,,No,Curve,1,2,10,3,2,0,2,2,0,2,4,0,0,6.36,23.09029,72.53535,NH27_East_West,Rajasthan / MP / UP
West Bengal,Durgapur,2018,September,Thursday,18:31,Serious,5,Truck,3,5,Foggy,State Highway,Under Construction,Daylight,,100,18,Male,Valid,No,Curve,2,18,9,3,1,1,2,2,0,5,3,0,0,6.67,19.65277,73.30349,NH48_Delhi_Mumbai,Rajasthan / Gujarat
Manipur,Unknown,2019,March,Wednesday,13:17,Serious,4,Pedestrian,3,3,Rainy,Urban Road,Under Construction,Daylight,,111,31,Female,,No,Straight Road,2,13,3,2,2,3,2,2,0,4,3,0,0,4.85,17.83742,74.83733,NH9_Pune_Hyderabad,Maharashtra / Telangana
Himachal Pradesh,Unknown,2023,March,Sunday,15:2,Fatal,1,Cycle,2,4,Foggy,State Highway,Wet,Dusk,Signals,89,58,Male,,No,Curve,3,15,3,6,1,1,3,3,0,1,2,0,0,6.06,26.90029,80.98442,NH27_East_West,Rajasthan / MP / UP
Delhi,Dwarka,2022,March,Sunday,17:14,Minor,4,Auto-Rickshaw,8,2,Foggy,National Highway,Dry,Daylight,,61,35,Male,,No,Straight Road,1,17,3,6,0,1,1,2,0,4,8,0,0,4.85,24.84318,83.82413,NH19_Delhi_Kolkata,Uttar Pradesh / Bihar
Nagaland,Unknown,2019,September,Thursday,9:24,Minor,2,Car,8,5,Stormy,State Highway,Wet,Dark,Police Checkpost,90,49,Female,Valid,No,Intersection,1,9,9,3,1,4,3,0,0,2,8,0,0,7.58,18.57031,73.78896,NH9_Pune_Hyderabad,Maharashtra / Telangana
Punjab,Unknown,2019,September,Thursday,0:49,Minor,3,Pedestrian,8,0,Hazy,National Highway,Wet,Daylight,,99,29,Male,Expired,Yes,Intersection,1,0,9,3,0,2,3,2,1,3,8,0,0,3.64,13.09012,80.21218,NH44_Bangalore_Chennai,Tamil Nadu
Himachal Pradesh,Unknown,2020,January,Tuesday,17:24,Serious,4,Auto-Rickshaw,5,4,Hazy,Urban Road,Dry,Dark,,111,37,Female,Valid,Yes,Intersection,2,17,1,1,2,2,1,0,1,4,5,0,0,6.97,21.12871,72.8614,NH48_Delhi_Mumbai,Rajasthan / Gujarat
Haryana,Unknown,2023,January,Friday,0:26,Minor,1,Bus,3,1,Stormy,State Highway,Under Construction,Dusk,Signs,98,56,Female,Valid,Yes,Intersection,1,0,1,4,1,4,2,3,1,1,3,0,0,3.03,28.25435,77.12883,NH44_Delhi_Agra,Uttar Pradesh
Sikkim,Unknown,2023,July,Friday,12:30,Minor,2,Cycle,4,0,Rainy,National Highway,Dry,Dark,,37,67,Male,,No,Bridge,1,12,7,4,0,3,1,0,0,2,4,0,0,1.82,19.36481,84.72761,NH16_Kolkata_Chennai,Odisha / Andhra Pradesh
Mizoram,Unknown,2021,January,Wednesday,15:27,Fatal,1,Cycle,10,5,Hazy,State Highway,Dry,Dark,,67,45,Male,,Yes,Intersection,3,15,1,2,1,2,1,0,1,1,10,0,0,10.0,17.13594,77.27946,NH9_Pune_Hyderabad,Maharashtra / Telangana
Sikkim,Unknown,2021,February,Saturday,10:12,Serious,5,Pedestrian,3,1,Foggy,Urban Road,Dry,Dark,Signs,78,56,Male,,No,Bridge,2,10,2,5,2,1,1,0,0,5,3,0,0,3.03,12.66013,77.92703,NH44_Bangalore_Chennai,Tamil Nadu
Sikkim,Unknown,2020,August,Friday,8:34,Serious,4,Two-Wheeler,8,4,Rainy,National Highway,Wet,Dark,Police Checkpost,73,70,Male,Expired,No,Curve,2,8,8,4,0,3,3,0,0,4,8,0,0,7.27,9.47818,77.28308,NH66_West_Coast,Maharashtra / Kerala
Telangana,Unknown,2020,March,Wednesday,8:29,Fatal,3,Cycle,6,1,Clear,State Highway,Under Construction,Dusk,Police Checkpost,41,24,Female,,No,Bridge,3,8,3,2,1,0,2,3,0,3,6,0,0,4.55,31.08076,77.13042,NH22_Shimla_Manali,Himachal Pradesh
Meghalaya,Unknown,2019,February,Tuesday,17:2,Fatal,5,Two-Wheeler,0,1,Foggy,Village Road,Dry,Daylight,,100,52,Male,Expired,No,Intersection,3,17,2,1,3,1,1,2,0,5,0,0,0,2.73,23.00361,80.49138,NH7_Varanasi_Kanyakumari,MP / Karnataka / TN
Chhattisgarh,Unknown,2022,July,Monday,19:58,Fatal,3,Bus,10,0,Clear,State Highway,Dry,Dark,Signs,54,54,Male,Expired,No,Intersection,3,19,7,0,1,0,1,0,0,3,10,0,0,4.85,21.69009,79.13461,NH44_Agra_Nagpur,Madhya Pradesh
Gujarat,Surat,2022,December,Thursday,2:20,Minor,5,Cycle,5,1,Clear,Urban Road,Under Construction,Dark,Signs,84,61,Female,,No,Intersection,1,2,12,3,2,0,2,0,0,5,5,0,0,3.03,23.96809,79.07551,NH44_Agra_Nagpur,Madhya Pradesh
Jharkhand,Unknown,2022,July,Thursday,14:18,Serious,4,Truck,4,1,Foggy,National Highway,Under Construction,Dawn,,103,58,Female,,Yes,Straight Road,2,14,7,3,0,1,2,1,1,4,4,0,0,3.94,30.26993,79.08922,NH58_Delhi_Badrinath,Uttarakhand
Chhattisgarh,Unknown,2019,October,Saturday,8:59,Minor,3,Pedestrian,8,5,Rainy,Urban Road,Wet,Dusk,Signs,103,62,Female,Expired,No,Curve,1,8,10,5,2,3,3,3,0,3,8,0,0,7.58,26.82238,78.18022,NH44_Agra_Nagpur,Madhya Pradesh
Nagaland,Unknown,2019,September,Saturday,21:35,Serious,5,Auto-Rickshaw,10,4,Rainy,Urban Road,Dry,Dusk,Signals,97,28,Male,Valid,No,Straight Road,2,21,9,5,2,3,1,3,0,5,10,0,0,7.88,22.38418,72.17898,NH48_Delhi_Mumbai,Rajasthan / Gujarat
Assam,Unknown,2023,September,Saturday,23:25,Fatal,1,Bus,1,3,Clear,National Highway,Under Construction,Daylight,Police Checkpost,60,48,Male,Valid,Yes,Intersection,3,23,9,5,0,0,2,2,1,1,1,0,0,5.45,12.97751,74.92362,NH66_West_Coast,Maharashtra / Kerala
Tripura,Unknown,2018,July,Thursday,12:28,Fatal,5,Auto-Rickshaw,1,0,Foggy,National Highway,Damaged,Dawn,,38,49,Female,,No,Intersection,3,12,7,3,0,1,0,1,0,5,1,0,0,2.12,21.25848,72.77835,NH48_Delhi_Mumbai,Rajasthan / Gujarat
Bihar,Unknown,2018,January,Thursday,14:33,Fatal,4,Auto-Rickshaw,0,2,Foggy,State Highway,Under Construction,Dusk,Signals,56,56,Male,Valid,No,Intersection,3,14,1,3,1,1,2,3,0,4,0,0,0,3.64,22.9265,80.42813,NH7_Varanasi_Kanyakumari,MP / Karnataka / TN
Goa,Unknown,2022,August,Wednesday,14:42,Fatal,2,Two-Wheeler,9,2,Clear,Urban Road,Under Construction,Daylight,,100,59,Male,Expired,No,Intersection,3,14,8,2,2,0,2,2,0,2,9,0,0,6.36,18.6832,84.2303,NH16_Kolkata_Chennai,Odisha / Andhra Pradesh
Assam,Unknown,2020,June,Tuesday,0:49,Fatal,2,Two-Wheeler,9,5,Hazy,Urban Road,Wet,Dark,Signs,79,22,Female,Expired,No,Bridge,3,0,6,1,2,2,3,0,0,2,9,0,0,9.09,26.9484,78.17502,NH44_Delhi_Agra,Uttar Pradesh
Mizoram,Unknown,2020,June,Tuesday,9:21,Fatal,4,Bus,0,4,Stormy,Village Road,Damaged,Dark,Police Checkpost,104,18,Female,,Yes,Intersection,3,9,6,1,3,4,0,0,1,4,0,0,0,6.06,8.22643,77.25466,NH7_Varanasi_Kanyakumari,MP / Karnataka / TN
Nagaland,Unknown,2020,June,Sunday,13:47,Serious,1,Auto-Rickshaw,10,2,Hazy,Village Road,Wet,Dusk,Signals,40,60,Female,Expired,No,Bridge,2,13,6,6,3,2,3,3,0,1,10,0,0,6.06,24.80944,89.8091,NH52_Barasat_Guwahati,West Bengal / Assam
West Bengal,Kolkata,2018,December,Sunday,11:33,Fatal,4,Car,2,5,Hazy,Village Road,Under Construction,Daylight,Signs,49,49,Male,Valid,Yes,Curve,3,11,12,6,3,2,2,2,1,4,2,0,0,7.58,12.31035,78.05314,NH44_Bangalore_Chennai,Tamil Nadu
Manipur,Unknown,2022,August,Sunday,14:5,Fatal,3,Two-Wheeler,10,4,Stormy,Urban Road,Damaged,Dawn,Signals,93,70,Female,Expired,Yes,Intersection,3,14,8,6,2,4,0,1,1,3,10,0,0,9.09,26.2826,78.44567,NH44_Agra_Nagpur,Madhya Pradesh
Goa,Unknown,2022,January,Sunday,1:23,Minor,4,Truck,10,1,Hazy,National Highway,Damaged,Daylight,,59,48,Male,,No,Straight Road,1,1,1,6,0,2,0,2,0,4,10,0,0,4.55,25.33878,83.05263,NH19_Delhi_Kolkata,Uttar Pradesh / Bihar
Maharashtra,Nagpur,2023,December,Sunday,15:36,Fatal,2,Cycle,6,2,Clear,Urban Road,Damaged,Daylight,Police Checkpost,46,49,Female,Expired,Yes,Intersection,3,15,12,6,2,0,0,2,1,2,6,0,0,6.06,16.5812,77.61621,NH44_Hyderabad_Bangalore,Karnataka
Goa,Unknown,2020,January,Friday,4:11,Serious,5,Two-Wheeler,9,2,Clear,Urban Road,Wet,Daylight,Signs,49,34,Female,Valid,Yes,Straight Road,2,4,1,4,2,0,3,2,1,5,9,0,0,6.36,25.48412,78.51815,NH44_Agra_Nagpur,Madhya Pradesh
Mizoram,Unknown,2018,January,Tuesday,18:22,Serious,4,Pedestrian,4,5,Rainy,State Highway,Dry,Daylight,Police Checkpost,46,62,Female,Expired,Yes,Curve,2,18,1,1,1,3,1,2,1,4,4,0,0,7.58,26.29133,81.50603,NH19_Delhi_Kolkata,Uttar Pradesh / Bihar
Sikkim,Unknown,2019,April,Sunday,21:28,Serious,2,Two-Wheeler,0,2,Rainy,State Highway,Under Construction,Daylight,Police Checkpost,109,21,Male,Valid,Yes,Straight Road,2,21,4,6,1,3,2,2,1,2,0,0,0,3.64,23.84439,81.30176,NH7_Varanasi_Kanyakumari,MP / Karnataka / TN
Haryana,Unknown,2019,January,Sunday,20:13,Minor,3,Auto-Rickshaw,2,4,Clear,Village Road,Dry,Dark,,96,53,Male,,Yes,Intersection,1,20,1,6,3,0,1,0,1,3,2,0,0,5.45,26.30719,75.19383,NH48_Delhi_Mumbai,Rajasthan / Gujarat
Tripura,Unknown,2019,May,Friday,5:23,Serious,5,Pedestrian,6,0,Rainy,State Highway,Under Construction,Dawn,Police Checkpost,35,40,Female,,Yes,Bridge,2,5,5,4,1,3,2,1,1,5,6,0,0,3.64,32.31009,74.95379,NH44_North,Jammu & Kashmir
Assam,Unknown,2023,January,Tuesday,8:24,Fatal,2,Two-Wheeler,6,1,Clear,Village Road,Under Construction,Dark,Signals,95,21,Female,,Yes,Bridge,3,8,1,1,3,0,2,0,1,2,6,0,0,5.15,23.52155,86.07897,NH19_Delhi_Kolkata,Uttar Pradesh / Bihar
Maharashtra,Nagpur,2022,July,Wednesday,5:39,Fatal,5,Pedestrian,10,0,Stormy,State Highway,Damaged,Daylight,Signals,75,37,Female,Expired,Yes,Straight Road,3,5,7,2,1,4,0,2,1,5,10,0,0,5.45,32.40751,77.22752,NH22_Shimla_Manali,Himachal Pradesh
Manipur,Unknown,2021,February,Wednesday,23:9,Fatal,3,Auto-Rickshaw,9,1,Rainy,National Highway,Damaged,Dawn,Signs,49,36,Male,,No,Bridge,3,23,2,2,0,3,0,1,0,3,9,0,0,5.45,24.89367,77.18237,NH27_East_West,Rajasthan / MP / UP
Madhya Pradesh,Unknown,2023,April,Tuesday,13:9,Fatal,2,Cycle,7,1,Rainy,Village Road,Dry,Dawn,Signals,65,35,Male,,Yes,Straight Road,3,13,4,1,3,3,1,1,1,2,7,0,0,5.45,33.47696,75.07769,NH44_North,Jammu & Kashmir
Bihar,Unknown,2018,December,Tuesday,14:40,Fatal,2,Car,1,5,Rainy,National Highway,Damaged,Dusk,Signs,101,45,Male,Expired,No,Curve,3,14,12,1,0,3,0,3,0,2,1,0,0,6.67,32.67353,74.88298,NH44_North,Jammu & Kashmir
Kerala,Unknown,2022,April,Saturday,8:40,Serious,5,Two-Wheeler,7,2,Stormy,State Highway,Under Construction,Dawn,Police Checkpost,106,54,Male,Valid,Yes,Bridge,2,8,4,5,1,4,2,1,1,5,7,0,0,5.76,26.30658,75.18652,NH48_Delhi_Mumbai,Rajasthan / Gujarat
Chandigarh,Unknown,2022,August,Monday,20:7,Minor,2,Bus,3,1,Foggy,Urban Road,Under Construction,Dusk,,101,49,Female,Valid,Yes,Curve,1,20,8,0,2,1,2,3,1,2,3,0,0,3.03,16.62166,73.27566,NH48_Mumbai_Bangalore,Maharashtra / Karnataka
Karnataka,Mangalore,2019,July,Saturday,14:12,Serious,4,Cycle,8,0,Stormy,State Highway,Dry,Dusk,Signals,68,50,Female,,Yes,Straight Road,2,14,7,5,1,4,1,3,1,4,8,0,0,4.24,12.76563,77.61814,NH44_Bangalore_Chennai,Tamil Nadu
Karnataka,Mangalore,2020,June,Friday,13:0,Serious,5,Bus,4,1,Hazy,Village Road,Under Construction,Dusk,,66,34,Female,,No,Straight Road,2,13,6,4,3,2,2,3,0,5,4,0,0,3.33,21.94246,72.15406,NH48_Delhi_Mumbai,Rajasthan / Gujarat
Puducherry,Unknown,2019,November,Thursday,21:57,Serious,2,Car,10,2,Rainy,National Highway,Damaged,Dark,Police Checkpost,118,42,Male,Valid,Yes,Bridge,2,21,11,3,0,3,0,0,1,2,10,0,0,6.67,14.50642,75.71718,NH48_Mumbai_Bangalore,Maharashtra / Karnataka
Maharashtra,Pune,2020,February,Saturday,12:6,Fatal,4,Truck,1,0,Foggy,State Highway,Damaged,Dusk,Signals,71,20,Female,Valid,No,Bridge,3,12,2,5,1,1,0,3,0,4,1,0,0,2.12,27.44688,77.68443,NH44_Delhi_Agra,Uttar Pradesh
Goa,Unknown,2021,March,Saturday,3:39,Serious,2,Bus,6,4,Hazy,Village Road,Under Construction,Dark,Signals,30,66,Male,Expired,No,Curve,2,3,3,5,3,2,2,0,0,2,6,0,0,6.67,27.36195,77.73384,NH44_Delhi_Agra,Uttar Pradesh
Assam,Unknown,2021,August,Sunday,7:34,Fatal,5,Bus,3,3,Hazy,Urban Road,Wet,Dawn,,32,60,Female,,Yes,Intersection,3,7,8,6,2,2,3,1,1,5,3,0,0,6.06,17.32344,73.49461,NH48_Mumbai_Bangalore,Maharashtra / Karnataka
Chandigarh,Unknown,2020,May,Wednesday,16:58,Serious,2,Auto-Rickshaw,2,5,Clear,Village Road,Wet,Dusk,Police Checkpost,107,60,Female,Expired,No,Bridge,2,16,5,2,3,0,3,3,0,2,2,0,0,6.36,25.33748,82.9493,NH7_Varanasi_Kanyakumari,MP / Karnataka / TN
Meghalaya,Unknown,2021,May,Sunday,0:22,Minor,1,Cycle,0,2,Foggy,State Highway,Damaged,Dark,,112,37,Female,Valid,No,Intersection,1,0,5,6,1,1,0,0,0,1,0,0,0,2.42,28.65943,77.18909,NH48_Delhi_Mumbai,Rajasthan / Gujarat
Odisha,Unknown,2023,January,Saturday,13:7,Serious,5,Truck,10,0,Clear,State Highway,Dry,Daylight,Signals,78,44,Female,Expired,No,Curve,2,13,1,5,1,0,1,2,0,5,10,0,0,4.24,12.24346,79.26053,NH44_Bangalore_Chennai,Tamil Nadu
Nagaland,Unknown,2019,September,Tuesday,19:5,Fatal,1,Cycle,5,3,Rainy,Village Road,Wet,Dark,Police Checkpost,31,20,Female,,Yes,Bridge,3,19,9,1,3,3,3,0,1,1,5,0,0,6.67,24.81177,84.89985,NH30_Patna_Visakhapatnam,Chhattisgarh
Odisha,Unknown,2020,October,Friday,14:37,Minor,3,Bus,2,0,Clear,Urban Road,Under Construction,Dusk,Signals,104,43,Male,,Yes,Straight Road,1,14,10,4,2,0,2,3,1,3,2,0,0,1.82,8.26291,77.16842,NH7_Varanasi_Kanyakumari,MP / Karnataka / TN
Tamil Nadu,Madurai,2021,May,Friday,14:10,Minor,5,Truck,5,4,Rainy,Urban Road,Under Construction,Daylight,Signals,72,22,Male,,Yes,Bridge,1,14,5,4,2,3,2,2,1,5,5,0,0,6.36,19.89181,79.42784,NH7_Varanasi_Kanyakumari,MP / Karnataka / TN
Goa,Unknown,2020,September,Tuesday,17:31,Fatal,1,Cycle,8,5,Rainy,National Highway,Under Construction,Daylight,Police Checkpost,107,20,Female,Expired,Yes,Straight Road,3,17,9,1,0,3,2,2,1,1,8,0,0,9.39,17.41497,78.52924,NH7_Varanasi_Kanyakumari,MP / Karnataka / TN
Manipur,Unknown,2023,February,Thursday,22:5,Fatal,1,Truck,6,3,Foggy,State Highway,Under Construction,Daylight,,52,70,Female,Expired,No,Curve,3,22,2,3,1,1,2,2,0,1,6,0,0,6.36,12.58951,79.46342,NH44_Bangalore_Chennai,Tamil Nadu
Delhi,New Delhi,2020,November,Saturday,20:51,Serious,4,Two-Wheeler,3,4,Hazy,State Highway,Damaged,Dusk,Signals,57,51,Male,,Yes,Bridge,2,20,11,5,1,2,0,3,1,4,3,0,0,6.36,25.86932,90.2541,NH52_Barasat_Guwahati,West Bengal / Assam
Sikkim,Unknown,2018,June,Wednesday,1:5,Serious,5,Two-Wheeler,5,2,Foggy,National Highway,Dry,Dawn,Signs,105,26,Female,,Yes,Bridge,2,1,6,2,0,1,1,1,1,5,5,0,0,5.15,27.22541,82.48748,NH27_East_West,Rajasthan / MP / UP
Karnataka,Bangalore,2021,September,Saturday,11:4,Minor,4,Auto-Rickshaw,10,3,Clear,Village Road,Dry,Dark,Police Checkpost,56,37,Female,Valid,Yes,Bridge,1,11,9,5,3,0,1,0,1,4,10,0,0,6.97,24.82834,89.92805,NH52_Barasat_Guwahati,West Bengal / Assam
Maharashtra,Nagpur,2019,April,Wednesday,2:30,Fatal,5,Pedestrian,0,4,Rainy,Village Road,Damaged,Daylight,,99,50,Male,Valid,No,Curve,3,2,4,2,3,3,0,2,0,5,0,0,0,5.45,17.64983,78.6012,NH44_Nagpur_Hyderabad,Telangana
Delhi,New Delhi,2018,December,Thursday,0:2,Minor,4,Bus,8,3,Hazy,State Highway,Damaged,Daylight,,48,47,Male,,Yes,Curve,1,0,12,3,1,2,0,2,1,4,8,0,0,6.36,32.47822,77.23375,NH22_Shimla_Manali,Himachal Pradesh
Haryana,Unknown,2019,April,Friday,23:24,Minor,5,Two-Wheeler,5,3,Rainy,Urban Road,Damaged,Dawn,Signs,59,32,Female,,Yes,Bridge,1,23,4,4,2,3,0,1,1,5,5,0,0,5.45,22.32946,70.21052,NH27_East_West,Rajasthan / MP / UP
Assam,Unknown,2018,September,Friday,5:4,Serious,3,Truck,9,5,Foggy,State Highway,Wet,Dark,Signs,51,45,Female,Valid,No,Curve,2,5,9,4,1,1,3,0,0,3,9,0,0,8.48,26.78605,84.19194,NH27_East_West,Rajasthan / MP / UP
Jharkhand,Unknown,2019,December,Saturday,14:33,Minor,4,Cycle,2,1,Rainy,Village Road,Under Construction,Dark,Signals,115,48,Male,Expired,No,Straight Road,1,14,12,5,3,3,2,0,0,4,2,0,0,2.12,18.58829,84.20008,NH16_Kolkata_Chennai,Odisha / Andhra Pradesh
Nagaland,Unknown,2019,February,Monday,13:27,Fatal,2,Bus,8,5,Stormy,National Highway,Dry,Dark,Signals,46,43,Female,Expired,No,Bridge,3,13,2,0,0,4,1,0,0,2,8,0,0,8.79,26.2658,81.48998,NH19_Delhi_Kolkata,Uttar Pradesh / Bihar
Delhi,Rohini,2018,June,Thursday,3:42,Minor,2,Auto-Rickshaw,5,3,Rainy,Urban Road,Under Construction,Dusk,Signs,69,64,Male,Valid,No,Curve,1,3,6,3,2,3,2,3,0,2,5,0,0,4.85,27.48895,76.58048,NH48_Delhi_Mumbai,Rajasthan / Gujarat
Maharashtra,Mumbai,2022,November,Wednesday,2:40,Serious,4,Two-Wheeler,1,0,Hazy,Urban Road,Under Construction,Dark,Signs,119,37,Female,Valid,Yes,Straight Road,2,2,11,2,2,2,2,0,1,4,1,0,0,2.12,28.28538,77.88701,NH19_Delhi_Kolkata,Uttar Pradesh / Bihar
Himachal Pradesh,Unknown,2019,July,Wednesday,6:56,Serious,5,Auto-Rickshaw,2,1,Rainy,National Highway,Dry,Daylight,Signs,60,42,Female,Valid,No,Bridge,2,6,7,2,0,3,1,2,0,5,2,0,0,2.73,26.21937,81.47087,NH19_Delhi_Kolkata,Uttar Pradesh / Bihar
Gujarat,Vadodara,2019,January,Thursday,17:33,Fatal,2,Truck,4,1,Hazy,National Highway,Wet,Dark,Signs,46,23,Female,Valid,No,Curve,3,17,1,3,0,2,3,0,0,2,4,0,0,3.94,24.86504,89.84476,NH52_Barasat_Guwahati,West Bengal / Assam
Tamil Nadu,Coimbatore,2018,November,Sunday,15:36,Minor,1,Auto-Rickshaw,8,0,Hazy,State Highway,Under Construction,Dawn,,103,47,Male,Expired,Yes,Straight Road,1,15,11,6,1,2,2,1,1,1,8,0,0,3.64,25.85628,90.21774,NH52_Barasat_Guwahati,West Bengal / Assam
Assam,Unknown,2020,May,Saturday,20:2,Fatal,4,Cycle,7,2,Clear,State Highway,Wet,Dawn,Signs,75,55,Female,,Yes,Bridge,3,20,5,5,1,0,3,1,1,4,7,0,0,6.36,26.26664,81.40442,NH19_Delhi_Kolkata,Uttar Pradesh / Bihar
Kerala,Unknown,2019,October,Friday,12:24,Serious,5,Bus,1,4,Stormy,Urban Road,Dry,Dark,Signs,75,39,Male,Expired,No,Intersection,2,12,10,4,2,4,1,0,0,5,1,0,0,5.15,17.71156,83.2742,NH16_Kolkata_Chennai,Odisha / Andhra Pradesh
Rajasthan,Udaipur,2020,May,Sunday,14:39,Serious,3,Car,10,4,Rainy,National Highway,Damaged,Dark,,56,39,Female,,Yes,Bridge,2,14,5,6,0,3,0,0,1,3,10,0,0,8.48,23.50561,73.23292,NH27_East_West,Rajasthan / MP / UP
Andhra Pradesh,Tirupati,2020,February,Tuesday,18:24,Minor,3,Pedestrian,9,3,Stormy,Urban Road,Dry,Dusk,,57,59,Male,,Yes,Bridge,1,18,2,1,2,4,1,3,1,3,9,0,0,6.67,19.2207,78.55601,NH44_Nagpur_Hyderabad,Telangana
Delhi,Rohini,2018,January,Friday,13:21,Fatal,5,Pedestrian,9,5,Foggy,State Highway,Damaged,Dark,,45,52,Female,Expired,Yes,Straight Road,3,13,1,4,1,1,0,0,1,5,9,0,0,9.7,24.88901,89.82889,NH52_Barasat_Guwahati,West Bengal / Assam
Puducherry,Unknown,2018,August,Sunday,10:45,Minor,4,Auto-Rickshaw,3,0,Foggy,National Highway,Damaged,Dark,Police Checkpost,88,69,Female,Valid,Yes,Intersection,1,10,8,6,0,1,0,0,1,4,3,0,0,2.12,28.28412,76.94326,NH48_Delhi_Mumbai,Rajasthan / Gujarat
Gujarat,Ahmedabad,2020,April,Monday,2:24,Serious,1,Cycle,10,4,Rainy,Village Road,Dry,Dark,Signs,114,42,Male,,Yes,Curve,2,2,4,0,3,3,1,0,1,1,10,0,0,8.48,24.82432,89.94177,NH52_Barasat_Guwahati,West Bengal / Assam
Uttarakhand,Unknown,2023,July,Wednesday,10:24,Minor,1,Two-Wheeler,7,1,Foggy,Urban Road,Damaged,Dusk,Signals,32,19,Female,Valid,No,Curve,1,10,7,2,2,1,0,3,0,1,7,0,0,3.64,23.50972,86.11488,NH19_Delhi_Kolkata,Uttar Pradesh / Bihar
Odisha,Unknown,2019,November,Friday,11:43,Serious,3,Car,0,5,Rainy,Urban Road,Under Construction,Dusk,Signals,105,39,Male,,No,Bridge,2,11,11,4,2,3,2,3,0,3,0,0,0,5.76,13.07332,80.23482,NH44_Bangalore_Chennai,Tamil Nadu
Delhi,Rohini,2020,October,Tuesday,23:18,Fatal,5,Two-Wheeler,7,1,Stormy,National Highway,Dry,Dark,Signs,112,21,Male,Expired,No,Curve,3,23,10,1,0,4,1,0,0,5,7,0,0,4.85,19.04135,72.8573,NH48_Mumbai_Bangalore,Maharashtra / Karnataka
Arunachal Pradesh,Unknown,2023,December,Wednesday,10:34,Minor,2,Two-Wheeler,9,5,Rainy,Village Road,Damaged,Dark,Signs,102,45,Female,Valid,Yes,Curve,1,10,12,2,3,3,0,0,1,2,9,0,0,8.48,23.6871,73.25693,NH48_Delhi_Mumbai,Rajasthan / Gujarat
Uttar Pradesh,Varanasi,2021,June,Monday,20:31,Fatal,1,Cycle,10,2,Stormy,Village Road,Dry,Dusk,Police Checkpost,87,27,Male,Expired,No,Intersection,3,20,6,0,3,4,1,3,0,1,10,0,0,6.67,28.64275,77.20149,NH19_Delhi_Kolkata,Uttar Pradesh / Bihar
Chhattisgarh,Unknown,2023,March,Monday,12:48,Fatal,3,Bus,9,3,Rainy,National Highway,Under Construction,Dawn,,71,42,Female,Valid,Yes,Bridge,3,12,3,0,0,3,2,1,1,3,9,0,0,7.88,32.04582,77.05767,NH22_Shimla_Manali,Himachal Pradesh
Assam,Unknown,2019,March,Thursday,22:42,Fatal,3,Truck,3,5,Stormy,National Highway,Dry,Dark,Signs,47,20,Male,Valid,Yes,Bridge,3,22,3,3,0,4,1,0,1,3,3,0,0,7.88,16.49022,77.61636,NH44_Hyderabad_Bangalore,Karnataka
Manipur,Unknown,2018,December,Thursday,22:52,Serious,2,Pedestrian,5,0,Rainy,Village Road,Under Construction,Dark,,39,38,Male,,No,Bridge,2,22,12,3,3,3,2,0,0,2,5,0,0,2.73,28.4611,77.20131,NH44_Delhi_Agra,Uttar Pradesh
Kerala,Unknown,2023,August,Sunday,9:21,Minor,4,Bus,10,1,Foggy,Urban Road,Wet,Daylight,Signs,37,33,Female,Expired,Yes,Straight Road,1,9,8,6,2,1,3,2,1,4,10,0,0,5.15,21.82046,80.24585,NH7_Varanasi_Kanyakumari,MP / Karnataka / TN
Andhra Pradesh,Visakhapatnam,2021,May,Saturday,15:12,Minor,1,Cycle,3,0,Clear,State Highway,Dry,Daylight,Police Checkpost,86,23,Male,Valid,No,Straight Road,1,15,5,5,1,0,1,2,0,1,3,0,0,1.52,19.94413,85.52112,NH16_Kolkata_Chennai,Odisha / Andhra Pradesh
Goa,Unknown,2023,March,Saturday,1:12,Minor,4,Truck,6,2,Clear,National Highway,Wet,Dusk,Signs,65,40,Female,Valid,Yes,Curve,1,1,3,5,0,0,3,3,1,4,6,0,0,4.85,33.70424,74.92223,NH44_North,Jammu & Kashmir
Delhi,Dwarka,2021,June,Tuesday,15:28,Serious,3,Two-Wheeler,7,5,Hazy,Village Road,Under Construction,Daylight,Signs,95,24,Female,,No,Intersection,2,15,6,1,3,2,2,2,0,3,7,0,0,7.88,26.14804,91.71397,NH52_Barasat_Guwahati,West Bengal / Assam
Tamil Nadu,Madurai,2023,February,Friday,13:19,Fatal,5,Cycle,7,5,Hazy,State Highway,Wet,Daylight,Police Checkpost,42,55,Female,Valid,Yes,Bridge,3,13,2,4,1,2,3,2,1,5,7,0,0,9.09,24.8102,77.20711,NH27_East_West,Rajasthan / MP / UP
Uttar Pradesh,Lucknow,2020,September,Monday,17:45,Fatal,1,Pedestrian,7,5,Rainy,State Highway,Under Construction,Dawn,Police Checkpost,76,18,Female,,Yes,Intersection,3,17,9,0,1,3,2,1,1,1,7,0,0,9.09,14.90861,79.93973,NH16_Kolkata_Chennai,Odisha / Andhra Pradesh
Mizoram,Unknown,2023,December,Monday,15:54,Serious,5,Pedestrian,2,0,Hazy,State Highway,Under Construction,Dark,Police Checkpost,38,66,Male,Valid,No,Straight Road,2,15,12,0,1,2,2,0,0,5,2,0,0,1.82,23.01116,79.44813,NH44_Agra_Nagpur,Madhya Pradesh
Tamil Nadu,Chennai,2023,June,Saturday,9:34,Serious,5,Auto-Rickshaw,0,5,Hazy,National Highway,Wet,Daylight,Signals,37,50,Female,Valid,No,Bridge,2,9,6,5,0,2,3,2,0,5,0,0,0,5.76,32.05274,77.13463,NH22_Shimla_Manali,Himachal Pradesh
Tripura,Unknown,2023,May,Thursday,7:8,Fatal,3,Auto-Rickshaw,8,3,Stormy,National Highway,Wet,Dawn,Police Checkpost,36,56,Male,Valid,No,Bridge,3,7,5,3,0,4,3,1,0,3,8,0,0,6.97,11.25965,77.8756,NH7_Varanasi_Kanyakumari,MP / Karnataka / TN
Odisha,Unknown,2019,May,Saturday,19:44,Serious,1,Bus,10,3,Rainy,Urban Road,Damaged,Dusk,,104,53,Female,Valid,No,Bridge,2,19,5,5,2,3,0,3,0,1,10,0,0,6.97,15.03805,75.27159,NH48_Mumbai_Bangalore,Maharashtra / Karnataka
Telangana,Unknown,2021,May,Saturday,21:19,Serious,1,Two-Wheeler,4,1,Clear,State Highway,Under Construction,Daylight,Signs,34,19,Female,,Yes,Straight Road,2,21,5,5,1,0,2,2,1,1,4,0,0,3.94,28.54053,77.23271,NH44_Delhi_Agra,Uttar Pradesh
Meghalaya,Unknown,2018,July,Friday,6:57,Minor,1,Bus,2,5,Clear,Village Road,Under Construction,Dusk,Police Checkpost,69,31,Female,Valid,No,Bridge,1,6,7,4,3,0,2,3,0,1,2,0,0,5.76,17.43076,78.51038,NH44_Nagpur_Hyderabad,Telangana
Nagaland,Unknown,2019,April,Sunday,16:46,Serious,3,Car,2,4,Hazy,State Highway,Damaged,Daylight,Signs,105,42,Male,,No,Intersection,2,16,4,6,1,2,0,2,0,3,2,0,0,5.45,25.8981,90.30392,NH52_Barasat_Guwahati,West Bengal / Assam
Karnataka,Mysore,2020,September,Thursday,22:1,Minor,5,Truck,0,3,Foggy,Urban Road,Dry,Dark,Signs,80,51,Female,,Yes,Intersection,1,22,9,3,2,1,1,0,1,5,0,0,0,3.94,28.5653,77.27707,NH44_Delhi_Agra,Uttar Pradesh
Tripura,Unknown,2019,March,Sunday,7:9,Fatal,2,Bus,8,0,Rainy,State Highway,Wet,Daylight,Signs,71,31,Male,Valid,Yes,Curve,3,7,3,6,1,3,3,2,1,2,8,0,0,4.85,11.20442,75.82128,NH66_West_Coast,Maharashtra / Kerala
Jharkhand,Unknown,2019,October,Wednesday,2:18,Serious,5,Two-Wheeler,6,5,Clear,State Highway,Under Construction,Dusk,,64,29,Male,Expired,No,Bridge,2,2,10,2,1,0,2,3,0,5,6,0,0,7.58,16.09878,74.47946,NH48_Mumbai_Bangalore,Maharashtra / Karnataka
Chhattisgarh,Unknown,2022,April,Tuesday,8:58,Minor,4,Bus,3,2,Stormy,National Highway,Damaged,Daylight,Signs,115,70,Male,,No,Curve,1,8,4,1,0,4,0,2,0,4,3,0,0,3.33,24.9289,84.85041,NH30_Patna_Visakhapatnam,Chhattisgarh
Uttarakhand,Unknown,2019,June,Monday,16:15,Minor,3,Car,3,0,Stormy,State Highway,Dry,Dusk,Signals,37,58,Female,,No,Curve,1,16,6,0,1,4,1,3,0,3,3,0,0,1.52,31.05083,77.17323,NH22_Shimla_Manali,Himachal Pradesh
Goa,Unknown,2023,September,Thursday,14:29,Minor,3,Bus,0,1,Foggy,State Highway,Damaged,Dawn,,64,19,Male,,No,Straight Road,1,14,9,3,1,1,0,1,0,3,0,0,0,1.52,34.0643,74.78246,NH44_North,Jammu & Kashmir
Andhra Pradesh,Vijayawada,2019,November,Wednesday,5:52,Serious,4,Cycle,4,3,Foggy,State Highway,Under Construction,Daylight,,117,36,Female,,Yes,Straight Road,2,5,11,2,1,1,2,2,1,4,4,0,0,5.76,13.08979,80.28351,NH16_Kolkata_Chennai,Odisha / Andhra Pradesh
Arunachal Pradesh,Unknown,2021,September,Sunday,18:22,Serious,1,Bus,10,5,Hazy,National Highway,Dry,Daylight,,115,26,Male,Valid,Yes,Intersection,2,18,9,6,0,2,1,2,1,1,10,0,0,9.39,22.94882,71.17425,NH27_East_West,Rajasthan / MP / UP
Kerala,Unknown,2020,May,Friday,3:47,Serious,4,Bus,5,4,Clear,Urban Road,Damaged,Dawn,Signs,110,26,Female,Valid,No,Bridge,2,3,5,4,2,0,0,1,0,4,5,0,0,6.36,25.89596,90.27031,NH52_Barasat_Guwahati,West Bengal / Assam
Rajasthan,Udaipur,2020,April,Tuesday,5:59,Fatal,1,Two-Wheeler,4,3,Hazy,Urban Road,Under Construction,Dark,Signals,36,20,Female,,No,Intersection,3,5,4,1,2,2,2,0,0,1,4,0,0,5.76,26.28487,81.45867,NH19_Delhi_Kolkata,Uttar Pradesh / Bihar
Mizoram,Unknown,2021,May,Monday,15:15,Minor,2,Pedestrian,9,4,Clear,Village Road,Under Construction,Dusk,Signs,49,50,Male,Expired,Yes,Intersection,1,15,5,0,3,0,2,3,1,2,9,0,0,7.58,26.27793,81.40125,NH19_Delhi_Kolkata,Uttar Pradesh / Bihar
Meghalaya,Unknown,2021,April,Sunday,20:40,Fatal,5,Bus,4,4,Foggy,Urban Road,Wet,Dark,Signs,70,46,Male,Valid,No,Intersection,3,20,4,6,2,1,3,0,0,5,4,0,0,6.67,23.89845,79.11974,NH44_Agra_Nagpur,Madhya Pradesh
Tripura,Unknown,2022,September,Tuesday,14:23,Fatal,3,Bus,8,2,Clear,Urban Road,Damaged,Daylight,Signs,101,24,Female,,Yes,Intersection,3,14,9,1,2,0,0,2,1,3,8,0,0,6.67,26.37956,75.26417,NH48_Delhi_Mumbai,Rajasthan / Gujarat
Rajasthan,Jodhpur,2022,July,Sunday,10:2,Serious,5,Auto-Rickshaw,10,1,Rainy,Urban Road,Dry,Daylight,,55,31,Female,,Yes,Straight Road,2,10,7,6,2,3,1,2,1,5,10,0,0,5.76,23.41341,73.16506,NH27_East_West,Rajasthan / MP / UP
Mizoram,Unknown,2022,April,Thursday,5:46,Fatal,4,Cycle,4,5,Hazy,State Highway,Dry,Dawn,,32,61,Male,,Yes,Intersection,3,5,4,3,1,2,1,1,1,4,4,0,0,8.18,13.03965,77.61166,NH48_Mumbai_Bangalore,Maharashtra / Karnataka
Chhattisgarh,Unknown,2021,January,Sunday,0:31,Minor,3,Pedestrian,9,5,Rainy,Urban Road,Damaged,Dawn,Police Checkpost,107,25,Male,,No,Straight Road,1,0,1,6,2,3,0,1,0,3,9,0,0,7.88,27.51682,76.52223,NH48_Delhi_Mumbai,Rajasthan / Gujarat
Mizoram,Unknown,2022,June,Sunday,19:47,Serious,4,Auto-Rickshaw,9,2,Hazy,Village Road,Damaged,Dark,Signs,101,22,Male,,Yes,Curve,2,19,6,6,3,2,0,0,1,4,9,0,0,6.36,27.69643,77.56523,NH44_Delhi_Agra,Uttar Pradesh
Haryana,Unknown,2020,July,Sunday,22:36,Serious,2,Two-Wheeler,10,3,Clear,Urban Road,Damaged,Dark,,61,46,Female,Valid,No,Bridge,2,22,7,6,2,0,0,0,0,2,10,0,0,6.97,13.08848,80.24358,NH16_Kolkata_Chennai,Odisha / Andhra Pradesh
Bihar,Unknown,2021,March,Monday,17:14,Fatal,2,Cycle,8,4,Rainy,National Highway,Damaged,Daylight,,107,70,Male,,No,Intersection,3,17,3,0,0,3,0,2,0,2,8,0,0,7.88,18.50699,73.92074,NH48_Mumbai_Bangalore,Maharashtra / Karnataka
West Bengal,Kolkata,2018,August,Thursday,21:29,Minor,4,Cycle,5,4,Stormy,State Highway,Under Construction,Dawn,Signs,59,29,Male,,Yes,Straight Road,1,21,8,3,1,4,2,1,1,4,5,0,0,6.36,30.18936,79.14836,NH58_Delhi_Badrinath,Uttarakhand
Jharkhand,Unknown,2021,September,Sunday,20:49,Fatal,2,Bus,3,3,Clear,State Highway,Under Construction,Dusk,Signs,62,70,Female,,No,Intersection,3,20,9,6,1,0,2,3,0,2,3,0,0,5.45,22.95834,79.49708,NH44_Agra_Nagpur,Madhya Pradesh
Jammu and Kashmir,Unknown,2023,March,Friday,16:13,Fatal,4,Bus,9,4,Hazy,State Highway,Dry,Dark,,102,59,Female,Valid,Yes,Curve,3,16,3,4,1,2,1,0,1,4,9,0,0,8.79,22.37681,79.1207,NH44_Agra_Nagpur,Madhya Pradesh
Arunachal Pradesh,Unknown,2021,April,Tuesday,11:37,Fatal,1,Auto-Rickshaw,6,1,Clear,National Highway,Under Construction,Dawn,Signs,33,28,Female,Expired,No,Bridge,3,11,4,1,0,0,2,1,0,1,6,0,0,4.55,25.57629,85.14071,NH30_Patna_Visakhapatnam,Chhattisgarh
Odisha,Unknown,2022,November,Wednesday,23:3,Minor,3,Car,2,5,Rainy,Village Road,Dry,Daylight,Signals,31,33,Male,Expired,No,Curve,1,23,11,2,3,3,1,2,0,3,2,0,0,5.76,27.69423,77.60669,NH44_Delhi_Agra,Uttar Pradesh
Meghalaya,Unknown,2019,September,Monday,18:32,Minor,5,Bus,8,2,Foggy,National Highway,Under Construction,Dusk,,58,19,Female,Valid,No,Straight Road,1,18,9,0,0,1,2,3,0,5,8,0,0,4.85,18.56212,73.87452,NH9_Pune_Hyderabad,Maharashtra / Telangana
Chhattisgarh,Unknown,2021,November,Wednesday,9:16,Fatal,1,Cycle,8,2,Stormy,Village Road,Dry,Daylight,Signals,99,56,Male,Expired,No,Bridge,3,9,11,2,3,4,1,2,0,1,8,0,0,6.06,21.80358,79.145,NH44_Agra_Nagpur,Madhya Pradesh
Jammu and Kashmir,Unknown,2022,October,Sunday,16:42,Fatal,1,Two-Wheeler,8,5,Stormy,Village Road,Dry,Daylight,Signals,88,60,Female,,Yes,Bridge,3,16,10,6,3,4,1,2,1,1,8,0,0,9.39,26.89329,75.82147,NH48_Delhi_Mumbai,Rajasthan / Gujarat
Meghalaya,Unknown,2022,October,Thursday,0:51,Minor,3,Cycle,8,0,Foggy,Village Road,Damaged,Dark,Signs,45,23,Male,Expired,Yes,Straight Road,1,0,10,3,3,1,0,0,1,3,8,0,0,3.64,31.49933,77.27133,NH22_Shimla_Manali,Himachal Pradesh
Himachal Pradesh,Unknown,2023,July,Saturday,23:16,Fatal,1,Cycle,10,3,Hazy,Village Road,Dry,Daylight,Signals,101,20,Female,Expired,Yes,Curve,3,23,7,5,3,2,1,2,1,1,10,0,0,8.18,22.99913,79.40952,NH44_Agra_Nagpur,Madhya Pradesh
Andhra Pradesh,Visakhapatnam,2019,May,Wednesday,21:23,Fatal,2,Truck,9,0,Stormy,National Highway,Damaged,Daylight,,61,62,Female,Expired,Yes,Straight Road,3,21,5,2,0,4,0,2,1,2,9,0,0,5.15,18.6502,73.23895,NH66_West_Coast,Maharashtra / Kerala
West Bengal,Siliguri,2020,March,Friday,23:4,Fatal,3,Two-Wheeler,10,5,Hazy,National Highway,Dry,Dusk,Police Checkpost,104,67,Female,Expired,No,Bridge,3,23,3,4,0,2,1,3,0,3,10,0,0,9.39,23.95388,79.13799,NH44_Agra_Nagpur,Madhya Pradesh
Jharkhand,Unknown,2020,December,Thursday,13:3,Minor,2,Car,10,4,Foggy,National Highway,Damaged,Dark,Signs,112,37,Female,Valid,No,Curve,1,13,12,3,0,1,0,0,0,2,10,0,0,7.27,27.19996,82.47448,NH27_East_West,Rajasthan / MP / UP
Chandigarh,Unknown,2019,June,Saturday,21:18,Fatal,3,Car,5,4,Rainy,National Highway,Wet,Dusk,Signs,80,19,Female,Expired,No,Intersection,3,21,6,5,0,3,3,3,0,3,5,0,0,6.97,28.58229,77.1571,NH44_Delhi_Agra,Uttar Pradesh
Jammu and Kashmir,Unknown,2023,May,Saturday,23:1,Serious,4,Bus,3,3,Clear,National Highway,Dry,Dusk,,116,28,Male,Expired,Yes,Bridge,2,23,5,5,0,0,1,3,1,4,3,0,0,5.45,20.44798,86.22641,NH16_Kolkata_Chennai,Odisha / Andhra Pradesh
Telangana,Unknown,2021,November,Monday,12:45,Serious,3,Cycle,5,4,Rainy,Village Road,Under Construction,Dark,,72,69,Female,,No,Curve,2,12,11,0,3,3,2,0,0,3,5,0,0,6.36,12.52478,74.71298,NH66_West_Coast,Maharashtra / Kerala
Madhya Pradesh,Unknown,2020,April,Tuesday,9:16,Minor,4,Auto-Rickshaw,2,1,Rainy,State Highway,Damaged,Dark,Signals,59,52,Male,Valid,Yes,Intersection,1,9,4,1,1,3,0,0,1,4,2,0,0,2.73,28.29021,77.22477,NH44_Delhi_Agra,Uttar Pradesh
Mizoram,Unknown,2022,October,Friday,11:30,Minor,2,Car,0,2,Rainy,Village Road,Wet,Dusk,Signs,40,42,Female,Expired,Yes,Straight Road,1,11,10,4,3,3,3,3,1,2,0,0,0,3.03,23.39799,83.93119,NH30_Patna_Visakhapatnam,Chhattisgarh
Kerala,Unknown,2022,July,Saturday,14:16,Minor,5,Pedestrian,9,3,Stormy,Village Road,Under Construction,Daylight,Signals,107,40,Male,,Yes,Bridge,1,14,7,5,3,4,2,2,1,5,9,0,0,6.67,22.29337,79.1011,NH44_Agra_Nagpur,Madhya Pradesh
Sikkim,Unknown,2021,April,Saturday,1:24,Fatal,1,Pedestrian,5,2,Rainy,Village Road,Wet,Dusk,Police Checkpost,101,68,Female,Valid,No,Straight Road,3,1,4,5,3,3,3,3,0,1,5,0,0,5.15,19.12246,72.90074,NH48_Mumbai_Bangalore,Maharashtra / Karnataka
Rajasthan,Udaipur,2020,February,Tuesday,4:58,Serious,1,Cycle,8,1,Rainy,National Highway,Dry,Dawn,Signs,79,62,Male,Expired,No,Intersection,2,4,2,1,0,3,1,1,0,1,8,0,0,4.55,27.0176,78.17621,NH44_Delhi_Agra,Uttar Pradesh
Punjab,Unknown,2021,March,Thursday,22:6,Serious,5,Truck,5,3,Hazy,National Highway,Damaged,Daylight,,50,45,Female,Expired,Yes,Intersection,2,22,3,3,0,2,0,2,1,5,5,0,0,6.06,16.08532,74.44996,NH48_Mumbai_Bangalore,Maharashtra / Karnataka
Chandigarh,Unknown,2019,January,Monday,22:47,Minor,5,Cycle,8,3,Foggy,State Highway,Under Construction,Dawn,Signs,89,69,Male,,Yes,Curve,1,22,1,0,1,1,2,1,1,5,8,0,0,6.36,26.28218,78.47866,NH44_Agra_Nagpur,Madhya Pradesh
Jammu and Kashmir,Unknown,2021,June,Sunday,22:15,Serious,4,Two-Wheeler,9,5,Stormy,State Highway,Under Construction,Dusk,Police Checkpost,34,41,Female,,Yes,Curve,2,22,6,6,1,4,2,3,1,4,9,0,0,9.09,22.30049,70.2107,NH27_East_West,Rajasthan / MP / UP
Haryana,Unknown,2023,May,Wednesday,6:59,Fatal,2,Auto-Rickshaw,2,4,Clear,National Highway,Damaged,Daylight,,34,23,Male,,No,Curve,3,6,5,2,0,0,0,2,0,2,2,0,0,6.06,23.52007,88.83054,NH52_Barasat_Guwahati,West Bengal / Assam
Nagaland,Unknown,2021,May,Wednesday,15:49,Fatal,5,Cycle,4,5,Rainy,National Highway,Wet,Dusk,,59,53,Male,Valid,No,Bridge,3,15,5,2,0,3,3,3,0,5,4,0,0,7.58,15.82987,80.22133,NH16_Kolkata_Chennai,Odisha / Andhra Pradesh
Manipur,Unknown,2022,September,Monday,1:46,Minor,5,Auto-Rickshaw,3,2,Stormy,National Highway,Under Construction,Dusk,Signs,32,68,Female,Expired,No,Bridge,1,1,9,0,0,4,2,3,0,5,3,0,0,3.33,20.58417,73.09512,NH48_Delhi_Mumbai,Rajasthan / Gujarat
Sikkim,Unknown,2021,June,Wednesday,10:18,Fatal,2,Car,7,4,Hazy,State Highway,Dry,Dark,Signals,37,61,Female,,No,Straight Road,3,10,6,2,1,2,1,0,0,2,7,0,0,7.58,23.9358,81.19685,NH7_Varanasi_Kanyakumari,MP / Karnataka / TN
Manipur,Unknown,2018,September,Friday,12:45,Serious,3,Pedestrian,5,0,Foggy,Village Road,Dry,Dawn,Signals,120,53,Female,Expired,Yes,Straight Road,2,12,9,4,3,1,1,1,1,3,5,0,0,3.33,25.1668,74.57621,NH48_Delhi_Mumbai,Rajasthan / Gujarat
Manipur,Unknown,2021,October,Friday,22:19,Minor,2,Truck,9,2,Clear,National Highway,Wet,Dusk,,92,67,Female,Valid,No,Straight Road,1,22,10,4,0,0,3,3,0,2,9,0,0,5.15,25.64188,85.13993,NH30_Patna_Visakhapatnam,Chhattisgarh
Tripura,Unknown,2022,November,Sunday,17:12,Serious,5,Car,3,1,Clear,National Highway,Wet,Dusk,Signals,77,45,Female,Valid,Yes,Bridge,2,17,11,6,0,0,3,3,1,5,3,0,0,3.64,18.56131,73.90506,NH48_Mumbai_Bangalore,Maharashtra / Karnataka
Haryana,Unknown,2021,May,Sunday,3:16,Minor,3,Car,5,0,Clear,State Highway,Dry,Dawn,Signs,72,43,Male,Valid,No,Curve,1,3,5,6,1,0,1,1,0,3,5,0,0,2.12,13.01548,77.61922,NH48_Mumbai_Bangalore,Maharashtra / Karnataka
Chandigarh,Unknown,2020,July,Tuesday,15:10,Minor,4,Car,0,3,Rainy,National Highway,Wet,Daylight,,58,18,Female,,No,Straight Road,1,15,7,1,0,3,3,2,0,4,0,0,0,3.33,34.04483,74.77483,NH44_North,Jammu & Kashmir
Puducherry,Unknown,2020,November,Thursday,9:30,Serious,4,Two-Wheeler,1,3,Clear,State Highway,Dry,Dark,,70,65,Female,Expired,Yes,Intersection,2,9,11,3,1,0,1,0,1,4,1,0,0,4.85,28.29517,77.01953,NH48_Delhi_Mumbai,Rajasthan / Gujarat
Karnataka,Bangalore,2020,February,Wednesday,9:44,Minor,3,Auto-Rickshaw,2,4,Rainy,State Highway,Damaged,Dawn,Police Checkpost,97,32,Female,Valid,Yes,Bridge,1,9,2,2,1,3,0,1,1,3,2,0,0,5.45,12.09216,78.51793,NH44_Bangalore_Chennai,Tamil Nadu
Assam,Unknown,2018,September,Monday,14:15,Fatal,2,Cycle,7,1,Foggy,Urban Road,Wet,Dusk,Police Checkpost,118,55,Male,,Yes,Bridge,3,14,9,0,2,1,3,3,1,2,7,0,0,5.45,32.14571,77.11157,NH22_Shimla_Manali,Himachal Pradesh
Karnataka,Mangalore,2020,December,Thursday,21:53,Minor,4,Truck,6,3,Rainy,Urban Road,Under Construction,Dark,Signals,74,64,Female,Expired,Yes,Straight Road,1,21,12,3,2,3,2,0,1,4,6,0,0,5.76,21.86075,80.23416,NH7_Varanasi_Kanyakumari,MP / Karnataka / TN
Himachal Pradesh,Unknown,2020,May,Tuesday,20:3,Fatal,2,Car,9,0,Foggy,National Highway,Under Construction,Dusk,Police Checkpost,100,29,Male,Expired,No,Intersection,3,20,5,1,0,1,2,3,0,2,9,0,0,4.55,26.38944,75.21729,NH48_Delhi_Mumbai,Rajasthan / Gujarat
Delhi,Dwarka,2021,March,Thursday,14:16,Serious,2,Auto-Rickshaw,3,0,Clear,Village Road,Dry,Daylight,Signs,76,31,Female,Valid,No,Intersection,2,14,3,3,3,0,1,2,0,2,3,0,0,2.12,32.118,77.06178,NH22_Shimla_Manali,Himachal Pradesh
Haryana,Unknown,2022,May,Monday,20:56,Minor,2,Bus,4,3,Clear,Urban Road,Wet,Dawn,,98,24,Male,Expired,Yes,Bridge,1,20,5,0,2,0,3,1,1,2,4,0,0,5.15,18.06433,78.44242,NH44_Nagpur_Hyderabad,Telangana
Jammu and Kashmir,Unknown,2022,November,Tuesday,8:52,Fatal,3,Bus,0,0,Foggy,Urban Road,Damaged,Dark,Signals,99,20,Female,,No,Straight Road,3,8,11,1,2,1,0,0,0,3,0,0,0,1.82,26.17431,78.52003,NH44_Agra_Nagpur,Madhya Pradesh
Tripura,Unknown,2018,April,Friday,21:57,Serious,4,Two-Wheeler,10,2,Clear,Village Road,Damaged,Dawn,Signals,31,31,Male,,No,Bridge,2,21,4,4,3,0,0,1,0,4,10,0,0,6.06,23.50115,88.82455,NH52_Barasat_Guwahati,West Bengal / Assam
Mizoram,Unknown,2021,May,Monday,0:9,Serious,3,Cycle,6,5,Clear,State Highway,Wet,Dawn,Signals,108,27,Female,Expired,No,Bridge,2,0,5,0,1,0,3,1,0,3,6,0,0,7.58,32.24889,77.07249,NH22_Shimla_Manali,Himachal Pradesh
Haryana,Unknown,2023,June,Monday,19:15,Minor,3,Auto-Rickshaw,4,1,Rainy,State Highway,Wet,Dusk,Signals,54,19,Male,Expired,Yes,Straight Road,1,19,6,0,1,3,3,3,1,3,4,0,0,3.33,17.07748,77.23436,NH9_Pune_Hyderabad,Maharashtra / Telangana
Jammu and Kashmir,Unknown,2023,February,Wednesday,9:48,Serious,3,Truck,0,3,Stormy,Village Road,Wet,Dusk,Signs,61,61,Male,Valid,No,Straight Road,2,9,2,2,3,4,3,3,0,3,0,0,0,3.94,22.32645,72.17354,NH48_Delhi_Mumbai,Rajasthan / Gujarat
Kerala,Unknown,2021,June,Tuesday,10:38,Fatal,4,Auto-Rickshaw,2,5,Rainy,Urban Road,Dry,Dark,Signs,31,25,Male,,No,Straight Road,3,10,6,1,2,3,1,0,0,4,2,0,0,6.97,32.24256,74.8862,NH44_North,Jammu & Kashmir
Jharkhand,Unknown,2021,September,Friday,2:46,Minor,2,Auto-Rickshaw,2,4,Clear,Urban Road,Wet,Dawn,,67,35,Male,Expired,No,Intersection,1,2,9,4,2,0,3,1,0,2,2,0,0,4.85,23.44753,83.82079,NH30_Patna_Visakhapatnam,Chhattisgarh
Jammu and Kashmir,Unknown,2018,December,Saturday,17:17,Minor,1,Two-Wheeler,3,4,Hazy,State Highway,Dry,Dark,Signals,112,32,Female,,Yes,Straight Road,1,17,12,5,1,2,1,0,1,1,3,0,0,5.76,13.25074,77.47703,NH48_Mumbai_Bangalore,Maharashtra / Karnataka
Jammu and Kashmir,Unknown,2022,October,Wednesday,14:14,Minor,1,Truck,1,5,Stormy,Village Road,Under Construction,Dusk,,61,59,Male,Valid,Yes,Curve,1,14,10,2,3,4,2,3,1,1,1,0,0,6.06,25.43002,78.52385,NH44_Agra_Nagpur,Madhya Pradesh
Nagaland,Unknown,2020,June,Tuesday,18:22,Minor,1,Two-Wheeler,3,1,Hazy,National Highway,Dry,Dusk,Police Checkpost,91,34,Female,Expired,No,Straight Road,1,18,6,1,0,2,1,3,0,1,3,0,0,2.42,18.19228,78.39409,NH44_Nagpur_Hyderabad,Telangana
Jammu and Kashmir,Unknown,2020,September,Thursday,10:46,Minor,5,Pedestrian,10,2,Clear,State Highway,Wet,Dusk,Signals,111,36,Male,Valid,No,Bridge,1,10,9,3,1,0,3,3,0,5,10,0,0,5.45,15.86625,80.18789,NH16_Kolkata_Chennai,Odisha / Andhra Pradesh
Rajasthan,Udaipur,2021,September,Friday,12:0,Fatal,5,Two-Wheeler,10,0,Foggy,Urban Road,Dry,Dusk,,102,34,Female,Valid,Yes,Intersection,3,12,9,4,2,1,1,3,1,5,10,0,0,5.45,27.79546,77.40015,NH44_Delhi_Agra,Uttar Pradesh
Kerala,Unknown,2022,September,Monday,3:56,Fatal,5,Pedestrian,6,0,Foggy,Urban Road,Under Construction,Dawn,Signals,55,23,Female,,No,Straight Road,3,3,9,0,2,1,2,1,0,5,6,0,0,3.64,13.09953,80.28865,NH16_Kolkata_Chennai,Odisha / Andhra Pradesh
Jharkhand,Unknown,2021,November,Friday,4:30,Fatal,1,Car,2,0,Stormy,State Highway,Under Construction,Dark,Police Checkpost,34,30,Male,Expired,Yes,Bridge,3,4,11,4,1,4,2,0,1,1,2,0,0,3.03,18.67013,78.29388,NH44_Nagpur_Hyderabad,Telangana
Punjab,Unknown,2022,March,Tuesday,20:13,Minor,4,Auto-Rickshaw,8,3,Rainy,Village Road,Damaged,Dawn,Signals,32,24,Female,Expired,No,Curve,1,20,3,1,3,3,0,1,0,4,8,0,0,5.76,13.02472,77.6214,NH48_Mumbai_Bangalore,Maharashtra / Karnataka
Uttar Pradesh,Varanasi,2021,December,Wednesday,14:20,Minor,1,Truck,3,4,Rainy,National Highway,Damaged,Dusk,Police Checkpost,111,42,Male,,Yes,Bridge,1,14,12,2,0,3,0,3,1,1,3,0,0,5.76,24.21549,84.22198,NH30_Patna_Visakhapatnam,Chhattisgarh
Sikkim,Unknown,2022,March,Monday,20:19,Minor,1,Two-Wheeler,7,1,Hazy,Village Road,Under Construction,Daylight,,118,38,Female,,No,Curve,1,20,3,0,3,2,2,2,0,1,7,0,0,3.64,29.97119,78.94094,NH58_Delhi_Badrinath,Uttarakhand
Punjab,Unknown,2021,June,Monday,1:3,Serious,2,Car,1,0,Foggy,State Highway,Wet,Dark,Police Checkpost,40,35,Male,,No,Straight Road,2,1,6,0,1,1,3,0,0,2,1,0,0,1.52,18.12039,78.38869,NH44_Nagpur_Hyderabad,Telangana
Maharashtra,Mumbai,2018,December,Monday,13:5,Serious,1,Bus,8,1,Stormy,National Highway,Damaged,Daylight,Signs,55,45,Male,,Yes,Curve,2,13,12,0,0,4,0,2,1,1,8,0,0,5.15,20.59234,78.94356,NH44_Nagpur_Hyderabad,Telangana
Assam,Unknown,2019,June,Friday,9:7,Minor,3,Truck,8,2,Clear,Urban Road,Damaged,Dark,Signs,74,64,Female,Valid,Yes,Intersection,1,9,6,4,2,0,0,0,1,3,8,0,0,5.45,16.7008,73.2521,NH48_Mumbai_Bangalore,Maharashtra / Karnataka
Jammu and Kashmir,Unknown,2018,August,Wednesday,7:2,Serious,4,Bus,10,2,Hazy,National Highway,Wet,Daylight,,45,64,Female,Expired,No,Bridge,2,7,8,2,0,2,3,2,0,4,10,0,0,6.06,18.71834,78.3193,NH44_Nagpur_Hyderabad,Telangana
Sikkim,Unknown,2022,January,Thursday,9:31,Fatal,5,Pedestrian,1,3,Stormy,Village Road,Damaged,Dawn,Signs,59,36,Male,Expired,No,Intersection,3,9,1,3,3,4,0,1,0,5,1,0,0,4.85,27.84345,77.45591,NH44_Delhi_Agra,Uttar Pradesh
Uttar Pradesh,Varanasi,2022,April,Friday,5:38,Fatal,4,Truck,8,5,Rainy,Village Road,Under Construction,Dawn,Police Checkpost,111,21,Male,,No,Bridge,3,5,4,4,3,3,2,1,0,4,8,0,0,8.79,15.34335,76.93801,NH44_Hyderabad_Bangalore,Karnataka
Mizoram,Unknown,2021,June,Wednesday,21:12,Serious,3,Two-Wheeler,1,5,Stormy,National Highway,Under Construction,Dawn,Signs,111,43,Female,Expired,Yes,Intersection,2,21,6,2,0,4,2,1,1,3,1,0,0,6.67,12.65064,77.85862,NH44_Bangalore_Chennai,Tamil Nadu
Chhattisgarh,Unknown,2020,October,Thursday,3:27,Serious,2,Auto-Rickshaw,1,2,Rainy,Urban Road,Under Construction,Dusk,Signals,40,56,Female,Valid,Yes,Intersection,2,3,10,3,2,3,2,3,1,2,1,0,0,3.94,26.32994,75.29787,NH48_Delhi_Mumbai,Rajasthan / Gujarat
Manipur,Unknown,2018,February,Saturday,18:33,Fatal,5,Two-Wheeler,3,3,Stormy,State Highway,Under Construction,Daylight,Signals,91,40,Male,,No,Straight Road,3,18,2,5,1,4,2,2,0,5,3,0,0,5.45,26.83622,78.296,NH44_Agra_Nagpur,Madhya Pradesh
Goa,Unknown,2020,September,Monday,21:0,Minor,2,Truck,7,1,Hazy,Urban Road,Under Construction,Dark,Police Checkpost,72,70,Female,Expired,No,Straight Road,1,21,9,0,2,2,2,0,0,2,7,0,0,3.64,25.64172,85.07238,NH30_Patna_Visakhapatnam,Chhattisgarh
Sikkim,Unknown,2021,October,Monday,13:22,Minor,2,Pedestrian,4,2,Clear,National Highway,Wet,Daylight,Police Checkpost,51,36,Male,,Yes,Bridge,1,13,10,0,0,0,3,2,1,2,4,0,0,4.24,17.27952,76.23336,NH9_Pune_Hyderabad,Maharashtra / Telangana
Jharkhand,Unknown,2023,September,Thursday,17:41,Fatal,3,Car,2,4,Clear,Urban Road,Wet,Dawn,Signals,102,64,Male,Valid,Yes,Curve,3,17,9,3,2,0,3,1,1,3,2,0,0,6.67,25.19578,74.59751,NH48_Delhi_Mumbai,Rajasthan / Gujarat
Bihar,Unknown,2023,August,Wednesday,19:58,Serious,3,Truck,5,3,Clear,National Highway,Dry,Dark,,30,50,Male,Valid,Yes,Curve,2,19,8,2,0,0,1,0,1,3,5,0,0,6.06,22.52302,88.39724,NH19_Delhi_Kolkata,Uttar Pradesh / Bihar
Chhattisgarh,Unknown,2018,October,Monday,0:2,Minor,2,Auto-Rickshaw,3,0,Stormy,National Highway,Under Construction,Dusk,Signs,112,70,Male,Valid,No,Intersection,1,0,10,0,0,4,2,3,0,2,3,0,0,1.52,23.3927,73.16932,NH27_East_West,Rajasthan / MP / UP
Uttarakhand,Unknown,2020,August,Sunday,4:35,Minor,2,Bus,10,1,Clear,State Highway,Dry,Dawn,Signs,53,57,Male,Valid,No,Bridge,1,4,8,6,1,0,1,1,0,2,10,0,0,4.55,19.01609,72.81698,NH66_West_Coast,Maharashtra / Kerala
Meghalaya,Unknown,2023,February,Friday,20:36,Fatal,4,Pedestrian,2,3,Rainy,State Highway,Dry,Dawn,Signs,45,49,Female,Valid,Yes,Intersection,3,20,2,4,1,3,1,1,1,4,2,0,0,5.76,33.1232,75.55126,NH44_North,Jammu & Kashmir
Maharashtra,Nagpur,2020,April,Tuesday,2:5,Serious,2,Pedestrian,0,4,Rainy,Village Road,Wet,Dark,Signs,106,46,Female,Expired,No,Straight Road,2,2,4,1,3,3,3,0,0,2,0,0,0,4.85,26.82396,80.97245,NH19_Delhi_Kolkata,Uttar Pradesh / Bihar
Kerala,Unknown,2021,May,Thursday,8:14,Serious,4,Two-Wheeler,8,0,Clear,State Highway,Under Construction,Dusk,Police Checkpost,76,26,Female,Valid,Yes,Curve,2,8,5,3,1,0,2,3,1,4,8,0,0,4.24,12.95568,77.5777,NH48_Mumbai_Bangalore,Maharashtra / Karnataka
Kerala,Unknown,2023,December,Monday,22:10,Minor,1,Cycle,2,4,Stormy,National Highway,Damaged,Dusk,Signs,76,54,Male,Valid,No,Curve,1,22,12,0,0,4,0,3,0,1,2,0,0,4.85,24.27101,75.84311,NH27_East_West,Rajasthan / MP / UP
Assam,Unknown,2019,December,Monday,14:0,Serious,5,Auto-Rickshaw,4,3,Foggy,Village Road,Damaged,Dawn,Signs,81,50,Female,Valid,Yes,Straight Road,2,14,12,0,3,1,0,1,1,5,4,0,0,5.76,34.05436,74.83469,NH44_North,Jammu & Kashmir
Andhra Pradesh,Visakhapatnam,2022,April,Saturday,5:8,Serious,2,Truck,8,3,Hazy,State Highway,Damaged,Daylight,Signs,51,44,Male,,No,Bridge,2,5,4,5,1,2,0,2,0,2,8,0,0,6.36,18.54443,73.78546,NH48_Mumbai_Bangalore,Maharashtra / Karnataka
Maharashtra,Pune,2019,July,Tuesday,15:5,Serious,1,Truck,2,4,Rainy,National Highway,Under Construction,Dawn,,32,27,Female,,No,Curve,2,15,7,1,0,3,2,1,0,1,2,0,0,5.45,19.27245,78.56315,NH44_Nagpur_Hyderabad,Telangana
Gujarat,Surat,2023,January,Monday,21:28,Minor,2,Two-Wheeler,10,5,Clear,State Highway,Under Construction,Daylight,Signs,91,25,Male,,No,Bridge,1,21,1,0,1,0,2,2,0,2,10,0,0,8.18,25.51141,89.85111,NH27_East_West,Rajasthan / MP / UP
Arunachal Pradesh,Unknown,2023,March,Tuesday,17:37,Minor,3,Bus,0,2,Rainy,National Highway,Dry,Daylight,Signs,82,50,Male,Expired,No,Bridge,1,17,3,1,0,3,1,2,0,3,0,0,0,2.42,28.0612,77.32826,NH44_Delhi_Agra,Uttar Pradesh
Mizoram,Unknown,2022,March,Friday,4:27,Serious,2,Car,7,4,Rainy,Urban Road,Damaged,Dusk,,86,43,Male,,No,Intersection,2,4,3,4,2,3,0,3,0,2,7,0,0,6.97,26.14791,91.75231,NH52_Barasat_Guwahati,West Bengal / Assam
Gujarat,Surat,2022,March,Thursday,4:27,Minor,1,Two-Wheeler,4,1,Stormy,Urban Road,Wet,Dawn,,81,26,Female,Valid,Yes,Straight Road,1,4,3,3,2,4,3,1,1,1,4,0,0,3.33,26.87393,78.19545,NH44_Agra_Nagpur,Madhya Pradesh
Meghalaya,Unknown,2020,August,Friday,2:10,Minor,5,Two-Wheeler,6,5,Clear,Urban Road,Damaged,Dawn,Signs,59,33,Male,Expired,Yes,Intersection,1,2,8,4,2,0,0,1,1,5,6,0,0,7.58,21.86752,72.13881,NH48_Delhi_Mumbai,Rajasthan / Gujarat
West Bengal,Siliguri,2019,April,Monday,18:32,Serious,1,Bus,8,1,Foggy,Village Road,Damaged,Dawn,Signs,112,49,Male,,No,Bridge,2,18,4,0,3,1,0,1,0,1,8,0,0,4.55,22.93401,80.41365,NH7_Varanasi_Kanyakumari,MP / Karnataka / TN
Uttarakhand,Unknown,2021,June,Sunday,8:25,Serious,2,Truck,0,4,Hazy,National Highway,Dry,Daylight,,30,34,Male,Valid,Yes,Bridge,2,8,6,6,0,2,1,2,1,2,0,0,0,5.45,17.20403,76.27823,NH9_Pune_Hyderabad,Maharashtra / Telangana
Gujarat,Surat,2021,November,Sunday,11:41,Serious,5,Car,0,1,Stormy,National Highway,Wet,Dawn,Signals,109,31,Female,Expired,No,Intersection,2,11,11,6,0,4,3,1,0,5,0,0,0,2.12,31.07018,77.17316,NH22_Shimla_Manali,Himachal Pradesh
Assam,Unknown,2023,July,Saturday,1:28,Minor,5,Bus,6,4,Stormy,Village Road,Wet,Dawn,,84,57,Male,Valid,Yes,Straight Road,1,1,7,5,3,4,3,1,1,5,6,0,0,6.67,16.72098,73.26875,NH48_Mumbai_Bangalore,Maharashtra / Karnataka
Chandigarh,Unknown,2019,June,Thursday,3:23,Serious,4,Bus,6,4,Rainy,Urban Road,Damaged,Daylight,Signals,67,68,Female,,Yes,Straight Road,2,3,6,3,2,3,0,2,1,4,6,0,0,7.27,24.89786,77.18884,NH27_East_West,Rajasthan / MP / UP
Odisha,Unknown,2018,August,Thursday,19:30,Fatal,2,Two-Wheeler,3,5,Rainy,National Highway,Wet,Daylight,Police Checkpost,59,27,Male,Valid,Yes,Straight Road,3,19,8,3,0,3,3,2,1,2,3,0,0,7.88,26.73271,84.23954,NH27_East_West,Rajasthan / MP / UP
Telangana,Unknown,2020,September,Sunday,21:6,Fatal,1,Truck,5,0,Foggy,Village Road,Damaged,Daylight,Signs,31,60,Female,Expired,Yes,Straight Road,3,21,9,6,3,1,0,2,1,1,5,0,0,3.94,18.60244,73.26564,NH66_West_Coast,Maharashtra / Kerala
Assam,Unknown,2019,October,Monday,16:38,Serious,5,Car,0,5,Rainy,Urban Road,Under Construction,Daylight,Signals,47,26,Male,Valid,Yes,Bridge,2,16,10,0,2,3,2,2,1,5,0,0,0,6.36,30.45438,79.40709,NH58_Delhi_Badrinath,Uttarakhand
Chandigarh,Unknown,2019,January,Saturday,0:13,Minor,4,Truck,5,1,Hazy,State Highway,Damaged,Dusk,,90,34,Female,Valid,Yes,Bridge,1,0,1,5,1,2,0,3,1,4,5,0,0,3.64,12.23991,79.24665,NH44_Bangalore_Chennai,Tamil Nadu
Puducherry,Unknown,2023,October,Friday,23:17,Minor,1,Pedestrian,0,1,Rainy,State Highway,Damaged,Dusk,Police Checkpost,87,34,Male,Expired,No,Curve,1,23,10,4,1,3,0,3,0,1,0,0,0,1.52,24.82083,91.82722,NH27_East_West,Rajasthan / MP / UP
Rajasthan,Udaipur,2022,January,Tuesday,1:1,Serious,1,Pedestrian,4,2,Hazy,Village Road,Wet,Dusk,Signs,86,68,Female,Valid,No,Straight Road,2,1,1,1,3,2,3,3,0,1,4,0,0,4.24,27.84208,77.49256,NH44_Delhi_Agra,Uttar Pradesh
Uttar Pradesh,Kanpur,2021,March,Friday,20:36,Fatal,5,Pedestrian,8,1,Stormy,National Highway,Under Construction,Daylight,Police Checkpost,97,48,Male,,Yes,Intersection,3,20,3,4,0,4,2,2,1,5,8,0,0,5.76,22.27654,79.1547,NH44_Agra_Nagpur,Madhya Pradesh
Andhra Pradesh,Visakhapatnam,2022,September,Tuesday,8:35,Minor,5,Truck,7,3,Hazy,State Highway,Under Construction,Dusk,Signals,107,63,Male,Expired,No,Straight Road,1,8,9,1,1,2,2,3,0,5,7,0,0,5.45,17.34215,78.54017,NH7_Varanasi_Kanyakumari,MP / Karnataka / TN
Maharashtra,Pune,2019,December,Monday,13:41,Fatal,4,Car,5,1,Foggy,State Highway,Under Construction,Dawn,Police Checkpost,32,47,Female,Valid,No,Bridge,3,13,12,0,1,1,2,1,0,4,5,0,0,4.24,14.46371,75.71063,NH48_Mumbai_Bangalore,Maharashtra / Karnataka
Uttar Pradesh,Lucknow,2022,February,Monday,12:37,Serious,2,Truck,4,1,Foggy,State Highway,Wet,Dark,Police Checkpost,33,18,Female,Expired,Yes,Straight Road,2,12,2,0,1,1,3,0,1,2,4,0,0,3.94,13.2603,77.43854,NH48_Mumbai_Bangalore,Maharashtra / Karnataka
Meghalaya,Unknown,2022,June,Sunday,21:55,Minor,5,Two-Wheeler,9,2,Hazy,State Highway,Damaged,Dawn,,75,21,Male,Valid,Yes,Curve,1,21,6,6,1,2,0,1,1,5,9,0,0,5.76,22.95173,72.61754,NH27_East_West,Rajasthan / MP / UP
Himachal Pradesh,Unknown,2021,October,Monday,22:17,Fatal,1,Cycle,6,3,Stormy,Village Road,Dry,Dark,Police Checkpost,42,24,Male,Valid,No,Intersection,3,22,10,0,3,4,1,0,0,1,6,0,0,6.36,34.01454,74.83194,NH44_North,Jammu & Kashmir
Puducherry,Unknown,2018,October,Sunday,15:45,Fatal,1,Truck,6,2,Rainy,State Highway,Damaged,Dark,Signs,72,35,Female,Expired,No,Intersection,3,15,10,6,1,3,0,0,0,1,6,0,0,5.45,12.49188,74.81288,NH66_West_Coast,Maharashtra / Kerala
Goa,Unknown,2023,December,Thursday,0:45,Minor,1,Bus,2,3,Stormy,State Highway,Dry,Dawn,Police Checkpost,93,60,Female,,Yes,Bridge,1,0,12,3,1,4,1,1,1,1,2,0,0,4.55,27.52549,78.21556,NH19_Delhi_Kolkata,Uttar Pradesh / Bihar
Sikkim,Unknown,2023,June,Thursday,20:10,Serious,2,Truck,10,5,Foggy,Urban Road,Dry,Daylight,Signs,69,43,Female,Expired,Yes,Straight Road,2,20,6,3,2,1,1,2,1,2,10,0,0,9.39,26.88426,80.89441,NH19_Delhi_Kolkata,Uttar Pradesh / Bihar
Himachal Pradesh,Unknown,2020,November,Saturday,9:51,Serious,4,Pedestrian,0,0,Hazy,Urban Road,Wet,Daylight,,40,18,Female,,Yes,Straight Road,2,9,11,5,2,2,3,2,1,4,0,0,0,1.82,23.44377,79.37239,NH44_Agra_Nagpur,Madhya Pradesh
West Bengal,Siliguri,2021,November,Sunday,11:38,Fatal,5,Auto-Rickshaw,5,0,Stormy,State Highway,Damaged,Dawn,Police Checkpost,108,64,Male,Valid,Yes,Straight Road,3,11,11,6,1,4,0,1,1,5,5,0,0,3.94,32.86936,75.08938,NH44_North,Jammu & Kashmir
Gujarat,Surat,2021,May,Tuesday,17:53,Serious,1,Bus,0,2,Clear,National Highway,Damaged,Daylight,Signs,106,22,Male,,Yes,Curve,2,17,5,1,0,0,0,2,1,1,0,0,0,3.64,20.13535,73.45334,NH48_Delhi_Mumbai,Rajasthan / Gujarat
Tamil Nadu,Coimbatore,2018,September,Thursday,11:46,Serious,4,Auto-Rickshaw,7,3,Stormy,State Highway,Damaged,Dark,Police Checkpost,106,37,Male,,No,Intersection,2,11,9,3,1,4,0,0,0,4,7,0,0,6.06,14.93158,75.19556,NH48_Mumbai_Bangalore,Maharashtra / Karnataka
Jammu and Kashmir,Unknown,2023,February,Wednesday,18:37,Serious,4,Bus,9,3,Stormy,State Highway,Dry,Dark,,58,38,Female,,No,Bridge,2,18,2,2,1,4,1,0,0,4,9,0,0,6.67,16.52449,80.64071,NH16_Kolkata_Chennai,Odisha / Andhra Pradesh
Sikkim,Unknown,2023,June,Monday,7:57,Minor,4,Car,2,2,Clear,Village Road,Under Construction,Dusk,Signals,93,57,Male,Valid,No,Curve,1,7,6,0,3,0,2,3,0,4,2,0,0,3.03,24.23376,84.17479,NH30_Patna_Visakhapatnam,Chhattisgarh
Telangana,Unknown,2022,May,Tuesday,0:34,Fatal,5,Bus,8,0,Stormy,State Highway,Dry,Dawn,Signs,49,49,Male,Valid,No,Bridge,3,0,5,1,1,4,1,1,0,5,8,0,0,4.24,27.71443,77.62948,NH44_Delhi_Agra,Uttar Pradesh
Odisha,Unknown,2020,May,Wednesday,5:28,Minor,5,Auto-Rickshaw,8,5,Rainy,State Highway,Under Construction,Dawn,,83,38,Male,Expired,No,Bridge,1,5,5,2,1,3,2,1,0,5,8,0,0,7.58,19.23642,78.53463,NH44_Nagpur_Hyderabad,Telangana
Chandigarh,Unknown,2019,July,Thursday,1:37,Fatal,4,Two-Wheeler,1,0,Rainy,Urban Road,Damaged,Dusk,,59,35,Male,,No,Intersection,3,1,7,3,2,3,0,3,0,4,1,0,0,2.12,23.01997,79.41902,NH44_Agra_Nagpur,Madhya Pradesh
Jharkhand,Unknown,2020,October,Thursday,4:23,Serious,1,Bus,9,5,Foggy,National Highway,Damaged,Dusk,Police Checkpost,108,40,Male,Expired,Yes,Straight Road,2,4,10,3,0,1,0,3,1,1,9,0,0,9.09,20.13675,73.48899,NH48_Delhi_Mumbai,Rajasthan / Gujarat
Odisha,Unknown,2019,March,Friday,4:31,Serious,3,Cycle,8,2,Rainy,State Highway,Dry,Daylight,Signals,50,54,Male,,Yes,Curve,2,4,3,4,1,3,1,2,1,3,8,0,0,6.06,9.84792,77.41029,NH7_Varanasi_Kanyakumari,MP / Karnataka / TN
Punjab,Unknown,2018,June,Thursday,1:2,Fatal,1,Auto-Rickshaw,6,4,Foggy,Urban Road,Wet,Dark,Signals,36,42,Male,Expired,No,Curve,3,1,6,3,2,1,3,0,0,1,6,0,0,7.27,17.38499,73.40257,NH48_Mumbai_Bangalore,Maharashtra / Karnataka
Tamil Nadu,Madurai,2022,January,Monday,2:8,Fatal,2,Auto-Rickshaw,2,2,Clear,State Highway,Damaged,Dawn,Police Checkpost,105,23,Female,Expired,Yes,Bridge,3,2,1,0,1,0,0,1,1,2,2,0,0,4.85,21.91061,72.1566,NH48_Delhi_Mumbai,Rajasthan / Gujarat
Gujarat,Ahmedabad,2018,September,Thursday,10:10,Minor,2,Auto-Rickshaw,4,4,Stormy,Village Road,Under Construction,Dark,Police Checkpost,86,62,Female,Expired,No,Straight Road,1,10,9,3,3,4,2,0,0,2,4,0,0,5.45,21.83183,80.21471,NH7_Varanasi_Kanyakumari,MP / Karnataka / TN
Goa,Unknown,2023,September,Wednesday,12:5,Serious,1,Auto-Rickshaw,8,1,Rainy,Village Road,Damaged,Dark,,80,20,Male,Expired,No,Bridge,2,12,9,2,3,3,0,0,0,1,8,0,0,4.55,12.84601,77.69011,NH44_Bangalore_Chennai,Tamil Nadu
Delhi,Dwarka,2018,April,Sunday,13:6,Serious,3,Pedestrian,7,5,Rainy,National Highway,Dry,Dark,,114,70,Female,,No,Curve,2,13,4,6,0,3,1,0,0,3,7,0,0,7.88,13.60582,79.4847,NH16_Kolkata_Chennai,Odisha / Andhra Pradesh
Goa,Unknown,2022,April,Friday,5:29,Serious,1,Truck,10,1,Clear,State Highway,Wet,Dusk,Signs,34,25,Female,,No,Intersection,2,5,4,4,1,0,3,3,0,1,10,0,0,5.15,18.08458,78.43877,NH44_Nagpur_Hyderabad,Telangana
Assam,Unknown,2022,October,Friday,9:29,Serious,1,Two-Wheeler,8,1,Clear,Urban Road,Under Construction,Daylight,Signs,67,21,Female,Valid,No,Straight Road,2,9,10,4,2,0,2,2,0,1,8,0,0,4.55,26.88737,80.92815,NH19_Delhi_Kolkata,Uttar Pradesh / Bihar
Kerala,Unknown,2018,December,Monday,1:56,Serious,4,Cycle,2,1,Clear,Village Road,Dry,Dark,,87,68,Male,Valid,No,Straight Road,2,1,12,0,3,0,1,0,0,4,2,0,0,2.73,25.80736,82.17098,NH19_Delhi_Kolkata,Uttar Pradesh / Bihar
Rajasthan,Jodhpur,2020,May,Thursday,16:17,Minor,4,Two-Wheeler,4,5,Foggy,National Highway,Damaged,Daylight,Signs,75,67,Female,,No,Curve,1,16,5,3,0,1,0,2,0,4,4,0,0,6.36,17.86716,74.90813,NH9_Pune_Hyderabad,Maharashtra / Telangana
Assam,Unknown,2019,April,Wednesday,13:37,Fatal,3,Auto-Rickshaw,3,3,Clear,State Highway,Wet,Dusk,Signals,104,19,Female,Valid,Yes,Bridge,3,13,4,2,1,0,3,3,1,3,3,0,0,6.06,10.80443,76.18295,NH66_West_Coast,Maharashtra / Kerala
Manipur,Unknown,2022,March,Sunday,3:56,Serious,2,Car,4,4,Stormy,Urban Road,Wet,Dark,Signals,49,34,Male,Expired,No,Intersection,2,3,3,6,2,4,3,0,0,2,4,0,0,6.06,17.27688,73.95658,NH66_West_Coast,Maharashtra / Kerala
Odisha,Unknown,2023,November,Wednesday,2:57,Minor,2,Cycle,0,1,Clear,State Highway,Under Construction,Daylight,Signs,110,66,Female,Valid,Yes,Curve,1,2,11,2,1,0,2,2,1,2,0,0,0,2.12,27.37864,77.69858,NH44_Delhi_Agra,Uttar Pradesh
Assam,Unknown,2018,April,Saturday,2:27,Minor,3,Car,8,0,Foggy,Urban Road,Dry,Dark,Police Checkpost,36,18,Female,,Yes,Straight Road,1,2,4,5,2,1,1,0,1,3,8,0,0,3.64,18.20207,74.27032,NH9_Pune_Hyderabad,Maharashtra / Telangana
Meghalaya,Unknown,2018,November,Monday,3:33,Serious,5,Car,8,5,Rainy,State Highway,Damaged,Dusk,Signals,38,45,Female,Expired,Yes,Curve,2,3,11,0,1,3,0,3,1,5,8,0,0,8.79,22.53954,88.31589,NH19_Delhi_Kolkata,Uttar Pradesh / Bihar
Bihar,Unknown,2019,March,Monday,6:58,Minor,5,Car,4,2,Clear,Village Road,Dry,Daylight,,117,56,Male,Expired,No,Straight Road,1,6,3,0,3,0,1,2,0,5,4,0,0,3.64,31.81477,77.5129,NH22_Shimla_Manali,Himachal Pradesh
West Bengal,Siliguri,2021,May,Sunday,9:8,Fatal,1,Bus,2,2,Stormy,Village Road,Damaged,Dawn,Signs,65,42,Male,Expired,No,Bridge,3,9,5,6,3,4,0,1,0,1,2,0,0,4.24,24.56013,79.02506,NH44_Agra_Nagpur,Madhya Pradesh
Tamil Nadu,Chennai,2023,March,Thursday,2:32,Minor,5,Two-Wheeler,5,4,Hazy,State Highway,Damaged,Dark,Signals,58,20,Male,,No,Straight Road,1,2,3,3,1,2,0,0,0,5,5,0,0,5.76,27.11306,77.96793,NH44_Delhi_Agra,Uttar Pradesh
Rajasthan,Udaipur,2018,June,Saturday,18:41,Fatal,2,Auto-Rickshaw,7,4,Hazy,Urban Road,Damaged,Dawn,Signs,94,44,Female,Valid,Yes,Intersection,3,18,6,5,2,2,0,1,1,2,7,0,0,8.18,19.86108,79.5019,NH7_Varanasi_Kanyakumari,MP / Karnataka / TN
Maharashtra,Pune,2018,September,Wednesday,12:26,Minor,4,Two-Wheeler,6,0,Clear,Urban Road,Under Construction,Dusk,,107,22,Male,Expired,Yes,Intersection,1,12,9,2,2,0,2,3,1,4,6,0,0,3.03,19.45523,81.30114,NH30_Patna_Visakhapatnam,Chhattisgarh
Haryana,Unknown,2018,December,Wednesday,21:11,Serious,5,Two-Wheeler,4,2,Foggy,National Highway,Dry,Dusk,Signals,42,51,Female,,Yes,Straight Road,2,21,12,2,0,1,1,3,1,5,4,0,0,4.85,22.94473,79.46515,NH44_Agra_Nagpur,Madhya Pradesh
Nagaland,Unknown,2023,March,Saturday,19:11,Serious,1,Truck,8,2,Clear,Urban Road,Damaged,Daylight,,45,48,Female,Valid,No,Curve,2,19,3,5,2,0,0,2,0,1,8,0,0,5.45,24.29659,84.60843,NH19_Delhi_Kolkata,Uttar Pradesh / Bihar
Rajasthan,Jaipur,2018,September,Thursday,0:18,Serious,3,Car,10,1,Rainy,State Highway,Dry,Dark,Police Checkpost,54,45,Female,Valid,No,Straight Road,2,0,9,3,1,3,1,0,0,3,10,0,0,5.15,26.76517,78.19554,NH44_Agra_Nagpur,Madhya Pradesh
Chandigarh,Unknown,2019,December,Thursday,1:26,Serious,5,Car,5,2,Clear,National Highway,Under Construction,Dusk,Signs,72,30,Male,Valid,No,Bridge,2,1,12,3,0,0,2,3,0,5,5,0,0,4.55,17.67973,78.57331,NH44_Nagpur_Hyderabad,Telangana
Puducherry,Unknown,2021,September,Wednesday,17:18,Serious,4,Bus,9,2,Rainy,National Highway,Dry,Dawn,,45,50,Male,Expired,Yes,Bridge,2,17,9,2,0,3,1,1,1,4,9,0,0,6.36,8.28442,77.26519,NH7_Varanasi_Kanyakumari,MP / Karnataka / TN
Madhya Pradesh,Unknown,2018,March,Wednesday,1:25,Serious,1,Truck,1,4,Clear,State Highway,Dry,Dusk,Police Checkpost,103,21,Female,,No,Bridge,2,1,3,2,1,0,1,3,0,1,1,0,0,5.15,27.41884,77.74981,NH44_Delhi_Agra,Uttar Pradesh
Haryana,Unknown,2023,April,Saturday,21:45,Serious,1,Two-Wheeler,9,1,Clear,Urban Road,Wet,Dawn,,110,53,Female,Valid,No,Straight Road,2,21,4,5,2,0,3,1,0,1,9,0,0,4.85,20.56486,78.94021,NH44_Nagpur_Hyderabad,Telangana
Delhi,Dwarka,2020,September,Thursday,23:37,Serious,1,Cycle,3,1,Stormy,National Highway,Dry,Daylight,Signals,102,24,Male,,No,Curve,2,23,9,3,0,4,1,2,0,1,3,0,0,3.03,15.47966,77.22872,NH7_Varanasi_Kanyakumari,MP / Karnataka / TN
Arunachal Pradesh,Unknown,2019,September,Wednesday,12:12,Fatal,3,Cycle,7,1,Foggy,National Highway,Dry,Dusk,,95,28,Female,Expired,No,Intersection,3,12,9,2,0,1,1,3,0,3,7,0,0,4.85,25.88236,74.92572,NH48_Delhi_Mumbai,Rajasthan / Gujarat
Arunachal Pradesh,Unknown,2018,October,Monday,16:54,Minor,2,Bus,4,3,Clear,Urban Road,Damaged,Dark,Police Checkpost,46,53,Female,,Yes,Intersection,1,16,10,0,2,0,0,0,1,2,4,0,0,5.15,26.10284,86.52293,NH27_East_West,Rajasthan / MP / UP
Meghalaya,Unknown,2020,December,Saturday,14:23,Serious,3,Bus,10,5,Clear,Urban Road,Under Construction,Dark,Police Checkpost,84,36,Male,,No,Straight Road,2,14,12,5,2,0,2,0,0,3,10,0,0,8.79,25.55219,85.10321,NH30_Patna_Visakhapatnam,Chhattisgarh
Arunachal Pradesh,Unknown,2023,February,Saturday,10:19,Serious,1,Car,8,3,Rainy,State Highway,Wet,Dawn,,85,59,Female,,No,Straight Road,2,10,2,5,1,3,3,1,0,1,8,0,0,6.36,24.62195,78.98971,NH44_Agra_Nagpur,Madhya Pradesh
Uttarakhand,Unknown,2018,December,Friday,3:6,Minor,1,Two-Wheeler,1,0,Rainy,Village Road,Damaged,Dark,Signals,84,26,Male,Valid,Yes,Bridge,1,3,12,4,3,3,0,0,1,1,1,0,0,1.52,18.67635,78.27363,NH44_Nagpur_Hyderabad,Telangana
Jharkhand,Unknown,2021,September,Wednesday,0:41,Fatal,2,Bus,7,3,Rainy,National Highway,Damaged,Dawn,Signs,49,34,Male,Valid,Yes,Curve,3,0,9,2,0,3,0,1,1,2,7,0,0,7.27,18.64717,78.3889,NH44_Nagpur_Hyderabad,Telangana
Mizoram,Unknown,2023,November,Sunday,4:25,Serious,2,Truck,2,3,Stormy,State Highway,Dry,Dawn,,106,36,Male,Expired,No,Straight Road,2,4,11,6,1,4,1,1,0,2,2,0,0,4.55,24.81513,84.87095,NH30_Patna_Visakhapatnam,Chhattisgarh
Manipur,Unknown,2021,March,Sunday,17:45,Minor,2,Pedestrian,9,3,Stormy,Urban Road,Damaged,Daylight,Signals,62,28,Male,,Yes,Bridge,1,17,3,6,2,4,0,2,1,2,9,0,0,6.67,18.5057,73.89577,NH9_Pune_Hyderabad,Maharashtra / Telangana
Meghalaya,Unknown,2018,June,Wednesday,6:22,Fatal,3,Cycle,10,2,Clear,National Highway,Damaged,Dark,,62,55,Male,,Yes,Intersection,3,6,6,2,0,0,0,0,1,3,10,0,0,7.27,19.59708,73.22575,NH48_Delhi_Mumbai,Rajasthan / Gujarat
Tamil Nadu,Coimbatore,2023,January,Saturday,22:7,Serious,3,Auto-Rickshaw,9,3,Clear,Village Road,Damaged,Dawn,Signs,119,63,Female,,No,Straight Road,2,22,1,5,3,0,0,1,0,3,9,0,0,6.67,22.2822,79.164,NH44_Agra_Nagpur,Madhya Pradesh
Punjab,Unknown,2022,January,Saturday,22:41,Fatal,4,Pedestrian,10,3,Rainy,National Highway,Under Construction,Dark,Signs,114,22,Male,,No,Intersection,3,22,1,5,0,3,2,0,0,4,10,0,0,7.58,25.42973,90.00697,NH52_Barasat_Guwahati,West Bengal / Assam
Himachal Pradesh,Unknown,2019,December,Wednesday,9:38,Minor,5,Auto-Rickshaw,6,3,Hazy,Urban Road,Wet,Daylight,Police Checkpost,59,69,Male,Expired,Yes,Intersection,1,9,12,2,2,2,3,2,1,5,6,0,0,5.76,22.31483,79.11566,NH44_Agra_Nagpur,Madhya Pradesh
Jharkhand,Unknown,2020,August,Thursday,3:11,Fatal,3,Car,10,2,Foggy,Village Road,Dry,Dusk,Signals,120,18,Female,,Yes,Straight Road,3,3,8,3,3,1,1,3,1,3,10,0,0,7.27,22.28235,70.28401,NH27_East_West,Rajasthan / MP / UP
Gujarat,Ahmedabad,2020,October,Monday,21:45,Serious,1,Bus,2,0,Foggy,State Highway,Dry,Daylight,,94,41,Female,Valid,No,Curve,2,21,10,0,1,1,1,2,0,1,2,0,0,1.82,18.18764,74.23499,NH9_Pune_Hyderabad,Maharashtra / Telangana
Arunachal Pradesh,Unknown,2023,April,Saturday,22:30,Serious,4,Pedestrian,5,4,Hazy,Village Road,Under Construction,Daylight,Signs,46,39,Male,,Yes,Intersection,2,22,4,5,3,2,2,2,1,4,5,0,0,6.97,26.10079,91.79116,NH52_Barasat_Guwahati,West Bengal / Assam
Kerala,Unknown,2023,April,Monday,2:2,Serious,1,Truck,4,3,Hazy,National Highway,Dry,Dusk,Signs,60,35,Male,Expired,Yes,Straight Road,2,2,4,0,0,2,1,3,1,1,4,0,0,5.76,13.20784,77.4978,NH48_Mumbai_Bangalore,Maharashtra / Karnataka
Tamil Nadu,Madurai,2023,April,Tuesday,8:52,Minor,4,Auto-Rickshaw,9,2,Rainy,Urban Road,Wet,Dawn,Police Checkpost,77,51,Male,Valid,Yes,Straight Road,1,8,4,1,2,3,3,1,1,4,9,0,0,5.76,23.92954,81.2765,NH7_Varanasi_Kanyakumari,MP / Karnataka / TN
Jharkhand,Unknown,2022,June,Wednesday,2:8,Fatal,5,Truck,9,5,Stormy,Urban Road,Dry,Daylight,,116,42,Male,Expired,Yes,Curve,3,2,6,2,2,4,1,2,1,5,9,0,0,9.7,28.60249,77.27678,NH19_Delhi_Kolkata,Uttar Pradesh / Bihar
Meghalaya,Unknown,2022,November,Thursday,14:39,Serious,1,Pedestrian,8,4,Rainy,National Highway,Wet,Dawn,Signs,66,24,Female,Expired,Yes,Straight Road,2,14,11,3,0,3,3,1,1,1,8,0,0,7.88,21.40923,87.28747,NH16_Kolkata_Chennai,Odisha / Andhra Pradesh
Assam,Unknown,2020,January,Thursday,18:36,Minor,2,Bus,6,4,Foggy,National Highway,Under Construction,Dawn,Signs,62,33,Male,Expired,No,Intersection,1,18,1,3,0,1,2,1,0,2,6,0,0,6.06,26.92937,75.79284,NH48_Delhi_Mumbai,Rajasthan / Gujarat
Maharashtra,Mumbai,2020,February,Monday,3:26,Minor,5,Two-Wheeler,0,5,Stormy,Village Road,Wet,Dark,Signals,43,69,Male,,No,Intersection,1,3,2,0,3,4,3,0,0,5,0,0,0,5.15,21.41537,87.21706,NH16_Kolkata_Chennai,Odisha / Andhra Pradesh
Karnataka,Mangalore,2023,December,Wednesday,2:16,Minor,1,Truck,0,4,Rainy,Urban Road,Damaged,Dawn,Signs,60,68,Female,Expired,Yes,Straight Road,1,2,12,2,2,3,0,1,1,1,0,0,0,4.85,9.92614,77.50067,NH7_Varanasi_Kanyakumari,MP / Karnataka / TN
Uttar Pradesh,Lucknow,2020,May,Tuesday,19:55,Minor,3,Pedestrian,8,2,Hazy,National Highway,Dry,Dawn,Signs,93,19,Female,Expired,Yes,Bridge,1,19,5,1,0,2,1,1,1,3,8,0,0,5.45,23.02334,71.30233,NH27_East_West,Rajasthan / MP / UP
Haryana,Unknown,2018,April,Saturday,15:19,Fatal,1,Auto-Rickshaw,2,4,Hazy,State Highway,Damaged,Dusk,Police Checkpost,79,55,Female,Expired,Yes,Straight Road,3,15,4,5,1,2,0,3,1,1,2,0,0,6.67,17.4503,75.43609,NH9_Pune_Hyderabad,Maharashtra / Telangana
Telangana,Unknown,2018,January,Saturday,9:12,Fatal,5,Cycle,6,3,Rainy,National Highway,Dry,Dusk,Signs,43,64,Male,Valid,No,Straight Road,3,9,1,5,0,3,1,3,0,5,6,0,0,6.36,27.50918,78.23756,NH19_Delhi_Kolkata,Uttar Pradesh / Bihar
Telangana,Unknown,2022,June,Friday,2:12,Serious,2,Cycle,9,4,Foggy,National Highway,Dry,Dawn,Signals,103,48,Male,Valid,Yes,Intersection,2,2,6,4,0,1,1,1,1,2,9,0,0,8.18,19.27964,78.48709,NH44_Nagpur_Hyderabad,Telangana
Sikkim,Unknown,2020,May,Wednesday,9:22,Minor,4,Two-Wheeler,1,3,Rainy,State Highway,Wet,Dark,,77,22,Male,Valid,Yes,Bridge,1,9,5,2,1,3,3,0,1,4,1,0,0,4.24,19.29075,78.57655,NH44_Nagpur_Hyderabad,Telangana
West Bengal,Kolkata,2021,April,Thursday,4:56,Minor,3,Bus,7,1,Rainy,Village Road,Wet,Dark,Police Checkpost,45,24,Female,Valid,No,Bridge,1,4,4,3,3,3,3,0,0,3,7,0,0,3.64,21.74697,79.09981,NH44_Agra_Nagpur,Madhya Pradesh
Assam,Unknown,2023,September,Saturday,4:13,Minor,4,Car,4,2,Foggy,Urban Road,Dry,Dark,Signals,44,46,Male,,Yes,Straight Road,1,4,9,5,2,1,1,0,1,4,4,0,0,4.24,11.98298,75.30107,NH66_West_Coast,Maharashtra / Kerala
Nagaland,Unknown,2020,November,Saturday,0:37,Minor,1,Pedestrian,5,4,Foggy,Urban Road,Under Construction,Dawn,Signals,106,61,Female,Valid,Yes,Bridge,1,0,11,5,2,1,2,1,1,1,5,0,0,6.36,17.3785,73.40089,NH48_Mumbai_Bangalore,Maharashtra / Karnataka
Himachal Pradesh,Unknown,2018,February,Saturday,9:57,Serious,3,Auto-Rickshaw,8,0,Foggy,Urban Road,Under Construction,Dawn,Signs,51,34,Female,,Yes,Straight Road,2,9,2,5,2,1,2,1,1,3,8,0,0,4.24,12.81575,79.83048,NH44_Bangalore_Chennai,Tamil Nadu
Tamil Nadu,Madurai,2022,August,Saturday,11:28,Serious,1,Two-Wheeler,8,1,Hazy,State Highway,Wet,Daylight,Signs,119,68,Female,,No,Straight Road,2,11,8,5,1,2,3,2,0,1,8,0,0,4.55,32.30284,77.06317,NH22_Shimla_Manali,Himachal Pradesh
Nagaland,Unknown,2019,August,Sunday,22:38,Fatal,2,Two-Wheeler,2,2,Hazy,Urban Road,Under Construction,Dark,,32,63,Female,Expired,Yes,Curve,3,22,8,6,2,2,2,0,1,2,2,0,0,4.85,28.02118,77.31577,NH44_Delhi_Agra,Uttar Pradesh
Goa,Unknown,2018,June,Friday,3:36,Fatal,2,Cycle,9,1,Rainy,State Highway,Wet,Dark,Signals,98,50,Female,,No,Bridge,3,3,6,4,1,3,3,0,0,2,9,0,0,5.45,12.00165,78.95955,NH44_Bangalore_Chennai,Tamil Nadu
Rajasthan,Jodhpur,2022,August,Wednesday,0:42,Serious,4,Truck,6,4,Stormy,Village Road,Damaged,Dusk,Police Checkpost,115,48,Female,Expired,No,Curve,2,0,8,2,3,4,0,3,0,4,6,0,0,6.67,17.39697,73.49325,NH48_Mumbai_Bangalore,Maharashtra / Karnataka
Gujarat,Surat,2022,November,Sunday,10:37,Serious,5,Bus,6,0,Stormy,State Highway,Wet,Dusk,Police Checkpost,54,43,Female,Expired,No,Straight Road,2,10,11,6,1,4,3,3,0,5,6,0,0,3.03,24.89711,84.92839,NH30_Patna_Visakhapatnam,Chhattisgarh
Odisha,Unknown,2018,May,Wednesday,6:42,Minor,2,Truck,9,4,Stormy,National Highway,Dry,Dawn,Police Checkpost,75,56,Male,,No,Intersection,1,6,5,2,0,4,1,1,0,2,9,0,0,6.97,33.72159,74.85045,NH44_North,Jammu & Kashmir
Arunachal Pradesh,Unknown,2020,December,Monday,15:14,Serious,3,Car,0,4,Hazy,Urban Road,Dry,Dark,,98,42,Male,Valid,Yes,Intersection,2,15,12,0,2,2,1,0,1,3,0,0,0,5.45,32.07026,77.17875,NH22_Shimla_Manali,Himachal Pradesh
Himachal Pradesh,Unknown,2019,May,Sunday,11:10,Fatal,3,Two-Wheeler,2,0,Stormy,Urban Road,Wet,Dark,,118,64,Female,Expired,Yes,Straight Road,3,11,5,6,2,4,3,0,1,3,2,0,0,3.03,27.75552,77.445,NH44_Delhi_Agra,Uttar Pradesh
Jammu and Kashmir,Unknown,2023,January,Sunday,1:18,Minor,1,Two-Wheeler,8,2,Stormy,State Highway,Damaged,Dark,,32,30,Male,Valid,Yes,Straight Road,1,1,1,6,1,4,0,0,1,1,8,0,0,5.45,32.88521,75.18417,NH44_North,Jammu & Kashmir
Madhya Pradesh,Unknown,2022,May,Sunday,10:42,Serious,3,Car,8,2,Hazy,National Highway,Dry,Daylight,,69,54,Female,Expired,Yes,Curve,2,10,5,6,0,2,1,2,1,3,8,0,0,6.06,16.16865,77.2619,NH44_Hyderabad_Bangalore,Karnataka
Odisha,Unknown,2018,February,Thursday,11:2,Minor,1,Car,0,2,Rainy,State Highway,Dry,Daylight,,105,33,Male,Valid,Yes,Bridge,1,11,2,3,1,3,1,2,1,1,0,0,0,3.03,30.05179,78.90773,NH58_Delhi_Badrinath,Uttarakhand
Tamil Nadu,Madurai,2022,May,Sunday,0:39,Minor,3,Two-Wheeler,1,4,Foggy,Village Road,Dry,Dark,Signals,46,63,Female,,No,Bridge,1,0,5,6,3,1,1,0,0,3,1,0,0,4.55,12.57157,79.47491,NH44_Bangalore_Chennai,Tamil Nadu
Goa,Unknown,2023,June,Friday,7:24,Serious,2,Truck,2,5,Stormy,National Highway,Wet,Dark,Signs,111,43,Female,Valid,Yes,Straight Road,2,7,6,4,0,4,3,0,1,2,2,0,0,6.97,24.90452,83.8817,NH19_Delhi_Kolkata,Uttar Pradesh / Bihar
Delhi,Dwarka,2020,February,Thursday,13:39,Serious,5,Truck,0,0,Foggy,Village Road,Under Construction,Daylight,,60,44,Male,,Yes,Intersection,2,13,2,3,3,1,2,2,1,5,0,0,0,1.82,27.34846,77.7434,NH44_Delhi_Agra,Uttar Pradesh
Goa,Unknown,2019,June,Tuesday,16:44,Fatal,4,Two-Wheeler,0,1,Clear,Village Road,Damaged,Dusk,Signals,47,45,Male,Expired,No,Curve,3,16,6,1,3,0,0,3,0,4,0,0,0,2.73,15.31661,76.95899,NH44_Hyderabad_Bangalore,Karnataka
Mizoram,Unknown,2023,February,Wednesday,1:6,Minor,4,Auto-Rickshaw,5,5,Foggy,State Highway,Dry,Dark,Signals,65,57,Male,,Yes,Straight Road,1,1,2,2,1,1,1,0,1,4,5,0,0,7.27,17.28403,74.03981,NH66_West_Coast,Maharashtra / Kerala
Haryana,Unknown,2020,October,Sunday,0:43,Minor,5,Pedestrian,7,5,Rainy,State Highway,Dry,Daylight,Signals,87,27,Male,Valid,Yes,Bridge,1,0,10,6,1,3,1,2,1,5,7,0,0,7.88,32.46905,77.28892,NH22_Shimla_Manali,Himachal Pradesh
Uttar Pradesh,Kanpur,2022,September,Sunday,21:31,Fatal,3,Two-Wheeler,4,0,Hazy,State Highway,Dry,Dawn,Signs,114,52,Female,Valid,Yes,Intersection,3,21,9,6,1,2,1,1,1,3,4,0,0,3.64,22.99138,79.50334,NH44_Agra_Nagpur,Madhya Pradesh
Puducherry,Unknown,2018,July,Thursday,0:52,Fatal,3,Auto-Rickshaw,8,0,Clear,Village Road,Dry,Dark,Signs,31,34,Male,Valid,No,Bridge,3,0,7,3,3,0,1,0,0,3,8,0,0,4.24,16.09049,77.27448,NH44_Hyderabad_Bangalore,Karnataka
Mizoram,Unknown,2019,August,Sunday,17:49,Serious,4,Auto-Rickshaw,7,3,Rainy,State Highway,Wet,Dusk,Signs,118,38,Female,Expired,Yes,Intersection,2,17,8,6,1,3,3,3,1,4,7,0,0,6.67,25.39491,90.03339,NH52_Barasat_Guwahati,West Bengal / Assam
Arunachal Pradesh,Unknown,2019,November,Tuesday,5:7,Minor,1,Truck,9,5,Hazy,National Highway,Dry,Dawn,Signals,34,33,Male,,No,Curve,1,5,11,1,0,2,1,1,0,1,9,0,0,7.88,22.79826,88.54653,NH52_Barasat_Guwahati,West Bengal / Assam
Chhattisgarh,Unknown,2021,May,Thursday,11:36,Fatal,1,Auto-Rickshaw,8,4,Clear,National Highway,Wet,Dark,,41,46,Female,Expired,No,Straight Road,3,11,5,3,0,0,3,0,0,1,8,0,0,7.88,33.5671,75.13606,NH44_North,Jammu & Kashmir
Mizoram,Unknown,2020,September,Wednesday,10:24,Serious,4,Truck,0,0,Foggy,Village Road,Under Construction,Dark,Signs,110,66,Female,,No,Straight Road,2,10,9,2,3,1,2,0,0,4,0,0,0,1.21,25.48322,89.92851,NH52_Barasat_Guwahati,West Bengal / Assam
Delhi,Dwarka,2021,April,Tuesday,8:34,Fatal,3,Pedestrian,10,3,Stormy,Urban Road,Wet,Dawn,Signs,100,69,Female,Valid,Yes,Straight Road,3,8,4,1,2,4,3,1,1,3,10,0,0,8.18,17.16134,77.24827,NH9_Pune_Hyderabad,Maharashtra / Telangana
Sikkim,Unknown,2022,July,Thursday,4:53,Minor,4,Car,8,1,Rainy,State Highway,Wet,Daylight,,48,40,Female,Valid,Yes,Intersection,1,4,7,3,1,3,3,2,1,4,8,0,0,4.55,17.18788,76.29674,NH9_Pune_Hyderabad,Maharashtra / Telangana
Gujarat,Ahmedabad,2022,March,Wednesday,11:5,Fatal,1,Car,10,5,Foggy,Village Road,Dry,Dark,Signals,30,18,Male,Valid,No,Bridge,3,11,3,2,3,1,1,0,0,1,10,0,0,9.39,24.26237,84.50624,NH19_Delhi_Kolkata,Uttar Pradesh / Bihar
Mizoram,Unknown,2023,June,Thursday,19:53,Fatal,4,Pedestrian,8,0,Stormy,Village Road,Damaged,Dawn,Police Checkpost,78,31,Female,,Yes,Bridge,3,19,6,3,3,4,0,1,1,4,8,0,0,4.85,26.08579,86.49615,NH27_East_West,Rajasthan / MP / UP
Uttarakhand,Unknown,2022,February,Friday,18:39,Serious,1,Pedestrian,5,1,Hazy,Urban Road,Under Construction,Dusk,Signals,74,50,Male,Expired,No,Curve,2,18,2,4,2,2,2,3,0,1,5,0,0,3.64,9.93907,77.47009,NH7_Varanasi_Kanyakumari,MP / Karnataka / TN
Uttarakhand,Unknown,2021,May,Monday,8:36,Serious,2,Car,9,3,Stormy,State Highway,Under Construction,Daylight,Signs,41,46,Female,Valid,Yes,Intersection,2,8,5,0,1,4,2,2,1,2,9,0,0,7.27,19.04365,72.86398,NH66_West_Coast,Maharashtra / Kerala
Mizoram,Unknown,2021,December,Friday,21:47,Minor,2,Truck,4,4,Clear,Village Road,Under Construction,Dusk,Police Checkpost,75,56,Male,Valid,Yes,Curve,1,21,12,4,3,0,2,3,1,2,4,0,0,6.06,18.21466,74.23015,NH9_Pune_Hyderabad,Maharashtra / Telangana
Bihar,Unknown,2018,November,Monday,0:5,Minor,2,Auto-Rickshaw,5,0,Hazy,State Highway,Under Construction,Dark,Signs,81,20,Male,Expired,Yes,Bridge,1,0,11,0,1,2,2,0,1,2,5,0,0,2.73,26.97544,78.11875,NH44_Delhi_Agra,Uttar Pradesh
Sikkim,Unknown,2021,September,Wednesday,12:58,Fatal,1,Auto-Rickshaw,9,3,Stormy,Urban Road,Wet,Dawn,Police Checkpost,89,47,Female,Valid,Yes,Curve,3,12,9,2,2,4,3,1,1,1,9,0,0,7.88,22.56949,88.32145,NH19_Delhi_Kolkata,Uttar Pradesh / Bihar
Assam,Unknown,2018,December,Monday,8:12,Serious,1,Two-Wheeler,4,2,Stormy,Village Road,Damaged,Dawn,,46,30,Female,,Yes,Straight Road,2,8,12,0,3,4,0,1,1,1,4,0,0,4.85,17.30398,73.45832,NH48_Mumbai_Bangalore,Maharashtra / Karnataka
Mizoram,Unknown,2022,November,Sunday,21:1,Fatal,2,Bus,6,1,Stormy,State Highway,Under Construction,Dusk,,104,44,Female,Valid,Yes,Bridge,3,21,11,6,1,4,2,3,1,2,6,0,0,5.15,34.04367,74.73214,NH44_North,Jammu & Kashmir
Puducherry,Unknown,2023,November,Wednesday,0:29,Serious,3,Truck,1,1,Rainy,Urban Road,Under Construction,Dusk,Signals,92,28,Male,,Yes,Bridge,2,0,11,2,2,3,2,3,1,3,1,0,0,3.03,28.3078,77.1594,NH44_Delhi_Agra,Uttar Pradesh
Arunachal Pradesh,Unknown,2021,July,Wednesday,22:43,Fatal,5,Cycle,3,5,Rainy,State Highway,Wet,Daylight,Signs,40,50,Female,Valid,No,Curve,3,22,7,2,1,3,3,2,0,5,3,0,0,7.27,20.53809,79.04745,NH44_Nagpur_Hyderabad,Telangana
Rajasthan,Jodhpur,2018,January,Monday,12:47,Fatal,2,Cycle,0,2,Hazy,State Highway,Under Construction,Dark,,89,61,Male,Expired,No,Bridge,3,12,1,0,1,2,2,0,0,2,0,0,0,3.64,26.89084,75.83355,NH48_Delhi_Mumbai,Rajasthan / Gujarat
Telangana,Unknown,2019,May,Thursday,13:55,Minor,1,Auto-Rickshaw,1,2,Stormy,Urban Road,Dry,Daylight,Signs,31,48,Female,Valid,Yes,Intersection,1,13,5,3,2,4,1,2,1,1,1,0,0,3.33,26.76604,84.28639,NH27_East_West,Rajasthan / MP / UP
Andhra Pradesh,Tirupati,2019,April,Tuesday,18:7,Serious,1,Car,10,5,Hazy,Village Road,Under Construction,Dawn,Signals,37,46,Male,Expired,Yes,Intersection,2,18,4,1,3,2,2,1,1,1,10,0,0,9.39,23.39228,86.11608,NH19_Delhi_Kolkata,Uttar Pradesh / Bihar
Jharkhand,Unknown,2019,January,Tuesday,8:49,Serious,4,Two-Wheeler,5,4,Stormy,Village Road,Wet,Dusk,Signals,63,65,Male,Valid,No,Bridge,2,8,1,1,3,4,3,3,0,4,5,0,0,6.36,8.21924,77.22306,NH7_Varanasi_Kanyakumari,MP / Karnataka / TN
Gujarat,Vadodara,2018,November,Saturday,17:9,Minor,2,Two-Wheeler,0,3,Clear,Village Road,Under Construction,Dark,Signals,88,60,Female,,No,Bridge,1,17,11,5,3,0,2,0,0,2,0,0,0,3.33,25.25793,74.50914,NH48_Delhi_Mumbai,Rajasthan / Gujarat
West Bengal,Durgapur,2018,October,Sunday,10:57,Fatal,2,Bus,4,4,Foggy,State Highway,Wet,Dark,Signs,114,58,Male,Valid,Yes,Straight Road,3,10,10,6,1,1,3,0,1,2,4,0,0,7.27,22.61733,88.42771,NH16_Kolkata_Chennai,Odisha / Andhra Pradesh
Andhra Pradesh,Vijayawada,2021,July,Friday,3:55,Fatal,5,Car,0,4,Stormy,Village Road,Wet,Dark,Signs,113,67,Female,Valid,Yes,Bridge,3,3,7,4,3,4,3,0,1,5,0,0,0,6.06,30.7958,79.49729,NH58_Delhi_Badrinath,Uttarakhand
Sikkim,Unknown,2018,March,Sunday,3:33,Fatal,5,Car,4,0,Foggy,State Highway,Wet,Daylight,,83,29,Female,Expired,Yes,Straight Road,3,3,3,6,1,1,3,2,1,5,4,0,0,3.64,17.62868,83.34402,NH16_Kolkata_Chennai,Odisha / Andhra Pradesh
Meghalaya,Unknown,2020,December,Tuesday,16:35,Minor,4,Two-Wheeler,2,5,Hazy,State Highway,Wet,Dawn,Signs,57,18,Female,,No,Bridge,1,16,12,1,1,2,3,1,0,4,2,0,0,5.76,19.21774,78.53687,NH44_Nagpur_Hyderabad,Telangana
Andhra Pradesh,Tirupati,2018,May,Tuesday,2:14,Fatal,5,Cycle,5,0,Hazy,National Highway,Under Construction,Dawn,Signs,89,23,Female,,Yes,Curve,3,2,5,1,0,2,2,1,1,5,5,0,0,3.94,19.24749,72.99394,NH48_Delhi_Mumbai,Rajasthan / Gujarat
Andhra Pradesh,Visakhapatnam,2021,September,Tuesday,18:56,Fatal,3,Truck,8,2,Rainy,State Highway,Under Construction,Dawn,Police Checkpost,67,59,Male,,No,Bridge,3,18,9,1,1,3,2,1,0,3,8,0,0,6.06,17.39723,75.43567,NH9_Pune_Hyderabad,Maharashtra / Telangana
Telangana,Unknown,2022,October,Friday,15:25,Minor,3,Two-Wheeler,10,0,Clear,National Highway,Under Construction,Daylight,Police Checkpost,45,48,Female,Valid,Yes,Curve,1,15,10,4,0,0,2,2,1,3,10,0,0,4.24,8.25901,77.21467,NH7_Varanasi_Kanyakumari,MP / Karnataka / TN
Chandigarh,Unknown,2023,May,Monday,4:24,Serious,5,Car,0,3,Stormy,National Highway,Damaged,Dawn,Signs,67,18,Female,Valid,Yes,Straight Road,2,4,5,0,0,4,0,1,1,5,0,0,0,4.55,23.4563,88.82544,NH52_Barasat_Guwahati,West Bengal / Assam
Karnataka,Mysore,2023,November,Wednesday,8:7,Serious,3,Truck,3,3,Hazy,Village Road,Under Construction,Daylight,Signs,37,32,Female,Expired,No,Bridge,2,8,11,2,3,2,2,2,0,3,3,0,0,4.85,27.23232,77.97636,NH44_Delhi_Agra,Uttar Pradesh
Uttar Pradesh,Varanasi,2020,June,Wednesday,4:1,Fatal,3,Truck,10,3,Stormy,Urban Road,Damaged,Dusk,Signs,35,24,Female,Valid,No,Intersection,3,4,6,2,2,4,0,3,0,3,10,0,0,7.58,28.3172,77.21406,NH44_Delhi_Agra,Uttar Pradesh
Mizoram,Unknown,2018,May,Friday,14:33,Serious,2,Truck,4,4,Hazy,Urban Road,Damaged,Dusk,,105,62,Female,,No,Intersection,2,14,5,4,2,2,0,3,0,2,4,0,0,6.06,24.80764,82.44508,NH7_Varanasi_Kanyakumari,MP / Karnataka / TN
Sikkim,Unknown,2021,October,Thursday,18:15,Serious,2,Cycle,5,4,Stormy,National Highway,Wet,Dawn,Police Checkpost,36,67,Male,Valid,Yes,Straight Road,2,18,10,3,0,4,3,1,1,2,5,0,0,6.97,16.95381,78.33091,NH44_Hyderabad_Bangalore,Karnataka
Nagaland,Unknown,2021,August,Tuesday,4:8,Serious,2,Truck,6,5,Hazy,Village Road,Dry,Dark,,93,31,Male,Expired,Yes,Intersection,2,4,8,1,3,2,1,0,1,2,6,0,0,8.18,17.13121,77.21204,NH9_Pune_Hyderabad,Maharashtra / Telangana
Punjab,Unknown,2018,December,Sunday,12:31,Minor,2,Two-Wheeler,4,4,Hazy,State Highway,Wet,Dawn,Signs,99,60,Female,Expired,No,Bridge,1,12,12,6,1,2,3,1,0,2,4,0,0,5.45,15.92438,74.01395,NH66_West_Coast,Maharashtra / Kerala
Meghalaya,Unknown,2022,April,Thursday,16:29,Minor,5,Car,7,2,Clear,State Highway,Under Construction,Dawn,Signs,61,26,Female,Expired,No,Intersection,1,16,4,3,1,0,2,1,0,5,7,0,0,4.55,27.92787,76.88195,NH48_Delhi_Mumbai,Rajasthan / Gujarat
Arunachal Pradesh,Unknown,2022,October,Saturday,20:53,Serious,1,Cycle,1,4,Foggy,State Highway,Dry,Dark,Police Checkpost,75,46,Female,Valid,Yes,Curve,2,20,10,5,1,1,1,0,1,1,1,0,0,5.76,32.0795,77.15377,NH22_Shimla_Manali,Himachal Pradesh
Rajasthan,Jaipur,2023,November,Saturday,9:17,Minor,4,Car,1,0,Stormy,Village Road,Under Construction,Dusk,Signs,89,23,Male,,Yes,Bridge,1,9,11,5,3,4,2,3,1,4,1,0,0,1.52,29.6651,78.27031,NH58_Delhi_Badrinath,Uttarakhand
Himachal Pradesh,Unknown,2019,August,Tuesday,10:55,Serious,4,Cycle,5,3,Stormy,State Highway,Dry,Dusk,Signals,65,49,Female,Expired,Yes,Intersection,2,10,8,1,1,4,1,3,1,4,5,0,0,6.06,28.00551,77.29596,NH44_Delhi_Agra,Uttar Pradesh
Jharkhand,Unknown,2023,January,Saturday,12:32,Fatal,1,Bus,9,5,Foggy,State Highway,Under Construction,Dawn,Signals,106,38,Female,,Yes,Straight Road,3,12,1,5,1,1,2,1,1,1,9,0,0,9.7,24.86102,89.87961,NH52_Barasat_Guwahati,West Bengal / Assam
Jammu and Kashmir,Unknown,2021,July,Friday,15:19,Fatal,5,Cycle,2,2,Rainy,Village Road,Dry,Dark,Signals,93,43,Male,Expired,Yes,Intersection,3,15,7,4,3,3,1,0,1,5,2,0,0,4.85,26.11327,86.40596,NH27_East_West,Rajasthan / MP / UP
Puducherry,Unknown,2023,June,Wednesday,14:23,Minor,1,Truck,1,1,Rainy,Village Road,Wet,Dusk,,75,62,Male,Valid,No,Bridge,1,14,6,2,3,3,3,3,0,1,1,0,0,1.82,18.58353,73.83157,NH9_Pune_Hyderabad,Maharashtra / Telangana
Karnataka,Mysore,2019,July,Wednesday,17:40,Minor,3,Cycle,7,0,Clear,National Highway,Wet,Dusk,Signs,47,61,Female,,No,Bridge,1,17,7,2,0,0,3,3,0,3,7,0,0,2.73,22.32717,70.21168,NH27_East_West,Rajasthan / MP / UP
Bihar,Unknown,2018,December,Friday,1:19,Serious,5,Pedestrian,10,4,Hazy,Urban Road,Dry,Dark,,79,52,Male,,No,Intersection,2,1,12,4,2,2,1,0,0,5,10,0,0,7.88,27.42544,77.67818,NH44_Delhi_Agra,Uttar Pradesh
Goa,Unknown,2022,September,Monday,14:6,Fatal,1,Pedestrian,8,0,Clear,Village Road,Dry,Dusk,Signals,84,32,Female,Valid,No,Curve,3,14,9,0,3,0,1,3,0,1,8,0,0,4.24,30.72604,79.5275,NH58_Delhi_Badrinath,Uttarakhand
Telangana,Unknown,2023,March,Sunday,14:30,Minor,2,Bus,0,0,Clear,Urban Road,Damaged,Dusk,Signs,108,45,Male,Valid,No,Bridge,1,14,3,6,2,0,0,3,0,2,0,0,0,0.61,25.27974,82.96043,NH7_Varanasi_Kanyakumari,MP / Karnataka / TN
Uttar Pradesh,Lucknow,2023,November,Wednesday,11:56,Serious,4,Truck,1,0,Clear,Urban Road,Wet,Daylight,,66,49,Male,,Yes,Straight Road,2,11,11,2,2,0,3,2,1,4,1,0,0,2.12,17.45184,78.49147,NH7_Varanasi_Kanyakumari,MP / Karnataka / TN
Chandigarh,Unknown,2020,August,Friday,14:56,Minor,1,Truck,7,5,Clear,Urban Road,Dry,Dark,Signals,94,31,Male,Expired,Yes,Intersection,1,14,8,4,2,0,1,0,1,1,7,0,0,7.88,23.51559,79.33298,NH44_Agra_Nagpur,Madhya Pradesh
Jharkhand,Unknown,2020,February,Tuesday,22:38,Fatal,5,Pedestrian,4,1,Hazy,National Highway,Under Construction,Daylight,Police Checkpost,110,57,Male,,No,Curve,3,22,2,1,0,2,2,2,0,5,4,0,0,3.94,26.38087,75.22819,NH48_Delhi_Mumbai,Rajasthan / Gujarat
Manipur,Unknown,2022,February,Thursday,8:2,Fatal,4,Car,10,3,Rainy,National Highway,Dry,Dawn,,104,67,Male,Valid,Yes,Intersection,3,8,2,3,0,3,1,1,1,4,10,0,0,8.18,15.39197,76.96886,NH44_Hyderabad_Bangalore,Karnataka
Uttarakhand,Unknown,2021,August,Tuesday,4:25,Serious,5,Two-Wheeler,8,3,Stormy,Village Road,Wet,Dusk,Police Checkpost,116,67,Male,Expired,No,Straight Road,2,4,8,1,3,4,3,3,0,5,8,0,0,6.36,28.04138,76.89041,NH48_Delhi_Mumbai,Rajasthan / Gujarat
Himachal Pradesh,Unknown,2023,July,Monday,21:28,Minor,3,Cycle,1,4,Hazy,Urban Road,Under Construction,Dawn,Police Checkpost,35,51,Female,Expired,Yes,Straight Road,1,21,7,0,2,2,2,1,1,3,1,0,0,5.15,28.55635,77.22396,NH58_Delhi_Badrinath,Uttarakhand
Arunachal Pradesh,Unknown,2021,December,Thursday,17:5,Serious,1,Auto-Rickshaw,9,2,Hazy,Village Road,Under Construction,Daylight,Police Checkpost,61,32,Male,Expired,Yes,Straight Road,2,17,12,3,3,2,2,2,1,1,9,0,0,6.36,26.79797,78.21165,NH44_Agra_Nagpur,Madhya Pradesh
Jharkhand,Unknown,2019,July,Wednesday,13:12,Fatal,4,Pedestrian,3,0,Clear,National Highway,Under Construction,Dark,Signals,62,63,Female,Expired,Yes,Curve,3,13,7,2,0,0,2,0,1,4,3,0,0,3.33,23.4529,73.23852,NH27_East_West,Rajasthan / MP / UP
Madhya Pradesh,Unknown,2023,April,Wednesday,20:45,Serious,1,Truck,9,1,Rainy,Village Road,Wet,Dusk,Police Checkpost,90,19,Male,Valid,No,Intersection,2,20,4,2,3,3,3,3,0,1,9,0,0,4.85,23.98071,79.11466,NH44_Agra_Nagpur,Madhya Pradesh
Punjab,Unknown,2022,July,Tuesday,13:50,Minor,3,Auto-Rickshaw,5,5,Rainy,Village Road,Dry,Dusk,Signs,73,51,Female,Valid,No,Curve,1,13,7,1,3,3,1,3,0,3,5,0,0,6.67,12.2998,78.12404,NH44_Bangalore_Chennai,Tamil Nadu
Chhattisgarh,Unknown,2023,November,Wednesday,21:56,Fatal,2,Bus,3,5,Stormy,National Highway,Dry,Daylight,Signs,75,26,Male,Expired,No,Curve,3,21,11,2,0,4,1,2,0,2,3,0,0,7.27,19.3613,84.79708,NH16_Kolkata_Chennai,Odisha / Andhra Pradesh
Madhya Pradesh,Unknown,2022,February,Sunday,15:38,Serious,4,Bus,10,4,Hazy,National Highway,Damaged,Dawn,Signs,120,35,Male,Expired,No,Intersection,2,15,2,6,0,2,0,1,0,4,10,0,0,7.88,12.94596,79.82707,NH44_Bangalore_Chennai,Tamil Nadu
Puducherry,Unknown,2021,July,Saturday,11:17,Fatal,2,Truck,8,0,Foggy,Village Road,Wet,Dusk,,69,38,Female,,No,Straight Road,3,11,7,5,3,1,3,3,0,2,8,0,0,4.24,23.44225,83.94514,NH30_Patna_Visakhapatnam,Chhattisgarh
Sikkim,Unknown,2021,February,Wednesday,19:49,Minor,4,Auto-Rickshaw,6,4,Hazy,Village Road,Damaged,Daylight,,51,68,Female,,No,Intersection,1,19,2,2,3,2,0,2,0,4,6,0,0,6.06,17.13271,77.25089,NH9_Pune_Hyderabad,Maharashtra / Telangana
Chandigarh,Unknown,2020,June,Thursday,9:33,Minor,2,Two-Wheeler,1,3,Hazy,State Highway,Wet,Daylight,Signals,33,44,Female,Valid,Yes,Straight Road,1,9,6,3,1,2,3,2,1,2,1,0,0,4.24,18.60472,78.37036,NH44_Nagpur_Hyderabad,Telangana
Sikkim,Unknown,2020,August,Monday,4:33,Serious,2,Auto-Rickshaw,9,1,Clear,National Highway,Damaged,Dusk,Signs,51,25,Male,Expired,No,Curve,2,4,8,0,0,0,0,3,0,2,9,0,0,4.85,18.61588,84.29896,NH16_Kolkata_Chennai,Odisha / Andhra Pradesh
Haryana,Unknown,2022,November,Friday,17:15,Serious,2,Cycle,2,4,Rainy,State Highway,Dry,Daylight,Signals,56,22,Male,Expired,Yes,Bridge,2,17,11,4,1,3,1,2,1,2,2,0,0,6.06,17.85548,74.87019,NH9_Pune_Hyderabad,Maharashtra / Telangana
Himachal Pradesh,Unknown,2021,June,Thursday,20:32,Minor,2,Auto-Rickshaw,1,0,Rainy,Village Road,Under Construction,Dusk,Signs,54,19,Female,,Yes,Bridge,1,20,6,3,3,3,2,3,1,2,1,0,0,1.52,27.45267,77.68147,NH44_Delhi_Agra,Uttar Pradesh
Uttar Pradesh,Lucknow,2023,May,Tuesday,5:18,Serious,3,Pedestrian,0,2,Clear,State Highway,Wet,Dark,Signals,89,27,Male,Expired,No,Bridge,2,5,5,1,1,0,3,0,0,3,0,0,0,3.03,23.45135,83.81082,NH30_Patna_Visakhapatnam,Chhattisgarh
Assam,Unknown,2018,November,Friday,9:58,Serious,1,Car,8,0,Foggy,State Highway,Under Construction,Dusk,,102,61,Female,Valid,Yes,Intersection,2,9,11,4,1,1,2,3,1,1,8,0,0,4.24,23.87077,81.30134,NH7_Varanasi_Kanyakumari,MP / Karnataka / TN
Odisha,Unknown,2020,March,Wednesday,11:36,Minor,1,Pedestrian,1,2,Clear,Village Road,Dry,Dawn,Signals,110,25,Female,Expired,Yes,Straight Road,1,11,3,2,3,0,1,1,1,1,1,0,0,3.33,25.80142,82.21655,NH19_Delhi_Kolkata,Uttar Pradesh / Bihar
Puducherry,Unknown,2022,April,Wednesday,3:5,Minor,5,Car,5,3,Foggy,Village Road,Wet,Dark,Police Checkpost,116,44,Male,Valid,Yes,Curve,1,3,4,2,3,1,3,0,1,5,5,0,0,5.45,17.02078,78.33677,NH44_Hyderabad_Bangalore,Karnataka
Karnataka,Mangalore,2020,February,Wednesday,2:54,Serious,4,Cycle,2,2,Hazy,Urban Road,Under Construction,Dawn,Police Checkpost,60,38,Female,Valid,Yes,Bridge,2,2,2,2,2,2,2,1,1,4,2,0,0,4.24,22.74572,88.5746,NH52_Barasat_Guwahati,West Bengal / Assam
Gujarat,Ahmedabad,2022,January,Friday,13:46,Fatal,4,Two-Wheeler,8,5,Foggy,Urban Road,Under Construction,Dark,Police Checkpost,100,43,Male,,Yes,Straight Road,3,13,1,4,2,1,2,0,1,4,8,0,0,9.39,17.86306,74.92185,NH9_Pune_Hyderabad,Maharashtra / Telangana
Puducherry,Unknown,2022,April,Monday,15:32,Minor,4,Two-Wheeler,0,3,Rainy,State Highway,Under Construction,Dawn,Police Checkpost,118,62,Male,Expired,No,Bridge,1,15,4,0,1,3,2,1,0,4,0,0,0,3.33,17.38792,73.98371,NH66_West_Coast,Maharashtra / Kerala
Sikkim,Unknown,2020,March,Monday,6:39,Minor,3,Pedestrian,4,1,Stormy,State Highway,Wet,Daylight,Signals,43,25,Male,,No,Straight Road,1,6,3,0,1,4,3,2,0,3,4,0,0,2.73,17.43455,78.47848,NH7_Varanasi_Kanyakumari,MP / Karnataka / TN
Tamil Nadu,Coimbatore,2021,August,Sunday,16:25,Fatal,2,Cycle,1,1,Clear,National Highway,Dry,Dawn,Police Checkpost,40,68,Male,,No,Curve,3,16,8,6,0,0,1,1,0,2,1,0,0,3.03,30.70865,79.54067,NH58_Delhi_Badrinath,Uttarakhand
Chandigarh,Unknown,2021,January,Tuesday,23:8,Serious,5,Auto-Rickshaw,5,3,Stormy,National Highway,Damaged,Dusk,Police Checkpost,62,36,Male,Valid,No,Intersection,2,23,1,1,0,4,0,3,0,5,5,0,0,5.45,18.65546,78.33872,NH44_Nagpur_Hyderabad,Telangana
Nagaland,Unknown,2021,August,Friday,8:52,Minor,2,Bus,0,3,Rainy,Urban Road,Wet,Dark,Signs,32,43,Female,Valid,Yes,Bridge,1,8,8,4,2,3,3,0,1,2,0,0,0,3.94,18.23076,74.26028,NH9_Pune_Hyderabad,Maharashtra / Telangana
Uttarakhand,Unknown,2021,September,Tuesday,20:38,Minor,3,Car,10,1,Stormy,Urban Road,Damaged,Dark,,111,28,Female,Valid,Yes,Curve,1,20,9,1,2,4,0,0,1,3,10,0,0,5.15,12.93582,74.84792,NH66_West_Coast,Maharashtra / Kerala
Chandigarh,Unknown,2022,May,Friday,21:29,Minor,1,Pedestrian,8,4,Hazy,Urban Road,Dry,Daylight,Signs,51,30,Male,,No,Bridge,1,21,5,4,2,2,1,2,0,1,8,0,0,6.67,28.21068,77.04463,NH48_Delhi_Mumbai,Rajasthan / Gujarat
Jammu and Kashmir,Unknown,2021,January,Friday,23:27,Serious,1,Auto-Rickshaw,1,4,Foggy,National Highway,Dry,Dawn,Signals,40,42,Female,,No,Bridge,2,23,1,4,0,1,1,1,0,1,1,0,0,5.15,25.38724,89.94569,NH27_East_West,Rajasthan / MP / UP
Andhra Pradesh,Tirupati,2022,May,Monday,6:51,Fatal,1,Cycle,0,2,Hazy,Village Road,Dry,Dusk,Signals,84,27,Male,,No,Straight Road,3,6,5,0,3,2,1,3,0,1,0,0,0,3.64,22.51457,88.29432,NH16_Kolkata_Chennai,Odisha / Andhra Pradesh
Madhya Pradesh,Unknown,2022,April,Monday,14:43,Serious,2,Car,1,1,Clear,Village Road,Damaged,Dawn,Police Checkpost,49,49,Male,Valid,Yes,Bridge,2,14,4,0,3,0,0,1,1,2,1,0,0,3.03,27.86978,77.48967,NH44_Delhi_Agra,Uttar Pradesh
Chandigarh,Unknown,2018,June,Monday,2:57,Serious,3,Bus,5,5,Stormy,State Highway,Dry,Dark,,60,56,Female,Expired,No,Bridge,2,2,6,0,1,4,1,0,0,3,5,0,0,7.27,22.37319,79.16807,NH44_Agra_Nagpur,Madhya Pradesh
Uttar Pradesh,Varanasi,2020,February,Wednesday,23:57,Fatal,3,Truck,3,5,Foggy,Village Road,Damaged,Dawn,Signs,70,25,Female,Valid,Yes,Straight Road,3,23,2,2,3,1,0,1,1,3,3,0,0,7.88,25.64243,85.1529,NH30_Patna_Visakhapatnam,Chhattisgarh
West Bengal,Durgapur,2021,September,Monday,14:41,Fatal,2,Pedestrian,3,5,Stormy,National Highway,Dry,Dusk,Police Checkpost,41,61,Male,Expired,Yes,Straight Road,3,14,9,0,0,4,1,3,1,2,3,0,0,7.88,28.54524,77.17725,NH44_Delhi_Agra,Uttar Pradesh
Chhattisgarh,Unknown,2023,May,Monday,3:14,Serious,2,Car,3,0,Clear,State Highway,Damaged,Daylight,Police Checkpost,47,34,Female,,Yes,Intersection,2,3,5,0,1,0,0,2,1,2,3,0,0,2.73,18.62686,84.24088,NH16_Kolkata_Chennai,Odisha / Andhra Pradesh
West Bengal,Siliguri,2021,January,Tuesday,4:32,Fatal,1,Car,10,3,Rainy,Village Road,Under Construction,Daylight,Police Checkpost,106,34,Male,Valid,Yes,Straight Road,3,4,1,1,3,3,2,2,1,1,10,0,0,8.18,18.45185,73.79813,NH48_Mumbai_Bangalore,Maharashtra / Karnataka
Delhi,Rohini,2021,January,Wednesday,1:38,Fatal,4,Cycle,8,3,Stormy,State Highway,Under Construction,Dark,Signals,77,67,Male,Valid,No,Intersection,3,1,1,2,1,4,2,0,0,4,8,0,0,6.97,31.39676,77.23409,NH22_Shimla_Manali,Himachal Pradesh
Gujarat,Ahmedabad,2019,June,Sunday,18:24,Serious,3,Truck,10,3,Rainy,National Highway,Under Construction,Daylight,,66,47,Female,,No,Straight Road,2,18,6,6,0,3,2,2,0,3,10,0,0,6.97,22.17103,82.92721,NH30_Patna_Visakhapatnam,Chhattisgarh
Goa,Unknown,2022,January,Thursday,10:48,Serious,2,Bus,1,2,Rainy,Urban Road,Under Construction,Dusk,Police Checkpost,90,19,Male,Valid,No,Bridge,2,10,1,3,2,3,2,3,0,2,1,0,0,3.33,21.15756,72.88488,NH48_Delhi_Mumbai,Rajasthan / Gujarat
Goa,Unknown,2018,December,Monday,4:38,Minor,2,Truck,1,0,Hazy,Urban Road,Under Construction,Daylight,Signals,67,70,Female,Valid,No,Intersection,1,4,12,0,2,2,2,2,0,2,1,0,0,0.91,21.82733,72.09026,NH48_Delhi_Mumbai,Rajasthan / Gujarat
Assam,Unknown,2019,November,Wednesday,13:2,Serious,4,Cycle,5,3,Hazy,National Highway,Dry,Dusk,Police Checkpost,65,18,Male,Valid,No,Bridge,2,13,11,2,0,2,1,3,0,4,5,0,0,5.45,32.7227,74.81864,NH44_North,Jammu & Kashmir
Punjab,Unknown,2022,May,Wednesday,9:3,Fatal,2,Bus,6,3,Foggy,National Highway,Dry,Daylight,Signs,53,44,Female,,Yes,Bridge,3,9,5,2,0,1,1,2,1,2,6,0,0,6.97,16.58871,73.19405,NH48_Mumbai_Bangalore,Maharashtra / Karnataka
Odisha,Unknown,2020,September,Tuesday,3:54,Minor,3,Pedestrian,0,4,Hazy,Urban Road,Wet,Dusk,Signs,69,29,Female,Valid,Yes,Curve,1,3,9,1,2,2,3,3,1,3,0,0,0,4.85,20.15377,73.50737,NH48_Delhi_Mumbai,Rajasthan / Gujarat
Uttarakhand,Unknown,2023,August,Friday,2:55,Fatal,1,Cycle,8,5,Foggy,Urban Road,Under Construction,Dawn,Signs,84,69,Male,Valid,No,Intersection,3,2,8,4,2,1,2,1,0,1,8,0,0,8.79,26.86247,80.87405,NH19_Delhi_Kolkata,Uttar Pradesh / Bihar
Madhya Pradesh,Unknown,2022,November,Thursday,14:12,Serious,2,Bus,1,0,Rainy,State Highway,Under Construction,Dawn,,41,28,Female,Valid,Yes,Curve,2,14,11,3,1,3,2,1,1,2,1,0,0,2.12,21.48595,87.27915,NH16_Kolkata_Chennai,Odisha / Andhra Pradesh
Karnataka,Mysore,2023,June,Sunday,16:49,Minor,2,Truck,8,0,Stormy,Village Road,Dry,Dusk,Police Checkpost,48,67,Female,Valid,No,Straight Road,1,16,6,6,3,4,1,3,0,2,8,0,0,3.03,22.24286,82.93379,NH30_Patna_Visakhapatnam,Chhattisgarh
Telangana,Unknown,2019,July,Saturday,15:48,Serious,3,Two-Wheeler,7,3,Stormy,National Highway,Damaged,Daylight,,109,68,Male,Valid,No,Bridge,2,15,7,5,0,4,0,2,0,3,7,0,0,6.06,18.2202,74.18621,NH9_Pune_Hyderabad,Maharashtra / Telangana
Bihar,Unknown,2022,May,Tuesday,1:45,Minor,4,Car,1,5,Stormy,Village Road,Dry,Dark,Signals,72,40,Female,Valid,Yes,Straight Road,1,1,5,1,3,4,1,0,1,4,1,0,0,6.06,18.26504,74.20202,NH9_Pune_Hyderabad,Maharashtra / Telangana
Chhattisgarh,Unknown,2022,July,Monday,16:40,Serious,2,Truck,4,2,Hazy,National Highway,Wet,Daylight,,94,68,Female,Valid,No,Curve,2,16,7,0,0,2,3,2,0,2,4,0,0,4.24,20.12456,73.39256,NH48_Delhi_Mumbai,Rajasthan / Gujarat
Rajasthan,Jodhpur,2020,September,Tuesday,4:30,Serious,1,Cycle,0,2,Stormy,Village Road,Dry,Dawn,Signals,50,32,Female,Expired,No,Intersection,2,4,9,1,3,4,1,1,0,1,0,0,0,3.03,14.9314,76.55466,NH44_Hyderabad_Bangalore,Karnataka
Goa,Unknown,2020,October,Saturday,3:32,Fatal,2,Bus,9,4,Rainy,Village Road,Dry,Daylight,Police Checkpost,35,18,Male,Expired,No,Curve,3,3,10,5,3,3,1,2,0,2,9,0,0,8.18,25.75356,82.26773,NH19_Delhi_Kolkata,Uttar Pradesh / Bihar
Jharkhand,Unknown,2018,October,Tuesday,16:43,Serious,1,Two-Wheeler,8,4,Clear,Urban Road,Damaged,Dawn,,39,58,Male,Valid,Yes,Intersection,2,16,10,1,2,0,0,1,1,1,8,0,0,7.88,13.06343,80.23786,NH44_Bangalore_Chennai,Tamil Nadu
Puducherry,Unknown,2018,November,Friday,5:23,Fatal,5,Truck,9,2,Stormy,State Highway,Under Construction,Daylight,Police Checkpost,106,47,Male,,Yes,Curve,3,5,11,4,1,4,2,2,1,5,9,0,0,6.97,29.66405,78.29101,NH58_Delhi_Badrinath,Uttarakhand
Kerala,Unknown,2023,June,Monday,18:51,Minor,5,Auto-Rickshaw,5,1,Clear,Village Road,Under Construction,Dawn,Signals,113,53,Female,Valid,Yes,Bridge,1,18,6,0,3,0,2,1,1,5,5,0,0,3.64,23.93339,81.21682,NH7_Varanasi_Kanyakumari,MP / Karnataka / TN
Bihar,Unknown,2020,March,Friday,11:4,Serious,2,Auto-Rickshaw,3,2,Hazy,National Highway,Damaged,Daylight,,64,43,Male,Valid,Yes,Intersection,2,11,3,4,0,2,0,2,1,2,3,0,0,4.55,21.82224,80.16992,NH7_Varanasi_Kanyakumari,MP / Karnataka / TN
Odisha,Unknown,2019,October,Tuesday,9:19,Serious,4,Auto-Rickshaw,7,4,Foggy,National Highway,Damaged,Daylight,,108,31,Female,Valid,No,Intersection,2,9,10,1,0,1,0,2,0,4,7,0,0,6.97,26.14158,86.48454,NH27_East_West,Rajasthan / MP / UP
Nagaland,Unknown,2018,December,Monday,8:53,Fatal,1,Auto-Rickshaw,10,4,Hazy,Village Road,Dry,Daylight,Police Checkpost,94,70,Male,Expired,No,Straight Road,3,8,12,0,3,2,1,2,0,1,10,0,0,8.48,32.69159,74.90957,NH44_North,Jammu & Kashmir
Andhra Pradesh,Tirupati,2021,April,Thursday,20:35,Minor,5,Two-Wheeler,6,4,Clear,State Highway,Wet,Dusk,,115,48,Female,Valid,Yes,Intersection,1,20,4,3,1,0,3,3,1,5,6,0,0,6.67,22.34855,79.18611,NH44_Agra_Nagpur,Madhya Pradesh
Nagaland,Unknown,2023,March,Friday,2:21,Fatal,3,Car,2,4,Hazy,National Highway,Under Construction,Daylight,Signs,31,27,Male,,Yes,Straight Road,3,2,3,4,0,2,2,2,1,3,2,0,0,6.67,15.82075,80.27346,NH16_Kolkata_Chennai,Odisha / Andhra Pradesh
Tamil Nadu,Coimbatore,2022,March,Wednesday,6:32,Serious,1,Auto-Rickshaw,2,3,Hazy,National Highway,Wet,Dusk,Signals,80,48,Female,,Yes,Straight Road,2,6,3,2,0,2,3,3,1,1,2,0,0,5.15,13.82067,75.5668,NH48_Mumbai_Bangalore,Maharashtra / Karnataka
Chhattisgarh,Unknown,2018,March,Tuesday,6:7,Fatal,2,Auto-Rickshaw,10,0,Stormy,Village Road,Under Construction,Dawn,,96,28,Female,,No,Straight Road,3,6,3,1,3,4,2,1,0,2,10,0,0,4.85,24.58264,73.63254,NH48_Delhi_Mumbai,Rajasthan / Gujarat
Tripura,Unknown,2019,March,Wednesday,7:27,Minor,2,Two-Wheeler,4,0,Rainy,Urban Road,Wet,Daylight,,71,20,Male,,Yes,Intersection,1,7,3,2,2,3,3,2,1,2,4,0,0,2.42,17.96877,73.59133,NH48_Mumbai_Bangalore,Maharashtra / Karnataka
Maharashtra,Pune,2019,June,Friday,8:34,Serious,2,Cycle,3,1,Rainy,Urban Road,Wet,Daylight,Signs,91,47,Female,Expired,Yes,Curve,2,8,6,4,2,3,3,2,1,2,3,0,0,3.64,24.88329,84.86421,NH30_Patna_Visakhapatnam,Chhattisgarh
Karnataka,Mangalore,2020,February,Monday,10:7,Serious,3,Bus,2,0,Foggy,National Highway,Wet,Dusk,,55,37,Female,Expired,Yes,Bridge,2,10,2,0,0,1,3,3,1,3,2,0,0,2.42,15.89803,80.23012,NH16_Kolkata_Chennai,Odisha / Andhra Pradesh
Andhra Pradesh,Vijayawada,2021,May,Thursday,20:27,Minor,3,Auto-Rickshaw,5,4,Foggy,National Highway,Wet,Dusk,Signs,85,29,Female,Expired,Yes,Intersection,1,20,5,3,0,1,3,3,1,3,5,0,0,6.36,18.56247,73.88956,NH9_Pune_Hyderabad,Maharashtra / Telangana
Bihar,Unknown,2020,January,Wednesday,5:22,Minor,2,Bus,7,0,Clear,Urban Road,Under Construction,Daylight,Signs,62,70,Male,Expired,No,Intersection,1,5,1,2,2,0,2,2,0,2,7,0,0,2.73,32.22912,74.96623,NH44_North,Jammu & Kashmir
Chandigarh,Unknown,2022,May,Thursday,5:22,Minor,1,Auto-Rickshaw,3,3,Rainy,Urban Road,Under Construction,Daylight,Signs,83,70,Male,Valid,No,Straight Road,1,5,5,3,2,3,2,2,0,1,3,0,0,4.24,15.89628,73.97232,NH66_West_Coast,Maharashtra / Kerala
Assam,Unknown,2018,January,Saturday,19:20,Serious,3,Two-Wheeler,9,4,Hazy,Urban Road,Under Construction,Dusk,Signals,31,43,Female,,No,Intersection,2,19,1,5,2,2,2,3,0,3,9,0,0,7.58,18.66508,84.17595,NH16_Kolkata_Chennai,Odisha / Andhra Pradesh
Uttarakhand,Unknown,2021,June,Thursday,9:35,Minor,4,Two-Wheeler,3,0,Clear,Village Road,Damaged,Dusk,Police Checkpost,119,66,Male,Valid,Yes,Straight Road,1,9,6,3,3,0,0,3,1,4,3,0,0,2.12,27.61813,77.50761,NH44_Delhi_Agra,Uttar Pradesh
Punjab,Unknown,2022,October,Sunday,10:4,Minor,3,Bus,1,0,Hazy,National Highway,Dry,Dusk,Signs,55,51,Male,Valid,No,Bridge,1,10,10,6,0,2,1,3,0,3,1,0,0,0.91,26.06698,86.48233,NH27_East_West,Rajasthan / MP / UP
Odisha,Unknown,2020,July,Sunday,14:45,Serious,2,Two-Wheeler,3,5,Hazy,Village Road,Damaged,Dusk,Police Checkpost,67,59,Female,Valid,Yes,Intersection,2,14,7,6,3,2,0,3,1,2,3,0,0,7.27,18.10023,78.38871,NH44_Nagpur_Hyderabad,Telangana
Uttarakhand,Unknown,2023,September,Tuesday,6:46,Fatal,4,Pedestrian,6,0,Rainy,Urban Road,Damaged,Daylight,Signs,105,45,Female,,Yes,Straight Road,3,6,9,1,2,3,0,2,1,4,6,0,0,4.24,28.2474,77.20107,NH44_Delhi_Agra,Uttar Pradesh
Rajasthan,Jaipur,2019,June,Friday,12:25,Minor,5,Car,7,0,Rainy,National Highway,Dry,Dusk,Signals,99,21,Male,Valid,No,Curve,1,12,6,4,0,3,1,3,0,5,7,0,0,2.73,12.20133,79.26548,NH44_Bangalore_Chennai,Tamil Nadu
Gujarat,Surat,2022,March,Monday,15:39,Fatal,3,Cycle,9,3,Rainy,Village Road,Under Construction,Dusk,Police Checkpost,48,45,Female,Expired,No,Straight Road,3,15,3,0,3,3,2,3,0,3,9,0,0,7.27,31.45866,77.25886,NH22_Shimla_Manali,Himachal Pradesh
Karnataka,Mysore,2021,August,Thursday,16:45,Fatal,5,Two-Wheeler,6,4,Foggy,State Highway,Dry,Daylight,,96,27,Male,,No,Intersection,3,16,8,3,1,1,1,2,0,5,6,0,0,7.27,12.83698,77.74464,NH44_Bangalore_Chennai,Tamil Nadu
Sikkim,Unknown,2021,November,Monday,11:33,Fatal,5,Pedestrian,5,1,Rainy,Urban Road,Dry,Daylight,,103,51,Female,Valid,No,Intersection,3,11,11,0,2,3,1,2,0,5,5,0,0,4.24,27.62069,77.54556,NH44_Delhi_Agra,Uttar Pradesh
Jharkhand,Unknown,2019,March,Friday,17:16,Serious,2,Pedestrian,9,3,Stormy,Village Road,Under Construction,Daylight,,55,36,Female,Expired,No,Straight Road,2,17,3,4,3,4,2,2,0,2,9,0,0,6.67,26.88818,75.72146,NH48_Delhi_Mumbai,Rajasthan / Gujarat
Mizoram,Unknown,2020,April,Friday,17:47,Fatal,5,Bus,8,3,Foggy,National Highway,Damaged,Dusk,,68,57,Female,Valid,No,Straight Road,3,17,4,4,0,1,0,3,0,5,8,0,0,6.97,17.04546,78.30626,NH44_Hyderabad_Bangalore,Karnataka
Chhattisgarh,Unknown,2018,September,Monday,13:50,Serious,3,Pedestrian,1,0,Foggy,National Highway,Damaged,Dark,Signals,66,33,Male,Valid,No,Curve,2,13,9,0,0,1,0,0,0,3,1,0,0,1.52,12.90619,77.56197,NH48_Mumbai_Bangalore,Maharashtra / Karnataka
Madhya Pradesh,Unknown,2021,November,Monday,8:11,Fatal,2,Bus,7,1,Clear,Village Road,Wet,Dawn,Signs,70,69,Male,,No,Bridge,3,8,11,0,3,0,3,1,0,2,7,0,0,4.85,15.5091,75.01158,NH48_Mumbai_Bangalore,Maharashtra / Karnataka
West Bengal,Kolkata,2021,December,Saturday,11:11,Serious,5,Two-Wheeler,3,3,Foggy,National Highway,Damaged,Daylight,Signals,102,53,Female,Valid,No,Bridge,2,11,12,5,0,1,0,2,0,5,3,0,0,4.85,25.82865,79.49525,NH27_East_West,Rajasthan / MP / UP
Himachal Pradesh,Unknown,2021,November,Wednesday,1:57,Minor,1,Two-Wheeler,1,3,Stormy,Urban Road,Damaged,Dark,,107,62,Female,Expired,Yes,Straight Road,1,1,11,2,2,4,0,0,1,1,1,0,0,4.24,25.74033,82.28992,NH19_Delhi_Kolkata,Uttar Pradesh / Bihar
Kerala,Unknown,2021,December,Monday,0:51,Fatal,1,Two-Wheeler,4,4,Hazy,State Highway,Under Construction,Daylight,,87,53,Female,,No,Intersection,3,0,12,0,1,2,2,2,0,1,4,0,0,6.67,21.47046,87.23028,NH16_Kolkata_Chennai,Odisha / Andhra Pradesh
Bihar,Unknown,2021,May,Wednesday,5:2,Fatal,2,Car,9,2,Foggy,Urban Road,Under Construction,Dawn,Signs,90,39,Female,,No,Intersection,3,5,5,2,2,1,2,1,0,2,9,0,0,6.36,27.7611,77.52009,NH44_Delhi_Agra,Uttar Pradesh
Chandigarh,Unknown,2021,December,Sunday,15:44,Serious,2,Two-Wheeler,1,0,Foggy,State Highway,Dry,Dawn,Signs,58,35,Male,,No,Curve,2,15,12,6,1,1,1,1,0,2,1,0,0,1.52,21.8803,80.25513,NH7_Varanasi_Kanyakumari,MP / Karnataka / TN
Tripura,Unknown,2020,March,Thursday,13:11,Serious,5,Auto-Rickshaw,6,5,Clear,State Highway,Wet,Dark,,95,47,Female,,No,Curve,2,13,3,3,1,0,3,0,0,5,6,0,0,7.58,13.01477,77.5487,NH48_Mumbai_Bangalore,Maharashtra / Karnataka
Kerala,Unknown,2020,March,Wednesday,5:10,Fatal,5,Car,5,5,Clear,Village Road,Wet,Dusk,,58,35,Female,,Yes,Curve,3,5,3,2,3,0,3,3,1,5,5,0,0,8.48,15.24871,74.14114,NH66_West_Coast,Maharashtra / Kerala
Madhya Pradesh,Unknown,2023,April,Monday,8:20,Serious,2,Cycle,10,1,Foggy,Urban Road,Under Construction,Dusk,,98,44,Female,,No,Bridge,2,8,4,0,2,1,2,3,0,2,10,0,0,5.15,24.18457,84.27756,NH30_Patna_Visakhapatnam,Chhattisgarh
Delhi,New Delhi,2022,April,Monday,16:22,Fatal,3,Cycle,2,2,Stormy,National Highway,Dry,Dark,Signals,80,20,Male,Valid,Yes,Curve,3,16,4,0,0,4,1,0,1,3,2,0,0,4.85,12.99599,77.63338,NH48_Mumbai_Bangalore,Maharashtra / Karnataka
Himachal Pradesh,Unknown,2021,March,Tuesday,20:13,Minor,1,Truck,9,3,Rainy,Village Road,Damaged,Dark,Police Checkpost,96,28,Male,Valid,Yes,Straight Road,1,20,3,1,3,3,0,0,1,1,9,0,0,6.67,21.11567,79.0848,NH7_Varanasi_Kanyakumari,MP / Karnataka / TN
Nagaland,Unknown,2023,December,Monday,11:7,Fatal,4,Two-Wheeler,4,4,Rainy,State Highway,Wet,Dark,Signals,39,27,Male,Expired,Yes,Curve,3,11,12,0,1,3,3,0,1,4,4,0,0,7.27,18.5476,73.88061,NH9_Pune_Hyderabad,Maharashtra / Telangana
West Bengal,Siliguri,2018,April,Tuesday,4:23,Minor,4,Pedestrian,0,5,Foggy,National Highway,Damaged,Dark,,51,54,Female,Valid,Yes,Bridge,1,4,4,1,0,1,0,0,1,4,0,0,0,5.76,23.00533,80.44867,NH7_Varanasi_Kanyakumari,MP / Karnataka / TN
Tripura,Unknown,2020,January,Wednesday,11:42,Serious,3,Bus,2,5,Rainy,Village Road,Dry,Dusk,Signals,46,43,Male,Expired,No,Straight Road,2,11,1,2,3,3,1,3,0,3,2,0,0,6.36,26.18527,78.49255,NH44_Agra_Nagpur,Madhya Pradesh
Mizoram,Unknown,2019,October,Tuesday,0:6,Fatal,1,Truck,3,0,Clear,National Highway,Dry,Dusk,Signs,75,56,Male,Valid,No,Intersection,3,0,10,1,0,0,1,3,0,1,3,0,0,2.73,21.81667,72.09146,NH48_Delhi_Mumbai,Rajasthan / Gujarat
Meghalaya,Unknown,2020,January,Wednesday,4:39,Fatal,4,Two-Wheeler,8,0,Clear,Urban Road,Dry,Dusk,,68,59,Male,Expired,No,Bridge,3,4,1,2,2,0,1,3,0,4,8,0,0,4.24,24.88256,84.83124,NH30_Patna_Visakhapatnam,Chhattisgarh
Mizoram,Unknown,2018,February,Thursday,1:52,Minor,5,Car,9,5,Rainy,State Highway,Damaged,Dawn,Signs,107,48,Male,,No,Straight Road,1,1,2,3,1,3,0,1,0,5,9,0,0,7.88,27.4092,78.22638,NH19_Delhi_Kolkata,Uttar Pradesh / Bihar
Mizoram,Unknown,2022,September,Tuesday,1:27,Serious,5,Two-Wheeler,1,0,Stormy,Village Road,Under Construction,Daylight,Signs,80,57,Male,Valid,Yes,Curve,2,1,9,1,3,4,2,2,1,5,1,0,0,2.12,19.90041,78.71418,NH44_Nagpur_Hyderabad,Telangana
Sikkim,Unknown,2022,April,Saturday,22:16,Minor,4,Bus,9,4,Foggy,Urban Road,Under Construction,Daylight,,115,22,Male,Expired,No,Intersection,1,22,4,5,2,1,2,2,0,4,9,0,0,6.97,24.92553,82.41988,NH7_Varanasi_Kanyakumari,MP / Karnataka / TN
Punjab,Unknown,2021,March,Sunday,17:57,Serious,2,Truck,2,0,Hazy,State Highway,Damaged,Dusk,,44,54,Male,,No,Curve,2,17,3,6,1,2,0,3,0,2,2,0,0,1.82,23.0502,80.52527,NH7_Varanasi_Kanyakumari,MP / Karnataka / TN
Jharkhand,Unknown,2018,February,Saturday,6:48,Minor,1,Truck,5,0,Hazy,National Highway,Wet,Dusk,Signals,67,25,Male,Valid,Yes,Straight Road,1,6,2,5,0,2,3,3,1,1,5,0,0,2.73,14.87916,79.94768,NH16_Kolkata_Chennai,Odisha / Andhra Pradesh
Chandigarh,Unknown,2019,May,Tuesday,21:59,Serious,1,Truck,5,5,Clear,Village Road,Under Construction,Daylight,Signals,97,55,Female,Valid,Yes,Curve,2,21,5,1,3,0,2,2,1,1,5,0,0,7.88,28.2471,77.81623,NH19_Delhi_Kolkata,Uttar Pradesh / Bihar
Puducherry,Unknown,2019,December,Sunday,16:18,Serious,5,Bus,6,5,Hazy,Urban Road,Dry,Dawn,Signs,79,65,Female,,Yes,Curve,2,16,12,6,2,2,1,1,1,5,6,0,0,8.18,13.80799,75.61311,NH48_Mumbai_Bangalore,Maharashtra / Karnataka
West Bengal,Kolkata,2020,October,Thursday,3:43,Minor,3,Car,10,4,Hazy,State Highway,Dry,Dark,,63,27,Female,Expired,No,Straight Road,1,3,10,3,1,2,1,0,0,3,10,0,0,7.27,18.68176,73.21933,NH66_West_Coast,Maharashtra / Kerala
Punjab,Unknown,2022,January,Tuesday,7:41,Fatal,5,Two-Wheeler,9,2,Foggy,Urban Road,Dry,Dark,Signals,84,39,Male,Valid,Yes,Bridge,3,7,1,1,2,1,1,0,1,5,9,0,0,6.97,24.91202,82.40863,NH7_Varanasi_Kanyakumari,MP / Karnataka / TN
Odisha,Unknown,2022,April,Thursday,3:40,Serious,3,Bus,1,3,Foggy,National Highway,Dry,Dusk,Signs,43,65,Male,Valid,No,Intersection,2,3,4,3,0,1,1,3,0,3,1,0,0,4.24,26.80963,80.95369,NH19_Delhi_Kolkata,Uttar Pradesh / Bihar
Telangana,Unknown,2023,July,Tuesday,16:57,Fatal,2,Car,9,4,Hazy,State Highway,Dry,Dusk,Police Checkpost,39,27,Female,Expired,Yes,Bridge,3,16,7,1,1,2,1,3,1,2,9,0,0,8.79,13.69842,79.4599,NH16_Kolkata_Chennai,Odisha / Andhra Pradesh
Himachal Pradesh,Unknown,2020,January,Wednesday,8:47,Fatal,3,Cycle,4,4,Clear,Village Road,Dry,Dark,Signals,35,62,Male,Valid,No,Bridge,3,8,1,2,3,0,1,0,0,3,4,0,0,6.67,32.16569,77.05427,NH22_Shimla_Manali,Himachal Pradesh
Punjab,Unknown,2019,October,Monday,22:10,Minor,4,Truck,2,3,Rainy,State Highway,Damaged,Daylight,,32,24,Female,Expired,Yes,Curve,1,22,10,0,1,3,0,2,1,4,2,0,0,4.55,24.16567,73.39245,NH48_Delhi_Mumbai,Rajasthan / Gujarat
Arunachal Pradesh,Unknown,2018,June,Saturday,9:44,Minor,4,Truck,9,1,Hazy,Village Road,Wet,Dusk,Signals,95,18,Female,Expired,No,Intersection,1,9,6,5,3,2,3,3,0,4,9,0,0,4.24,20.70273,81.90804,NH30_Patna_Visakhapatnam,Chhattisgarh
Mizoram,Unknown,2019,September,Thursday,11:47,Minor,3,Two-Wheeler,4,2,Stormy,National Highway,Wet,Dark,Police Checkpost,82,54,Male,Valid,No,Straight Road,1,11,9,3,0,4,3,0,0,3,4,0,0,3.64,27.64441,77.54839,NH44_Delhi_Agra,Uttar Pradesh
Telangana,Unknown,2018,January,Tuesday,23:21,Minor,5,Cycle,6,5,Stormy,Urban Road,Wet,Dusk,Signs,101,25,Male,,Yes,Bridge,1,23,1,1,2,4,3,3,1,5,6,0,0,7.58,17.18059,76.20444,NH9_Pune_Hyderabad,Maharashtra / Telangana
Jammu and Kashmir,Unknown,2023,April,Sunday,23:55,Serious,2,Pedestrian,8,5,Foggy,Urban Road,Dry,Daylight,Police Checkpost,51,40,Female,,No,Intersection,2,23,4,6,2,1,1,2,0,2,8,0,0,8.18,28.30306,76.94829,NH48_Delhi_Mumbai,Rajasthan / Gujarat
Assam,Unknown,2021,February,Friday,5:46,Serious,1,Two-Wheeler,0,3,Stormy,National Highway,Wet,Dusk,,88,67,Male,Expired,Yes,Bridge,2,5,2,4,0,4,3,3,1,1,0,0,0,4.55,8.89496,77.3987,NH66_West_Coast,Maharashtra / Kerala
Chhattisgarh,Unknown,2022,February,Monday,20:21,Serious,1,Two-Wheeler,8,0,Stormy,National Highway,Wet,Dark,Police Checkpost,107,67,Female,,Yes,Straight Road,2,20,2,0,0,4,3,0,1,1,8,0,0,4.24,33.58413,75.0938,NH44_North,Jammu & Kashmir
Gujarat,Vadodara,2021,April,Wednesday,5:56,Serious,5,Bus,7,3,Rainy,Village Road,Wet,Dark,Police Checkpost,33,43,Female,Expired,Yes,Straight Road,2,5,4,2,3,3,3,0,1,5,7,0,0,6.67,19.72294,73.21809,NH48_Delhi_Mumbai,Rajasthan / Gujarat
Chandigarh,Unknown,2021,January,Monday,8:34,Minor,4,Two-Wheeler,4,2,Stormy,Village Road,Under Construction,Dusk,Signals,120,33,Female,,No,Curve,1,8,1,0,3,4,2,3,0,4,4,0,0,3.64,23.47793,88.83966,NH52_Barasat_Guwahati,West Bengal / Assam
Karnataka,Mysore,2021,February,Monday,8:0,Minor,2,Car,7,0,Stormy,Village Road,Wet,Dusk,Signals,72,22,Male,Valid,No,Bridge,1,8,2,0,3,4,3,3,0,2,7,0,0,2.73,24.53025,78.98783,NH44_Agra_Nagpur,Madhya Pradesh
Gujarat,Vadodara,2018,January,Thursday,23:43,Fatal,2,Bus,4,3,Hazy,Urban Road,Damaged,Dawn,Signals,92,63,Male,Valid,No,Intersection,3,23,1,3,2,2,0,1,0,2,4,0,0,5.76,21.10702,79.15288,NH44_Nagpur_Hyderabad,Telangana
Haryana,Unknown,2020,December,Tuesday,8:14,Serious,1,Auto-Rickshaw,8,4,Stormy,Urban Road,Wet,Daylight,,63,31,Male,,No,Straight Road,2,8,12,1,2,4,3,2,0,1,8,0,0,7.27,22.28155,79.18606,NH44_Agra_Nagpur,Madhya Pradesh
Delhi,Dwarka,2021,May,Friday,18:55,Serious,3,Truck,8,2,Hazy,Village Road,Under Construction,Dusk,Signs,66,22,Female,Valid,No,Intersection,2,18,5,4,3,2,2,3,0,3,8,0,0,5.45,24.24287,89.22385,NH52_Barasat_Guwahati,West Bengal / Assam
Madhya Pradesh,Unknown,2021,December,Thursday,15:1,Fatal,1,Auto-Rickshaw,9,3,Rainy,Urban Road,Under Construction,Dusk,Signals,69,30,Male,,No,Curve,3,15,12,3,2,3,2,3,0,1,9,0,0,7.27,12.31455,78.10243,NH44_Bangalore_Chennai,Tamil Nadu
Goa,Unknown,2021,December,Thursday,15:7,Minor,4,Pedestrian,5,3,Stormy,Village Road,Wet,Dark,Signs,59,64,Male,,No,Straight Road,1,15,12,3,3,4,3,0,0,4,5,0,0,4.85,17.43342,78.47313,NH9_Pune_Hyderabad,Maharashtra / Telangana
Manipur,Unknown,2019,January,Thursday,2:34,Serious,5,Pedestrian,6,0,Foggy,Village Road,Dry,Daylight,Signals,30,59,Male,Expired,No,Straight Road,2,2,1,3,3,1,1,2,0,5,6,0,0,3.03,13.04144,74.88223,NH66_West_Coast,Maharashtra / Kerala
Jharkhand,Unknown,2018,June,Wednesday,14:45,Minor,4,Auto-Rickshaw,8,1,Clear,State Highway,Damaged,Daylight,,35,42,Female,Valid,No,Bridge,1,14,6,2,1,0,0,2,0,4,8,0,0,3.94,17.34106,78.46342,NH44_Nagpur_Hyderabad,Telangana
Meghalaya,Unknown,2018,October,Saturday,14:17,Minor,1,Pedestrian,9,1,Rainy,State Highway,Dry,Dark,Police Checkpost,57,29,Female,,No,Intersection,1,14,10,5,1,3,1,0,0,1,9,0,0,4.24,32.25305,77.10401,NH22_Shimla_Manali,Himachal Pradesh
Sikkim,Unknown,2022,March,Sunday,13:41,Minor,4,Car,9,1,Rainy,State Highway,Wet,Dawn,Police Checkpost,53,61,Female,Valid,No,Intersection,1,13,3,6,1,3,3,1,0,4,9,0,0,4.24,16.12397,77.22132,NH44_Hyderabad_Bangalore,Karnataka
Delhi,New Delhi,2020,August,Wednesday,1:50,Fatal,2,Cycle,2,2,Foggy,Village Road,Under Construction,Dusk,Signals,96,26,Male,Valid,Yes,Intersection,3,1,8,2,3,1,2,3,1,2,2,0,0,4.85,20.59067,81.90774,NH30_Patna_Visakhapatnam,Chhattisgarh
West Bengal,Kolkata,2021,May,Wednesday,18:24,Fatal,2,Two-Wheeler,1,4,Clear,State Highway,Damaged,Dawn,Police Checkpost,38,21,Male,Valid,Yes,Curve,3,18,5,2,1,0,0,1,1,2,1,0,0,6.36,20.67565,81.82722,NH30_Patna_Visakhapatnam,Chhattisgarh
Sikkim,Unknown,2021,December,Friday,17:36,Minor,5,Truck,2,4,Rainy,State Highway,Dry,Dark,Police Checkpost,84,45,Male,Expired,Yes,Straight Road,1,17,12,4,1,3,1,0,1,5,2,0,0,5.45,32.42555,77.22353,NH22_Shimla_Manali,Himachal Pradesh
West Bengal,Durgapur,2022,July,Saturday,20:52,Minor,2,Bus,0,4,Hazy,Village Road,Dry,Dark,Police Checkpost,53,65,Male,Expired,Yes,Curve,1,20,7,5,3,2,1,0,1,2,0,0,0,4.85,33.15918,75.497,NH44_North,Jammu & Kashmir
Chhattisgarh,Unknown,2021,May,Friday,16:4,Serious,5,Cycle,5,1,Foggy,National Highway,Dry,Daylight,Signals,45,49,Female,Expired,No,Curve,2,16,5,4,0,1,1,2,0,5,5,0,0,3.64,26.28265,75.30023,NH48_Delhi_Mumbai,Rajasthan / Gujarat
Himachal Pradesh,Unknown,2023,August,Saturday,6:12,Minor,2,Two-Wheeler,2,3,Foggy,National Highway,Dry,Daylight,Signs,49,64,Female,Valid,No,Bridge,1,6,8,5,0,1,1,2,0,2,2,0,0,3.94,18.05441,78.44725,NH44_Nagpur_Hyderabad,Telangana
Uttarakhand,Unknown,2021,December,Friday,16:30,Fatal,1,Pedestrian,7,1,Hazy,Urban Road,Dry,Daylight,,102,61,Female,Expired,Yes,Curve,3,16,12,4,2,2,1,2,1,1,7,0,0,5.45,17.15511,77.29936,NH9_Pune_Hyderabad,Maharashtra / Telangana
Delhi,New Delhi,2018,October,Wednesday,1:9,Serious,3,Cycle,4,4,Hazy,State Highway,Damaged,Dusk,Signals,111,22,Male,,Yes,Bridge,2,1,10,2,1,2,0,3,1,3,4,0,0,6.67,17.67369,78.55523,NH44_Nagpur_Hyderabad,Telangana
Tamil Nadu,Madurai,2020,December,Wednesday,10:20,Serious,3,Two-Wheeler,10,2,Stormy,Urban Road,Damaged,Dark,Signals,90,54,Male,Valid,No,Curve,2,10,12,2,2,4,0,0,0,3,10,0,0,6.06,8.28945,77.27852,NH66_West_Coast,Maharashtra / Kerala
Sikkim,Unknown,2022,January,Sunday,17:3,Serious,4,Pedestrian,9,5,Hazy,State Highway,Wet,Dark,,90,42,Female,,No,Straight Road,2,17,1,6,1,2,3,0,0,4,9,0,0,8.48,19.83143,78.74693,NH44_Nagpur_Hyderabad,Telangana
Sikkim,Unknown,2022,July,Wednesday,18:2,Serious,2,Truck,8,1,Clear,Urban Road,Dry,Dark,,78,22,Male,Valid,No,Curve,2,18,7,2,2,0,1,0,0,2,8,0,0,4.55,17.10981,77.19487,NH9_Pune_Hyderabad,Maharashtra / Telangana
Maharashtra,Pune,2021,April,Thursday,1:39,Fatal,2,Cycle,10,1,Hazy,National Highway,Damaged,Dawn,,112,55,Female,,Yes,Straight Road,3,1,4,3,0,2,0,1,1,2,10,0,0,6.36,14.89854,74.17498,NH66_West_Coast,Maharashtra / Kerala
Goa,Unknown,2018,June,Friday,11:11,Minor,3,Pedestrian,4,2,Stormy,Urban Road,Under Construction,Dark,Signals,46,36,Male,,No,Intersection,1,11,6,4,2,4,2,0,0,3,4,0,0,3.64,27.16689,82.42366,NH27_East_West,Rajasthan / MP / UP
Andhra Pradesh,Tirupati,2023,August,Thursday,18:8,Serious,4,Bus,1,1,Stormy,Village Road,Dry,Dawn,Signs,45,53,Female,Expired,No,Bridge,2,18,8,3,3,4,1,1,0,4,1,0,0,2.42,21.70531,69.54494,NH27_East_West,Rajasthan / MP / UP
Puducherry,Unknown,2022,July,Friday,19:23,Minor,1,Truck,9,0,Foggy,Village Road,Dry,Dawn,Signals,78,40,Male,Expired,Yes,Intersection,1,19,7,4,3,1,1,1,1,1,9,0,0,3.94,15.93889,77.1415,NH44_Hyderabad_Bangalore,Karnataka
Meghalaya,Unknown,2020,March,Thursday,19:29,Serious,1,Two-Wheeler,10,2,Foggy,State Highway,Under Construction,Dark,,119,27,Female,Expired,Yes,Curve,2,19,3,3,1,1,2,0,1,1,10,0,0,6.67,23.87835,79.12494,NH44_Agra_Nagpur,Madhya Pradesh
Telangana,Unknown,2023,November,Thursday,0:7,Serious,5,Pedestrian,6,3,Rainy,Urban Road,Wet,Dusk,Police Checkpost,37,60,Female,,Yes,Curve,2,0,11,3,2,3,3,3,1,5,6,0,0,6.36,23.08714,72.57383,NH27_East_West,Rajasthan / MP / UP
Tamil Nadu,Madurai,2020,June,Saturday,21:55,Serious,1,Truck,3,1,Foggy,Urban Road,Wet,Daylight,,58,70,Male,,Yes,Straight Road,2,21,6,5,2,1,3,2,1,1,3,0,0,3.64,22.98164,79.51494,NH44_Agra_Nagpur,Madhya Pradesh
Mizoram,Unknown,2020,July,Wednesday,23:44,Serious,1,Cycle,7,4,Rainy,State Highway,Wet,Dark,Signals,109,60,Male,Valid,No,Curve,2,23,7,2,1,3,3,0,0,1,7,0,0,6.97,17.74207,83.27024,NH16_Kolkata_Chennai,Odisha / Andhra Pradesh
Andhra Pradesh,Visakhapatnam,2018,December,Friday,0:27,Minor,4,Auto-Rickshaw,1,5,Foggy,Village Road,Wet,Dark,Signals,86,51,Female,Valid,Yes,Straight Road,1,0,12,4,3,1,3,0,1,4,1,0,0,6.06,32.23733,74.92335,NH44_North,Jammu & Kashmir
Uttar Pradesh,Varanasi,2023,July,Saturday,8:58,Minor,1,Pedestrian,1,3,Foggy,Urban Road,Wet,Dawn,,30,59,Male,Valid,Yes,Bridge,1,8,7,5,2,1,3,1,1,1,1,0,0,4.24,12.07503,78.40264,NH44_Bangalore_Chennai,Tamil Nadu
Chandigarh,Unknown,2018,April,Wednesday,9:55,Minor,5,Pedestrian,9,2,Foggy,Urban Road,Damaged,Daylight,,81,54,Male,,No,Straight Road,1,9,4,2,2,1,0,2,0,5,9,0,0,5.15,9.46469,77.29659,NH66_West_Coast,Maharashtra / Kerala
Mizoram,Unknown,2023,February,Sunday,16:59,Minor,2,Bus,2,2,Foggy,Urban Road,Damaged,Dusk,Police Checkpost,56,60,Female,,Yes,Curve,1,16,2,6,2,1,0,3,1,2,2,0,0,3.64,27.45355,78.23493,NH19_Delhi_Kolkata,Uttar Pradesh / Bihar
Odisha,Unknown,2022,September,Tuesday,8:8,Fatal,4,Car,6,3,Rainy,Urban Road,Wet,Daylight,Signs,53,40,Female,,Yes,Bridge,3,8,9,1,2,3,3,2,1,4,6,0,0,6.97,27.43981,76.47653,NH48_Delhi_Mumbai,Rajasthan / Gujarat
Telangana,Unknown,2018,December,Sunday,18:0,Minor,3,Bus,8,2,Clear,State Highway,Under Construction,Daylight,,114,46,Female,Expired,Yes,Intersection,1,18,12,6,1,0,2,2,1,3,8,0,0,5.45,30.78666,79.58323,NH58_Delhi_Badrinath,Uttarakhand
Karnataka,Bangalore,2021,October,Friday,13:8,Minor,1,Pedestrian,2,3,Stormy,Urban Road,Dry,Dawn,Signs,97,37,Male,Expired,No,Straight Road,1,13,10,4,2,4,1,1,0,1,2,0,0,3.94,30.4189,79.48468,NH58_Delhi_Badrinath,Uttarakhand
Chhattisgarh,Unknown,2022,January,Saturday,16:40,Serious,1,Car,8,2,Hazy,Village Road,Wet,Dawn,,109,51,Female,Expired,No,Intersection,2,16,1,5,3,2,3,1,0,1,8,0,0,5.45,19.4608,81.2397,NH30_Patna_Visakhapatnam,Chhattisgarh
Kerala,Unknown,2023,July,Saturday,7:11,Serious,4,Cycle,2,0,Rainy,National Highway,Dry,Dawn,,96,66,Male,,Yes,Curve,2,7,7,5,0,3,1,1,1,4,2,0,0,2.42,26.95158,75.83977,NH48_Delhi_Mumbai,Rajasthan / Gujarat
Madhya Pradesh,Unknown,2018,August,Thursday,11:19,Minor,4,Cycle,0,4,Hazy,Urban Road,Dry,Daylight,Signals,46,63,Female,Valid,Yes,Bridge,1,11,8,3,2,2,1,2,1,4,0,0,0,4.85,25.48435,78.52874,NH44_Agra_Nagpur,Madhya Pradesh
Delhi,Rohini,2018,May,Saturday,19:26,Serious,4,Bus,0,1,Rainy,State Highway,Wet,Daylight,Signs,30,52,Female,,Yes,Bridge,2,19,5,5,1,3,3,2,1,4,0,0,0,2.73,18.47302,73.82737,NH9_Pune_Hyderabad,Maharashtra / Telangana
Puducherry,Unknown,2023,February,Saturday,23:48,Minor,3,Two-Wheeler,6,5,Stormy,Village Road,Under Construction,Dusk,Police Checkpost,55,68,Female,Valid,No,Bridge,1,23,2,5,3,4,2,3,0,3,6,0,0,6.97,13.6983,77.45621,NH44_Hyderabad_Bangalore,Karnataka
Gujarat,Vadodara,2021,April,Sunday,21:9,Fatal,3,Cycle,3,1,Stormy,Urban Road,Dry,Daylight,Police Checkpost,47,49,Female,,Yes,Straight Road,3,21,4,6,2,4,1,2,1,3,3,0,0,4.24,27.42948,77.74404,NH44_Delhi_Agra,Uttar Pradesh
Delhi,Dwarka,2021,October,Wednesday,5:12,Serious,5,Two-Wheeler,8,4,Foggy,Village Road,Damaged,Daylight,,72,19,Female,Expired,No,Intersection,2,5,10,2,3,1,0,2,0,5,8,0,0,7.27,29.25192,77.95165,NH58_Delhi_Badrinath,Uttarakhand
West Bengal,Siliguri,2022,March,Sunday,7:43,Minor,5,Pedestrian,6,0,Rainy,Village Road,Under Construction,Dark,Signals,41,43,Male,Expired,Yes,Curve,1,7,3,6,3,3,2,0,1,5,6,0,0,3.03,26.82084,78.20427,NH44_Agra_Nagpur,Madhya Pradesh
West Bengal,Kolkata,2020,April,Thursday,7:27,Minor,3,Two-Wheeler,8,0,Hazy,National Highway,Damaged,Dark,Police Checkpost,77,39,Female,Valid,No,Bridge,1,7,4,3,0,2,0,0,0,3,8,0,0,3.03,12.8949,77.66828,NH44_Bangalore_Chennai,Tamil Nadu
Bihar,Unknown,2023,December,Monday,1:50,Serious,2,Bus,10,1,Hazy,State Highway,Wet,Dusk,Signs,116,55,Male,,No,Intersection,2,1,12,0,1,2,3,3,0,2,10,0,0,5.15,32.39557,77.27373,NH22_Shimla_Manali,Himachal Pradesh
Maharashtra,Pune,2022,April,Monday,17:33,Minor,3,Pedestrian,7,1,Rainy,State Highway,Wet,Dark,Police Checkpost,78,42,Male,Valid,Yes,Intersection,1,17,4,0,1,3,3,0,1,3,7,0,0,4.24,13.14896,77.54354,NH44_Hyderabad_Bangalore,Karnataka
Mizoram,Unknown,2023,April,Sunday,23:14,Fatal,1,Two-Wheeler,4,5,Stormy,National Highway,Dry,Dawn,Police Checkpost,46,66,Female,Valid,Yes,Bridge,3,23,4,6,0,4,1,1,1,1,4,0,0,8.18,27.1634,78.01249,NH44_Delhi_Agra,Uttar Pradesh
Jharkhand,Unknown,2020,August,Thursday,0:49,Minor,1,Bus,1,0,Stormy,Urban Road,Under Construction,Daylight,,86,53,Female,Expired,Yes,Bridge,1,0,8,3,2,4,2,2,1,1,1,0,0,1.52,21.47452,82.41386,NH30_Patna_Visakhapatnam,Chhattisgarh
Jammu and Kashmir,Unknown,2020,March,Monday,6:1,Minor,3,Bus,2,1,Hazy,National Highway,Dry,Daylight,Signals,87,61,Female,,Yes,Intersection,1,6,3,0,0,2,1,2,1,3,2,0,0,2.73,19.0449,72.84568,NH48_Delhi_Mumbai,Rajasthan / Gujarat
Arunachal Pradesh,Unknown,2020,July,Friday,13:31,Minor,4,Car,8,2,Clear,Urban Road,Damaged,Dawn,Signals,110,70,Male,Valid,No,Intersection,1,13,7,4,2,0,0,1,0,4,8,0,0,4.85,24.16561,84.53602,NH19_Delhi_Kolkata,Uttar Pradesh / Bihar
Bihar,Unknown,2020,December,Monday,5:34,Serious,5,Cycle,4,2,Hazy,Urban Road,Wet,Daylight,Police Checkpost,43,40,Female,Expired,No,Curve,2,5,12,0,2,2,3,2,0,5,4,0,0,4.24,24.94189,82.40186,NH7_Varanasi_Kanyakumari,MP / Karnataka / TN
Rajasthan,Udaipur,2023,June,Tuesday,7:25,Fatal,4,Cycle,5,2,Foggy,Urban Road,Dry,Dawn,,64,67,Male,Valid,No,Bridge,3,7,6,1,2,1,1,1,0,4,5,0,0,5.15,26.87757,75.80051,NH48_Delhi_Mumbai,Rajasthan / Gujarat
Gujarat,Ahmedabad,2022,December,Friday,11:41,Fatal,3,Auto-Rickshaw,3,2,Foggy,Urban Road,Damaged,Dark,Signals,117,57,Female,Expired,Yes,Curve,3,11,12,4,2,1,0,0,1,3,3,0,0,5.15,21.13067,79.056,NH44_Nagpur_Hyderabad,Telangana
Maharashtra,Pune,2019,February,Saturday,17:31,Minor,5,Car,10,2,Rainy,National Highway,Under Construction,Daylight,,60,38,Female,Expired,No,Intersection,1,17,2,5,0,3,2,2,0,5,10,0,0,5.45,21.17862,79.1073,NH44_Nagpur_Hyderabad,Telangana
Gujarat,Surat,2021,June,Saturday,1:42,Fatal,3,Two-Wheeler,9,0,Clear,Urban Road,Wet,Dawn,,37,63,Female,Expired,No,Bridge,3,1,6,5,2,0,3,1,0,3,9,0,0,4.55,24.2996,75.89051,NH27_East_West,Rajasthan / MP / UP
West Bengal,Kolkata,2021,December,Thursday,8:32,Serious,4,Truck,5,1,Stormy,Village Road,Dry,Dawn,Police Checkpost,100,61,Male,Expired,No,Curve,2,8,12,3,3,4,1,1,0,4,5,0,0,3.64,27.73957,77.50157,NH44_Delhi_Agra,Uttar Pradesh
Maharashtra,Pune,2022,February,Wednesday,11:27,Fatal,5,Car,6,2,Stormy,State Highway,Wet,Dawn,,44,36,Female,Expired,Yes,Intersection,3,11,2,2,1,4,3,1,1,5,6,0,0,6.06,19.08987,72.89431,NH48_Delhi_Mumbai,Rajasthan / Gujarat
Meghalaya,Unknown,2021,November,Wednesday,19:51,Fatal,3,Truck,0,3,Rainy,State Highway,Dry,Dark,Signals,98,24,Female,,No,Straight Road,3,19,11,2,1,3,1,0,0,3,0,0,0,4.55,16.58612,73.2991,NH48_Mumbai_Bangalore,Maharashtra / Karnataka
Tamil Nadu,Madurai,2020,January,Thursday,19:22,Minor,1,Pedestrian,2,2,Hazy,Village Road,Dry,Dark,,114,64,Female,,Yes,Straight Road,1,19,1,3,3,2,1,0,1,1,2,0,0,3.64,20.5601,79.01109,NH44_Nagpur_Hyderabad,Telangana
Andhra Pradesh,Visakhapatnam,2020,December,Thursday,9:48,Minor,4,Auto-Rickshaw,10,1,Stormy,State Highway,Wet,Daylight,,80,40,Male,,Yes,Bridge,1,9,12,3,1,4,3,2,1,4,10,0,0,5.15,24.20195,89.24767,NH52_Barasat_Guwahati,West Bengal / Assam
Goa,Unknown,2019,November,Wednesday,21:30,Serious,3,Car,8,2,Stormy,State Highway,Wet,Daylight,,114,33,Female,Valid,No,Bridge,2,21,11,2,1,4,3,2,0,3,8,0,0,5.45,31.05039,77.15987,NH22_Shimla_Manali,Himachal Pradesh
Puducherry,Unknown,2021,March,Thursday,11:52,Minor,5,Two-Wheeler,2,5,Hazy,State Highway,Damaged,Dusk,Signs,30,27,Female,Valid,Yes,Curve,1,11,3,3,1,2,0,3,1,5,2,0,0,6.36,13.26711,77.50962,NH48_Mumbai_Bangalore,Maharashtra / Karnataka
Punjab,Unknown,2022,November,Tuesday,9:44,Fatal,2,Two-Wheeler,7,0,Foggy,State Highway,Damaged,Dawn,,94,22,Male,Expired,Yes,Bridge,3,9,11,1,1,1,0,1,1,2,7,0,0,4.55,18.14053,78.4383,NH44_Nagpur_Hyderabad,Telangana
Jharkhand,Unknown,2020,June,Thursday,22:16,Serious,1,Bus,8,2,Foggy,Village Road,Dry,Dark,,120,56,Male,Valid,No,Straight Road,2,22,6,3,3,1,1,0,0,1,8,0,0,5.45,28.44616,77.21961,NH44_Delhi_Agra,Uttar Pradesh
Odisha,Unknown,2019,September,Monday,16:12,Serious,4,Bus,6,5,Hazy,Urban Road,Under Construction,Daylight,Signs,44,68,Female,Expired,Yes,Straight Road,2,16,9,0,2,2,2,2,1,4,6,0,0,8.18,19.29555,78.50387,NH44_Nagpur_Hyderabad,Telangana
Telangana,Unknown,2022,March,Sunday,9:30,Serious,3,Auto-Rickshaw,10,2,Stormy,Village Road,Dry,Dawn,Signs,82,60,Male,,No,Bridge,2,9,3,6,3,4,1,1,0,3,10,0,0,6.06,10.7454,76.25814,NH66_West_Coast,Maharashtra / Kerala
Goa,Unknown,2019,April,Thursday,5:36,Fatal,1,Pedestrian,0,1,Hazy,National Highway,Wet,Dusk,Signals,106,36,Female,Valid,Yes,Bridge,3,5,4,3,0,2,3,3,1,1,0,0,0,3.33,25.33473,83.041,NH7_Varanasi_Kanyakumari,MP / Karnataka / TN
Kerala,Unknown,2019,March,Friday,15:33,Minor,2,Pedestrian,7,5,Rainy,National Highway,Dry,Dusk,,38,46,Female,,Yes,Bridge,1,15,3,4,0,3,1,3,1,2,7,0,0,7.88,12.15777,78.51404,NH44_Bangalore_Chennai,Tamil Nadu
Odisha,Unknown,2018,March,Monday,5:31,Minor,3,Car,1,1,Clear,Urban Road,Under Construction,Daylight,Signals,33,62,Male,Valid,No,Bridge,1,5,3,0,2,0,2,2,0,3,1,0,0,1.82,26.83582,80.96528,NH19_Delhi_Kolkata,Uttar Pradesh / Bihar
Tamil Nadu,Coimbatore,2020,December,Saturday,13:54,Fatal,3,Bus,8,4,Hazy,Village Road,Damaged,Dusk,,80,68,Male,Valid,Yes,Curve,3,13,12,5,3,2,0,3,1,3,8,0,0,8.48,32.50608,74.99356,NH44_North,Jammu & Kashmir
Andhra Pradesh,Visakhapatnam,2022,November,Tuesday,13:7,Fatal,5,Auto-Rickshaw,10,5,Stormy,State Highway,Under Construction,Dark,Signs,105,35,Female,Valid,No,Intersection,3,13,11,1,1,4,2,0,0,5,10,0,0,9.39,21.48597,87.17679,NH16_Kolkata_Chennai,Odisha / Andhra Pradesh
Kerala,Unknown,2018,October,Wednesday,14:56,Serious,2,Truck,8,2,Foggy,Village Road,Dry,Dusk,,101,62,Male,,Yes,Curve,2,14,10,2,3,1,1,3,1,2,8,0,0,6.06,17.591,78.62461,NH44_Nagpur_Hyderabad,Telangana
Andhra Pradesh,Tirupati,2021,April,Monday,6:26,Minor,5,Pedestrian,4,4,Stormy,Village Road,Under Construction,Daylight,Signs,106,36,Female,Expired,No,Intersection,1,6,4,0,3,4,2,2,0,5,4,0,0,5.45,34.04302,74.76491,NH44_North,Jammu & Kashmir
Nagaland,Unknown,2021,August,Sunday,16:13,Minor,5,Bus,1,2,Hazy,State Highway,Damaged,Dark,Signs,55,24,Male,,No,Straight Road,1,16,8,6,1,2,0,0,0,5,1,0,0,2.73,17.36468,78.47647,NH44_Nagpur_Hyderabad,Telangana
Goa,Unknown,2021,September,Sunday,7:29,Minor,5,Auto-Rickshaw,8,5,Clear,State Highway,Wet,Dark,Signals,36,33,Male,,No,Curve,1,7,9,6,1,0,3,0,0,5,8,0,0,7.58,21.1692,79.03036,NH44_Nagpur_Hyderabad,Telangana
Tamil Nadu,Coimbatore,2021,April,Monday,11:23,Minor,2,Truck,7,0,Stormy,Urban Road,Wet,Dusk,,30,39,Female,Valid,No,Straight Road,1,11,4,0,2,4,3,3,0,2,7,0,0,2.73,13.5099,77.43966,NH7_Varanasi_Kanyakumari,MP / Karnataka / TN
Chhattisgarh,Unknown,2020,April,Tuesday,2:23,Minor,3,Car,5,4,Rainy,State Highway,Wet,Daylight,Signs,49,50,Female,Expired,Yes,Intersection,1,2,4,1,1,3,3,2,1,3,5,0,0,6.36,22.61215,88.34964,NH19_Delhi_Kolkata,Uttar Pradesh / Bihar
Arunachal Pradesh,Unknown,2023,May,Friday,8:34,Minor,1,Pedestrian,2,4,Rainy,State Highway,Under Construction,Dusk,Police Checkpost,77,66,Male,,Yes,Straight Road,1,8,5,4,1,3,2,3,1,1,2,0,0,5.45,24.90931,77.237,NH27_East_West,Rajasthan / MP / UP
Sikkim,Unknown,2018,October,Saturday,13:27,Fatal,2,Cycle,5,1,Hazy,State Highway,Dry,Dusk,Police Checkpost,81,68,Female,,Yes,Bridge,3,13,10,5,1,2,1,3,1,2,5,0,0,4.85,28.30285,77.12687,NH44_Delhi_Agra,Uttar Pradesh
Mizoram,Unknown,2020,February,Thursday,20:53,Minor,4,Cycle,3,2,Rainy,State Highway,Under Construction,Daylight,Signs,83,48,Female,Valid,No,Intersection,1,20,2,3,1,3,2,2,0,4,3,0,0,3.33,21.42364,82.43758,NH30_Patna_Visakhapatnam,Chhattisgarh
Delhi,Rohini,2020,March,Saturday,15:3,Serious,3,Auto-Rickshaw,1,5,Clear,State Highway,Dry,Dawn,Signals,97,46,Female,,No,Straight Road,2,15,3,5,1,0,1,1,0,3,1,0,0,6.06,18.4559,73.89423,NH9_Pune_Hyderabad,Maharashtra / Telangana
Telangana,Unknown,2022,March,Sunday,16:33,Minor,1,Pedestrian,6,2,Hazy,Urban Road,Dry,Dusk,Signs,76,18,Female,Expired,No,Straight Road,1,16,3,6,2,2,1,3,0,1,6,0,0,4.24,23.67331,73.28071,NH48_Delhi_Mumbai,Rajasthan / Gujarat
Arunachal Pradesh,Unknown,2019,November,Sunday,20:56,Serious,2,Pedestrian,3,2,Clear,National Highway,Wet,Daylight,Signals,50,54,Male,Expired,Yes,Bridge,2,20,11,6,0,0,3,2,1,2,3,0,0,4.55,28.25491,77.93708,NH19_Delhi_Kolkata,Uttar Pradesh / Bihar
Uttar Pradesh,Lucknow,2020,November,Tuesday,8:12,Minor,1,Pedestrian,9,4,Clear,Village Road,Dry,Daylight,Signs,75,61,Male,Valid,No,Curve,1,8,11,1,3,0,1,2,0,1,9,0,0,6.97,28.31301,77.20791,NH44_Delhi_Agra,Uttar Pradesh
Jharkhand,Unknown,2021,May,Monday,2:14,Serious,3,Truck,3,4,Stormy,Urban Road,Wet,Dawn,Signs,75,68,Female,,No,Straight Road,2,2,5,0,2,4,3,1,0,3,3,0,0,5.76,25.42815,89.98737,NH52_Barasat_Guwahati,West Bengal / Assam
Sikkim,Unknown,2023,October,Sunday,6:39,Minor,3,Auto-Rickshaw,1,2,Rainy,State Highway,Dry,Dark,Police Checkpost,58,67,Male,,No,Bridge,1,6,10,6,1,3,1,0,0,3,1,0,0,2.73,27.34596,77.6934,NH44_Delhi_Agra,Uttar Pradesh
Assam,Unknown,2020,March,Tuesday,3:5,Minor,5,Pedestrian,2,2,Stormy,National Highway,Damaged,Dawn,Police Checkpost,45,30,Female,,Yes,Straight Road,1,3,3,1,0,4,0,1,1,5,2,0,0,3.64,16.11035,77.25572,NH44_Hyderabad_Bangalore,Karnataka
Kerala,Unknown,2023,February,Sunday,19:40,Fatal,3,Two-Wheeler,0,1,Hazy,Village Road,Wet,Dark,,75,63,Male,Expired,Yes,Curve,3,19,2,6,3,2,3,0,1,3,0,0,0,3.33,18.06866,78.4583,NH44_Nagpur_Hyderabad,Telangana
Uttar Pradesh,Varanasi,2022,September,Saturday,15:44,Serious,2,Cycle,0,0,Clear,National Highway,Dry,Dark,,92,40,Female,Valid,Yes,Curve,2,15,9,5,0,0,1,0,1,2,0,0,0,1.82,23.02155,83.48688,NH30_Patna_Visakhapatnam,Chhattisgarh
Karnataka,Bangalore,2022,December,Thursday,20:14,Minor,1,Two-Wheeler,5,3,Stormy,Village Road,Wet,Dusk,,76,42,Male,,No,Bridge,1,20,12,3,3,4,3,3,0,1,5,0,0,4.85,29.17946,77.95749,NH58_Delhi_Badrinath,Uttarakhand
Puducherry,Unknown,2021,August,Saturday,11:52,Minor,5,Pedestrian,4,4,Stormy,Village Road,Wet,Dawn,Signs,100,40,Female,Expired,Yes,Bridge,1,11,8,5,3,4,3,1,1,5,4,0,0,6.06,12.88347,79.84168,NH44_Bangalore_Chennai,Tamil Nadu
Telangana,Unknown,2023,May,Monday,13:6,Serious,1,Auto-Rickshaw,3,5,Rainy,Village Road,Damaged,Dark,Police Checkpost,55,45,Female,Expired,Yes,Bridge,2,13,5,0,3,3,0,0,1,1,3,0,0,7.27,11.20709,75.93393,NH66_West_Coast,Maharashtra / Kerala
Kerala,Unknown,2020,February,Monday,8:52,Fatal,2,Bus,2,2,Stormy,National Highway,Under Construction,Dawn,,105,32,Female,Valid,No,Intersection,3,8,2,0,0,4,2,1,0,2,2,0,0,4.24,23.00551,80.43829,NH7_Varanasi_Kanyakumari,MP / Karnataka / TN
Gujarat,Surat,2022,March,Monday,16:36,Minor,5,Two-Wheeler,6,2,Hazy,National Highway,Wet,Dark,Signals,100,26,Female,Expired,No,Straight Road,1,16,3,0,0,2,3,0,0,5,6,0,0,4.24,16.98661,78.4015,NH44_Hyderabad_Bangalore,Karnataka
Odisha,Unknown,2021,June,Thursday,16:41,Serious,5,Bus,5,2,Rainy,Urban Road,Under Construction,Daylight,,82,70,Female,Expired,Yes,Curve,2,16,6,3,2,3,2,2,1,5,5,0,0,5.15,27.68044,77.51914,NH44_Delhi_Agra,Uttar Pradesh
Delhi,Dwarka,2023,October,Tuesday,0:28,Serious,1,Car,10,5,Hazy,Village Road,Damaged,Daylight,Police Checkpost,115,56,Female,,Yes,Intersection,2,0,10,1,3,2,0,2,1,1,10,0,0,9.39,31.50981,77.21227,NH22_Shimla_Manali,Himachal Pradesh
Goa,Unknown,2020,February,Saturday,8:30,Fatal,5,Auto-Rickshaw,9,3,Rainy,Urban Road,Dry,Dawn,Signs,114,57,Female,Valid,No,Straight Road,3,8,2,5,2,3,1,1,0,5,9,0,0,7.27,24.16586,84.51443,NH19_Delhi_Kolkata,Uttar Pradesh / Bihar
Gujarat,Surat,2018,April,Saturday,6:18,Minor,3,Bus,1,5,Stormy,State Highway,Under Construction,Dark,Signs,31,40,Male,Valid,Yes,Curve,1,6,4,5,1,4,2,0,1,3,1,0,0,6.06,25.2901,83.03415,NH19_Delhi_Kolkata,Uttar Pradesh / Bihar
Nagaland,Unknown,2019,March,Saturday,2:10,Fatal,3,Cycle,8,0,Stormy,Village Road,Wet,Dark,Police Checkpost,46,62,Male,Expired,No,Curve,3,2,3,5,3,4,3,0,0,3,8,0,0,4.24,17.64415,78.60069,NH44_Nagpur_Hyderabad,Telangana
Gujarat,Surat,2022,January,Wednesday,21:10,Serious,4,Truck,6,1,Rainy,State Highway,Dry,Dawn,Signs,110,52,Male,Expired,Yes,Curve,2,21,1,2,1,3,1,1,1,4,6,0,0,4.55,32.48854,77.23609,NH22_Shimla_Manali,Himachal Pradesh
Goa,Unknown,2018,June,Sunday,16:22,Fatal,1,Truck,3,1,Stormy,Village Road,Under Construction,Dawn,Signs,94,39,Female,,Yes,Straight Road,3,16,6,6,3,4,2,1,1,1,3,0,0,4.24,26.79233,78.22199,NH44_Agra_Nagpur,Madhya Pradesh
Mizoram,Unknown,2023,August,Monday,11:24,Fatal,1,Cycle,9,1,Clear,Urban Road,Wet,Dark,Signs,100,28,Female,Valid,Yes,Curve,3,11,8,0,2,0,3,0,1,1,9,0,0,6.06,10.73601,76.25285,NH66_West_Coast,Maharashtra / Kerala
Uttarakhand,Unknown,2018,June,Thursday,22:37,Serious,4,Auto-Rickshaw,9,0,Rainy,Village Road,Dry,Dark,Police Checkpost,102,50,Female,Expired,Yes,Straight Road,2,22,6,3,3,3,1,0,1,4,9,0,0,4.55,23.45869,88.89109,NH52_Barasat_Guwahati,West Bengal / Assam
Madhya Pradesh,Unknown,2020,June,Tuesday,12:6,Serious,4,Cycle,10,2,Foggy,State Highway,Wet,Dark,Police Checkpost,97,42,Male,Valid,Yes,Curve,2,12,6,1,1,1,3,0,1,4,10,0,0,6.67,17.61812,78.53446,NH44_Nagpur_Hyderabad,Telangana
Meghalaya,Unknown,2022,October,Monday,11:32,Minor,5,Two-Wheeler,2,0,Stormy,Urban Road,Under Construction,Daylight,Police Checkpost,76,31,Female,Valid,Yes,Curve,1,11,10,0,2,4,2,2,1,5,2,0,0,1.82,12.89228,79.88396,NH44_Bangalore_Chennai,Tamil Nadu
Nagaland,Unknown,2020,July,Monday,6:13,Fatal,5,Auto-Rickshaw,5,0,Rainy,Urban Road,Under Construction,Dusk,,75,31,Female,Expired,Yes,Bridge,3,6,7,0,2,3,2,3,1,5,5,0,0,3.94,28.61973,77.2365,NH48_Delhi_Mumbai,Rajasthan / Gujarat
Delhi,Dwarka,2021,January,Friday,5:0,Minor,3,Pedestrian,8,5,Stormy,Village Road,Dry,Dark,Signs,49,64,Male,Valid,Yes,Straight Road,1,5,1,4,3,4,1,0,1,3,8,0,0,8.18,22.53051,88.33986,NH16_Kolkata_Chennai,Odisha / Andhra Pradesh
Delhi,Dwarka,2023,September,Saturday,14:20,Minor,3,Truck,10,0,Rainy,Urban Road,Dry,Dawn,Signals,113,65,Female,Expired,No,Straight Road,1,14,9,5,2,3,1,1,0,3,10,0,0,3.64,21.6604,69.61355,NH27_East_West,Rajasthan / MP / UP
Punjab,Unknown,2020,May,Friday,23:17,Minor,2,Pedestrian,10,0,Hazy,State Highway,Wet,Dusk,Signs,61,61,Male,,Yes,Straight Road,1,23,5,4,1,2,3,3,1,2,10,0,0,4.24,28.5134,77.26864,NH44_Delhi_Agra,Uttar Pradesh
Uttar Pradesh,Kanpur,2023,November,Wednesday,19:28,Minor,5,Truck,8,0,Rainy,Village Road,Wet,Dawn,,43,56,Male,,Yes,Straight Road,1,19,11,2,3,3,3,1,1,5,8,0,0,3.64,24.90289,83.83488,NH19_Delhi_Kolkata,Uttar Pradesh / Bihar
Delhi,New Delhi,2020,July,Friday,21:15,Serious,1,Car,8,0,Clear,Urban Road,Under Construction,Dusk,Police Checkpost,81,68,Male,Expired,Yes,Straight Road,2,21,7,4,2,0,2,3,1,1,8,0,0,4.24,20.14805,73.49422,NH48_Delhi_Mumbai,Rajasthan / Gujarat
Madhya Pradesh,Unknown,2018,November,Friday,21:37,Fatal,2,Two-Wheeler,1,2,Hazy,State Highway,Wet,Dawn,Signs,41,38,Male,Valid,No,Intersection,3,21,11,4,1,2,3,1,0,2,1,0,0,3.94,25.26754,83.04799,NH7_Varanasi_Kanyakumari,MP / Karnataka / TN
Maharashtra,Nagpur,2022,March,Sunday,6:30,Serious,2,Truck,10,3,Clear,National Highway,Damaged,Dusk,Police Checkpost,86,58,Male,Valid,No,Curve,2,6,3,6,0,0,0,3,0,2,10,0,0,6.97,27.66714,77.61599,NH44_Delhi_Agra,Uttar Pradesh
Assam,Unknown,2019,September,Tuesday,22:38,Serious,3,Bus,6,5,Rainy,State Highway,Dry,Daylight,Police Checkpost,42,69,Male,,Yes,Intersection,2,22,9,1,1,3,1,2,1,3,6,0,0,8.18,20.53246,78.9184,NH44_Nagpur_Hyderabad,Telangana
Jharkhand,Unknown,2022,January,Friday,18:51,Minor,5,Pedestrian,10,4,Stormy,Village Road,Damaged,Dawn,,86,19,Male,,No,Bridge,1,18,1,4,3,4,0,1,0,5,10,0,0,7.27,19.07111,72.92938,NH66_West_Coast,Maharashtra / Kerala
Tamil Nadu,Madurai,2023,October,Monday,3:27,Fatal,5,Pedestrian,5,5,Foggy,Village Road,Wet,Dusk,Signs,99,20,Male,Valid,No,Intersection,3,3,10,0,3,1,3,3,0,5,5,0,0,7.88,19.21071,78.58382,NH44_Nagpur_Hyderabad,Telangana
Punjab,Unknown,2020,January,Tuesday,1:14,Minor,4,Truck,10,2,Clear,Village Road,Under Construction,Dusk,Police Checkpost,89,58,Female,Expired,No,Straight Road,1,1,1,1,3,0,2,3,0,4,10,0,0,5.45,27.50088,78.22064,NH19_Delhi_Kolkata,Uttar Pradesh / Bihar
Sikkim,Unknown,2020,January,Wednesday,17:33,Minor,1,Cycle,2,1,Stormy,State Highway,Under Construction,Daylight,Signs,89,54,Male,Expired,No,Straight Road,1,17,1,2,1,4,2,2,0,1,2,0,0,2.12,23.3966,86.1073,NH19_Delhi_Kolkata,Uttar Pradesh / Bihar
Tamil Nadu,Madurai,2023,November,Saturday,5:54,Minor,1,Auto-Rickshaw,10,1,Clear,State Highway,Damaged,Daylight,Signals,31,64,Male,Valid,Yes,Bridge,1,5,11,5,1,0,0,2,1,1,10,0,0,5.15,24.20332,84.19311,NH30_Patna_Visakhapatnam,Chhattisgarh
Delhi,New Delhi,2020,January,Wednesday,10:56,Fatal,4,Car,1,1,Rainy,Village Road,Wet,Dusk,,75,69,Female,Valid,No,Intersection,3,10,1,2,3,3,3,3,0,4,1,0,0,3.03,27.39652,77.73985,NH44_Delhi_Agra,Uttar Pradesh
Meghalaya,Unknown,2019,October,Monday,19:31,Minor,3,Truck,10,0,Hazy,State Highway,Under Construction,Dawn,Signs,103,29,Female,Expired,No,Bridge,1,19,10,0,1,2,2,1,0,3,10,0,0,3.64,9.88238,77.52344,NH7_Varanasi_Kanyakumari,MP / Karnataka / TN
Goa,Unknown,2023,September,Wednesday,15:22,Serious,4,Car,6,3,Rainy,National Highway,Damaged,Dusk,,113,64,Male,Valid,Yes,Intersection,2,15,9,2,0,3,0,3,1,4,6,0,0,6.36,22.61453,88.35469,NH19_Delhi_Kolkata,Uttar Pradesh / Bihar
Punjab,Unknown,2021,February,Saturday,0:23,Fatal,4,Cycle,8,4,Hazy,Urban Road,Under Construction,Dusk,Signs,71,56,Male,Valid,No,Bridge,3,0,2,5,2,2,2,3,0,4,8,0,0,7.88,11.17,77.86849,NH7_Varanasi_Kanyakumari,MP / Karnataka / TN
Arunachal Pradesh,Unknown,2018,December,Tuesday,11:57,Minor,2,Cycle,7,1,Rainy,Urban Road,Under Construction,Dusk,Signs,35,35,Female,Valid,Yes,Straight Road,1,11,12,1,2,3,2,3,1,2,7,0,0,4.24,27.39415,77.67362,NH44_Delhi_Agra,Uttar Pradesh
Uttarakhand,Unknown,2023,August,Thursday,12:40,Minor,5,Pedestrian,0,5,Clear,State Highway,Under Construction,Dark,Signs,79,43,Male,,No,Straight Road,1,12,8,3,1,0,2,0,0,5,0,0,0,5.15,19.01234,72.85599,NH48_Delhi_Mumbai,Rajasthan / Gujarat
Mizoram,Unknown,2020,December,Tuesday,4:51,Fatal,3,Auto-Rickshaw,7,1,Hazy,State Highway,Damaged,Daylight,Police Checkpost,54,50,Female,Expired,Yes,Bridge,3,4,12,1,1,2,0,2,1,3,7,0,0,5.45,11.28039,77.92393,NH7_Varanasi_Kanyakumari,MP / Karnataka / TN
Himachal Pradesh,Unknown,2023,December,Saturday,2:42,Fatal,2,Auto-Rickshaw,2,1,Clear,National Highway,Under Construction,Daylight,,86,24,Female,Expired,Yes,Intersection,3,2,12,5,0,0,2,2,1,2,2,0,0,3.94,28.27219,77.01878,NH48_Delhi_Mumbai,Rajasthan / Gujarat
West Bengal,Kolkata,2021,March,Saturday,4:35,Minor,4,Cycle,10,2,Hazy,Village Road,Dry,Daylight,,32,68,Male,Expired,Yes,Curve,1,4,3,5,3,2,1,2,1,4,10,0,0,6.06,27.00165,78.12972,NH44_Delhi_Agra,Uttar Pradesh
Nagaland,Unknown,2022,February,Monday,4:41,Minor,1,Cycle,8,0,Stormy,Urban Road,Damaged,Daylight,Signals,57,54,Male,Valid,Yes,Intersection,1,4,2,0,2,4,0,2,1,1,8,0,0,3.64,25.49842,89.87852,NH27_East_West,Rajasthan / MP / UP
Puducherry,Unknown,2023,December,Monday,12:51,Minor,3,Cycle,7,0,Rainy,National Highway,Wet,Daylight,Police Checkpost,104,64,Female,Expired,No,Curve,1,12,12,0,0,3,3,2,0,3,7,0,0,2.73,23.89301,79.15285,NH44_Agra_Nagpur,Madhya Pradesh
Andhra Pradesh,Visakhapatnam,2018,May,Tuesday,0:25,Minor,2,Bus,6,0,Foggy,Urban Road,Wet,Dark,,86,24,Female,,Yes,Straight Road,1,0,5,1,2,1,3,0,1,2,6,0,0,3.03,24.56457,73.67171,NH48_Delhi_Mumbai,Rajasthan / Gujarat
Assam,Unknown,2018,April,Friday,15:50,Serious,3,Pedestrian,4,0,Clear,Village Road,Under Construction,Dusk,,119,70,Male,Valid,Yes,Bridge,2,15,4,4,3,0,2,3,1,3,4,0,0,3.03,23.00176,79.44664,NH44_Agra_Nagpur,Madhya Pradesh
Madhya Pradesh,Unknown,2022,January,Sunday,6:48,Serious,3,Cycle,3,1,Hazy,Village Road,Damaged,Dusk,Signals,110,24,Male,Valid,No,Straight Road,2,6,1,6,3,2,0,3,0,3,3,0,0,3.03,18.24503,80.89453,NH30_Patna_Visakhapatnam,Chhattisgarh
Himachal Pradesh,Unknown,2021,May,Saturday,0:14,Serious,5,Auto-Rickshaw,5,3,Clear,National Highway,Damaged,Dawn,Signals,99,27,Male,Valid,Yes,Bridge,2,0,5,5,0,0,0,1,1,5,5,0,0,6.06,23.44007,79.35739,NH44_Agra_Nagpur,Madhya Pradesh
Jharkhand,Unknown,2020,August,Tuesday,19:14,Minor,3,Truck,10,2,Rainy,Urban Road,Damaged,Dark,Signs,79,37,Male,,Yes,Intersection,1,19,8,1,2,3,0,0,1,3,10,0,0,6.06,26.20248,78.5131,NH44_Agra_Nagpur,Madhya Pradesh
Odisha,Unknown,2019,May,Sunday,10:35,Minor,5,Cycle,5,1,Hazy,State Highway,Dry,Dusk,Police Checkpost,45,56,Male,Expired,Yes,Bridge,1,10,5,6,1,2,1,3,1,5,5,0,0,3.64,24.88411,91.88785,NH27_East_West,Rajasthan / MP / UP
Odisha,Unknown,2018,January,Thursday,8:38,Fatal,4,Car,9,3,Rainy,State Highway,Damaged,Dawn,Signs,88,42,Female,,No,Bridge,3,8,1,3,1,3,0,1,0,4,9,0,0,7.27,25.46606,78.58933,NH44_Agra_Nagpur,Madhya Pradesh
Telangana,Unknown,2021,July,Wednesday,21:54,Serious,3,Auto-Rickshaw,2,4,Foggy,Village Road,Damaged,Dawn,Police Checkpost,76,23,Male,,No,Intersection,2,21,7,2,3,1,0,1,0,3,2,0,0,5.45,22.23866,83.00615,NH30_Patna_Visakhapatnam,Chhattisgarh
Tripura,Unknown,2021,April,Wednesday,1:39,Minor,3,Truck,7,5,Rainy,State Highway,Wet,Dark,Police Checkpost,81,58,Male,Expired,No,Straight Road,1,1,4,2,1,3,3,0,0,3,7,0,0,7.27,19.08002,72.92263,NH66_West_Coast,Maharashtra / Kerala
Goa,Unknown,2018,July,Tuesday,12:16,Fatal,1,Bus,1,1,Hazy,Urban Road,Damaged,Daylight,Police Checkpost,98,52,Male,Expired,Yes,Intersection,3,12,7,1,2,2,0,2,1,1,1,0,0,3.64,22.59366,88.40933,NH19_Delhi_Kolkata,Uttar Pradesh / Bihar
Chhattisgarh,Unknown,2023,November,Thursday,11:52,Fatal,2,Car,3,3,Rainy,Urban Road,Under Construction,Dawn,,65,52,Male,Expired,Yes,Straight Road,3,11,11,3,2,3,2,1,1,2,3,0,0,6.06,27.72409,77.60092,NH44_Delhi_Agra,Uttar Pradesh
Punjab,Unknown,2019,August,Wednesday,11:43,Fatal,2,Pedestrian,0,3,Rainy,Village Road,Wet,Dark,Police Checkpost,108,33,Female,Valid,Yes,Curve,3,11,8,2,3,3,3,0,1,2,0,0,0,5.15,15.91614,74.02531,NH66_West_Coast,Maharashtra / Kerala
Uttar Pradesh,Lucknow,2022,October,Wednesday,4:58,Serious,3,Two-Wheeler,8,5,Rainy,Village Road,Under Construction,Dusk,,112,24,Male,Valid,No,Curve,2,4,10,2,3,3,2,3,0,3,8,0,0,8.18,19.06653,72.81136,NH66_West_Coast,Maharashtra / Kerala
Telangana,Unknown,2022,April,Sunday,19:7,Fatal,2,Cycle,0,3,Clear,Village Road,Damaged,Dusk,,118,25,Female,Valid,Yes,Straight Road,3,19,4,6,3,0,0,3,1,2,0,0,0,5.15,18.11113,78.51038,NH44_Nagpur_Hyderabad,Telangana
Nagaland,Unknown,2023,February,Thursday,4:25,Serious,1,Bus,9,5,Clear,State Highway,Dry,Dark,Signals,81,46,Male,Expired,Yes,Curve,2,4,2,3,1,0,1,0,1,1,9,0,0,9.09,29.58946,78.25736,NH58_Delhi_Badrinath,Uttarakhand
Kerala,Unknown,2019,January,Monday,17:2,Minor,4,Pedestrian,6,2,Stormy,Urban Road,Wet,Dusk,Signals,91,50,Female,,No,Bridge,1,17,1,0,2,4,3,3,0,4,6,0,0,4.24,12.83415,79.87799,NH44_Bangalore_Chennai,Tamil Nadu
Jammu and Kashmir,Unknown,2022,October,Tuesday,0:22,Serious,3,Bus,0,1,Rainy,Urban Road,Dry,Dusk,Signs,95,29,Male,Valid,No,Intersection,2,0,10,1,2,3,1,3,0,3,0,0,0,2.12,15.36846,74.16956,NH66_West_Coast,Maharashtra / Kerala
Himachal Pradesh,Unknown,2019,May,Tuesday,22:55,Fatal,1,Car,0,1,Rainy,State Highway,Damaged,Daylight,Signals,37,67,Female,Expired,No,Bridge,3,22,5,1,1,3,0,2,0,1,0,0,0,2.73,29.27778,78.01596,NH58_Delhi_Badrinath,Uttarakhand
Delhi,Rohini,2018,February,Tuesday,15:58,Serious,2,Bus,3,3,Rainy,Urban Road,Dry,Daylight,Signals,81,69,Female,Valid,No,Intersection,2,15,2,1,2,3,1,2,0,2,3,0,0,4.85,11.30384,77.85173,NH7_Varanasi_Kanyakumari,MP / Karnataka / TN
Karnataka,Mangalore,2018,March,Friday,15:42,Fatal,4,Bus,2,2,Clear,State Highway,Damaged,Daylight,Signs,89,57,Female,Valid,No,Intersection,3,15,3,4,1,0,0,2,0,4,2,0,0,4.24,12.9178,74.87122,NH66_West_Coast,Maharashtra / Kerala
Karnataka,Mangalore,2019,August,Tuesday,5:26,Serious,2,Two-Wheeler,3,5,Clear,National Highway,Damaged,Dusk,Police Checkpost,76,47,Male,Valid,Yes,Intersection,2,5,8,1,0,0,0,3,1,2,3,0,0,7.27,25.43053,90.05156,NH52_Barasat_Guwahati,West Bengal / Assam
Madhya Pradesh,Unknown,2022,June,Monday,1:3,Minor,4,Car,7,3,Foggy,Urban Road,Dry,Dusk,Signals,32,69,Male,Expired,Yes,Bridge,1,1,6,0,2,1,1,3,1,4,7,0,0,6.06,17.27372,76.24327,NH9_Pune_Hyderabad,Maharashtra / Telangana
Manipur,Unknown,2021,November,Thursday,19:25,Fatal,5,Bus,6,1,Foggy,Village Road,Wet,Dark,Signals,104,38,Male,Valid,Yes,Intersection,3,19,11,3,3,1,3,0,1,5,6,0,0,5.15,12.02948,78.91901,NH44_Bangalore_Chennai,Tamil Nadu
Gujarat,Surat,2019,October,Friday,10:23,Serious,3,Pedestrian,4,0,Rainy,State Highway,Dry,Daylight,Signals,107,23,Female,Valid,Yes,Straight Road,2,10,10,4,1,3,1,2,1,3,4,0,0,3.03,8.26286,77.20725,NH66_West_Coast,Maharashtra / Kerala
Rajasthan,Jaipur,2018,October,Saturday,4:24,Minor,1,Bus,9,2,Rainy,Urban Road,Wet,Dusk,Signs,79,64,Male,Expired,No,Intersection,1,4,10,5,2,3,3,3,0,1,9,0,0,5.15,25.48238,78.55507,NH44_Agra_Nagpur,Madhya Pradesh
Tamil Nadu,Madurai,2021,April,Thursday,5:29,Minor,2,Auto-Rickshaw,1,5,Clear,National Highway,Under Construction,Dusk,Police Checkpost,84,30,Male,Valid,Yes,Intersection,1,5,4,3,0,0,2,3,1,2,1,0,0,6.06,19.24533,73.0557,NH48_Delhi_Mumbai,Rajasthan / Gujarat
Karnataka,Mysore,2018,April,Saturday,6:45,Fatal,3,Car,0,3,Hazy,Urban Road,Dry,Dark,,98,54,Female,Valid,No,Straight Road,3,6,4,5,2,2,1,0,0,3,0,0,0,4.55,12.48066,74.71438,NH66_West_Coast,Maharashtra / Kerala
Arunachal Pradesh,Unknown,2021,January,Friday,2:56,Serious,3,Truck,1,4,Foggy,State Highway,Dry,Dark,Police Checkpost,51,21,Female,Expired,No,Intersection,2,2,1,4,1,1,1,0,0,3,1,0,0,5.15,24.28558,89.21708,NH52_Barasat_Guwahati,West Bengal / Assam
Uttarakhand,Unknown,2023,February,Saturday,12:5,Minor,2,Pedestrian,9,4,Stormy,Village Road,Wet,Dusk,,66,65,Male,,No,Curve,1,12,2,5,3,4,3,3,0,2,9,0,0,6.97,26.93963,75.7847,NH48_Delhi_Mumbai,Rajasthan / Gujarat
Punjab,Unknown,2018,June,Saturday,3:58,Minor,1,Truck,8,1,Rainy,National Highway,Under Construction,Dusk,Signals,74,49,Male,,No,Bridge,1,3,6,5,0,3,2,3,0,1,8,0,0,3.94,28.25493,77.91862,NH19_Delhi_Kolkata,Uttar Pradesh / Bihar
Chhattisgarh,Unknown,2019,October,Tuesday,16:0,Fatal,5,Cycle,0,1,Clear,National Highway,Damaged,Daylight,Signals,33,37,Male,Valid,No,Intersection,3,16,10,1,0,0,0,2,0,5,0,0,0,2.73,15.87656,80.29689,NH16_Kolkata_Chennai,Odisha / Andhra Pradesh
Sikkim,Unknown,2023,August,Sunday,7:19,Serious,4,Car,0,1,Stormy,State Highway,Wet,Dusk,Signs,59,23,Male,Expired,Yes,Intersection,2,7,8,6,1,4,3,3,1,4,0,0,0,2.73,29.25885,77.96924,NH58_Delhi_Badrinath,Uttarakhand
Chandigarh,Unknown,2022,December,Saturday,17:58,Serious,4,Auto-Rickshaw,7,2,Clear,Urban Road,Dry,Daylight,Police Checkpost,64,67,Male,Expired,No,Straight Road,2,17,12,5,2,0,1,2,0,4,7,0,0,5.15,21.89443,80.17161,NH7_Varanasi_Kanyakumari,MP / Karnataka / TN
Delhi,Dwarka,2023,February,Tuesday,10:44,Fatal,5,Two-Wheeler,7,2,Rainy,Urban Road,Damaged,Dawn,Signals,62,25,Male,Valid,Yes,Bridge,3,10,2,1,2,3,0,1,1,5,7,0,0,6.36,14.47681,75.64654,NH48_Mumbai_Bangalore,Maharashtra / Karnataka
West Bengal,Siliguri,2021,October,Sunday,3:52,Minor,1,Two-Wheeler,7,4,Hazy,National Highway,Wet,Daylight,Signals,51,54,Male,Valid,Yes,Intersection,1,3,10,6,0,2,3,2,1,1,7,0,0,6.97,23.0009,79.41111,NH44_Agra_Nagpur,Madhya Pradesh
Chhattisgarh,Unknown,2018,August,Thursday,7:49,Minor,4,Auto-Rickshaw,9,3,Clear,State Highway,Dry,Dark,Signals,40,36,Male,,No,Bridge,1,7,8,3,1,0,1,0,0,4,9,0,0,6.06,18.66516,84.22741,NH16_Kolkata_Chennai,Odisha / Andhra Pradesh
Uttarakhand,Unknown,2018,August,Saturday,1:43,Minor,4,Pedestrian,1,4,Hazy,Village Road,Dry,Dawn,Police Checkpost,44,53,Female,Expired,No,Intersection,1,1,8,5,3,2,1,1,0,4,1,0,0,4.55,24.80868,82.49507,NH7_Varanasi_Kanyakumari,MP / Karnataka / TN
Maharashtra,Pune,2021,May,Saturday,19:55,Fatal,5,Auto-Rickshaw,9,4,Stormy,Urban Road,Dry,Dark,Signals,85,21,Male,Expired,Yes,Intersection,3,19,5,5,2,4,1,0,1,5,9,0,0,8.79,13.2275,77.44968,NH48_Mumbai_Bangalore,Maharashtra / Karnataka
Manipur,Unknown,2022,February,Wednesday,3:53,Fatal,3,Car,10,3,Foggy,National Highway,Under Construction,Daylight,Signs,114,18,Female,,No,Intersection,3,3,2,2,0,1,2,2,0,3,10,0,0,7.58,18.65903,84.23239,NH16_Kolkata_Chennai,Odisha / Andhra Pradesh
Goa,Unknown,2020,March,Thursday,16:29,Fatal,2,Two-Wheeler,3,1,Foggy,State Highway,Dry,Dusk,Police Checkpost,81,42,Female,Expired,Yes,Curve,3,16,3,3,1,1,1,3,1,2,3,0,0,4.24,22.35683,72.28073,NH48_Delhi_Mumbai,Rajasthan / Gujarat
Haryana,Unknown,2022,July,Sunday,5:35,Minor,3,Two-Wheeler,9,2,Hazy,State Highway,Under Construction,Dusk,,33,46,Male,Expired,Yes,Curve,1,5,7,6,1,2,2,3,1,3,9,0,0,5.76,16.13465,74.469,NH48_Mumbai_Bangalore,Maharashtra / Karnataka
Uttar Pradesh,Kanpur,2022,November,Friday,0:13,Fatal,1,Car,5,2,Stormy,State Highway,Damaged,Dusk,,72,53,Male,Valid,No,Intersection,3,0,11,4,1,4,0,3,0,1,5,0,0,5.15,19.01044,72.86627,NH48_Delhi_Mumbai,Rajasthan / Gujarat
Jammu and Kashmir,Unknown,2020,March,Thursday,5:53,Minor,3,Truck,10,2,Rainy,State Highway,Damaged,Dark,Police Checkpost,112,54,Female,Valid,No,Bridge,1,5,3,3,1,3,0,0,0,3,10,0,0,5.45,27.02828,78.08748,NH44_Delhi_Agra,Uttar Pradesh
Assam,Unknown,2020,March,Thursday,7:38,Fatal,4,Two-Wheeler,9,3,Stormy,Village Road,Under Construction,Dusk,,38,58,Male,Valid,Yes,Intersection,3,7,3,3,3,4,2,3,1,4,9,0,0,7.88,13.59357,79.47382,NH16_Kolkata_Chennai,Odisha / Andhra Pradesh
Nagaland,Unknown,2018,January,Thursday,13:18,Fatal,3,Auto-Rickshaw,1,3,Foggy,Village Road,Damaged,Dusk,Signs,44,65,Male,,No,Intersection,3,13,1,3,3,1,0,3,0,3,1,0,0,4.85,17.90924,74.84611,NH9_Pune_Hyderabad,Maharashtra / Telangana
Gujarat,Ahmedabad,2022,November,Wednesday,7:41,Minor,2,Bus,9,4,Rainy,National Highway,Damaged,Dawn,Police Checkpost,117,54,Female,Valid,No,Bridge,1,7,11,2,0,3,0,1,0,2,9,0,0,6.97,24.19208,84.19427,NH30_Patna_Visakhapatnam,Chhattisgarh
Uttar Pradesh,Varanasi,2023,July,Thursday,21:57,Minor,3,Two-Wheeler,4,5,Rainy,Urban Road,Wet,Daylight,Signs,44,24,Male,,Yes,Straight Road,1,21,7,3,2,3,3,2,1,3,4,0,0,6.97,17.70966,83.35371,NH16_Kolkata_Chennai,Odisha / Andhra Pradesh
Kerala,Unknown,2021,January,Thursday,0:49,Fatal,1,Truck,1,4,Clear,State Highway,Under Construction,Daylight,,106,41,Female,,Yes,Bridge,3,0,1,3,1,0,2,2,1,1,1,0,0,6.36,23.43465,83.86696,NH30_Patna_Visakhapatnam,Chhattisgarh
Jammu and Kashmir,Unknown,2020,May,Sunday,7:19,Serious,3,Cycle,3,1,Stormy,Urban Road,Wet,Dark,Police Checkpost,94,70,Female,,No,Bridge,2,7,5,6,2,4,3,0,0,3,3,0,0,3.03,20.17236,73.51732,NH48_Delhi_Mumbai,Rajasthan / Gujarat
Maharashtra,Nagpur,2023,August,Tuesday,4:9,Minor,1,Truck,1,2,Clear,National Highway,Wet,Dark,Police Checkpost,46,29,Male,Valid,Yes,Bridge,1,4,8,1,0,0,3,0,1,1,1,0,0,3.33,28.03452,77.30227,NH44_Delhi_Agra,Uttar Pradesh
Uttar Pradesh,Kanpur,2018,July,Tuesday,22:52,Fatal,3,Pedestrian,0,0,Stormy,National Highway,Dry,Dark,Signals,53,55,Male,Valid,Yes,Straight Road,3,22,7,1,0,4,1,0,1,3,0,0,0,2.42,24.52373,79.04893,NH44_Agra_Nagpur,Madhya Pradesh
Punjab,Unknown,2019,September,Sunday,17:29,Minor,1,Cycle,3,4,Stormy,State Highway,Damaged,Dawn,,36,51,Female,Expired,Yes,Intersection,1,17,9,6,1,4,0,1,1,1,3,0,0,5.76,27.13062,78.01123,NH44_Delhi_Agra,Uttar Pradesh
Rajasthan,Jodhpur,2020,May,Friday,4:44,Fatal,5,Truck,6,1,Foggy,Urban Road,Damaged,Dark,,113,58,Female,,No,Straight Road,3,4,5,4,2,1,0,0,0,5,6,0,0,4.55,14.82202,74.16522,NH66_West_Coast,Maharashtra / Kerala
Gujarat,Surat,2021,October,Sunday,22:53,Minor,5,Auto-Rickshaw,8,1,Hazy,Urban Road,Under Construction,Dusk,Police Checkpost,66,60,Female,Valid,Yes,Curve,1,22,10,6,2,2,2,3,1,5,8,0,0,4.55,22.27276,79.05587,NH44_Agra_Nagpur,Madhya Pradesh
Mizoram,Unknown,2020,November,Saturday,17:57,Minor,3,Bus,10,2,Foggy,State Highway,Under Construction,Dark,Signals,89,49,Female,Expired,No,Bridge,1,17,11,5,1,1,2,0,0,3,10,0,0,5.45,29.63374,78.25836,NH58_Delhi_Badrinath,Uttarakhand
Kerala,Unknown,2019,December,Tuesday,8:22,Fatal,2,Cycle,4,1,Hazy,State Highway,Under Construction,Dark,Signs,63,59,Male,,No,Straight Road,3,8,12,1,1,2,2,0,0,2,4,0,0,3.94,27.63382,77.61775,NH44_Delhi_Agra,Uttar Pradesh
Uttar Pradesh,Kanpur,2018,March,Saturday,8:51,Fatal,1,Cycle,7,5,Clear,Urban Road,Under Construction,Daylight,Signs,81,39,Male,Expired,No,Straight Road,3,8,3,5,2,0,2,2,0,1,7,0,0,8.48,22.28505,82.93869,NH30_Patna_Visakhapatnam,Chhattisgarh
Odisha,Unknown,2019,February,Wednesday,21:37,Fatal,1,Auto-Rickshaw,2,3,Hazy,National Highway,Damaged,Daylight,,37,64,Female,Valid,Yes,Bridge,3,21,2,2,0,2,0,2,1,1,2,0,0,5.76,28.3591,77.19693,NH44_Delhi_Agra,Uttar Pradesh
Uttarakhand,Unknown,2020,December,Friday,21:29,Fatal,3,Bus,6,0,Clear,Village Road,Damaged,Dark,Signs,39,54,Male,,No,Curve,3,21,12,4,3,0,0,0,0,3,6,0,0,3.64,16.65099,73.27328,NH48_Mumbai_Bangalore,Maharashtra / Karnataka
Maharashtra,Mumbai,2021,January,Sunday,10:25,Serious,2,Car,4,4,Foggy,Urban Road,Dry,Dusk,Signals,72,24,Female,Valid,Yes,Intersection,2,10,1,6,2,1,1,3,1,2,4,0,0,6.67,12.89336,79.84431,NH44_Bangalore_Chennai,Tamil Nadu
Madhya Pradesh,Unknown,2021,August,Sunday,6:36,Fatal,4,Two-Wheeler,4,2,Rainy,Urban Road,Under Construction,Dawn,,54,28,Male,,Yes,Intersection,3,6,8,6,2,3,2,1,1,4,4,0,0,5.45,28.60584,77.27679,NH19_Delhi_Kolkata,Uttar Pradesh / Bihar
Nagaland,Unknown,2023,December,Saturday,13:40,Minor,4,Car,1,5,Stormy,Village Road,Damaged,Dusk,Signs,95,18,Male,Expired,No,Curve,1,13,12,5,3,4,0,3,0,4,1,0,0,5.45,24.09247,73.43693,NH48_Delhi_Mumbai,Rajasthan / Gujarat
Goa,Unknown,2020,January,Monday,19:51,Minor,2,Auto-Rickshaw,9,1,Stormy,Village Road,Under Construction,Daylight,Police Checkpost,114,22,Female,Expired,No,Curve,1,19,1,0,3,4,2,2,0,2,9,0,0,4.24,21.7664,79.11241,NH44_Agra_Nagpur,Madhya Pradesh
Jammu and Kashmir,Unknown,2020,May,Friday,12:27,Serious,5,Bus,6,0,Rainy,Village Road,Dry,Dark,Police Checkpost,112,34,Female,,No,Straight Road,2,12,5,4,3,3,1,0,0,5,6,0,0,3.03,18.20794,80.88132,NH30_Patna_Visakhapatnam,Chhattisgarh
Kerala,Unknown,2020,February,Wednesday,13:13,Minor,2,Bus,3,0,Rainy,State Highway,Under Construction,Dusk,Signals,57,29,Female,,No,Bridge,1,13,2,2,1,3,2,3,0,2,3,0,0,1.52,28.65112,77.27066,NH58_Delhi_Badrinath,Uttarakhand
Karnataka,Mangalore,2018,January,Wednesday,6:3,Minor,5,Cycle,9,0,Foggy,Village Road,Wet,Dawn,Signs,100,45,Male,,Yes,Curve,1,6,1,2,3,1,3,1,1,5,9,0,0,3.94,33.12051,75.60083,NH44_North,Jammu & Kashmir
Delhi,New Delhi,2020,July,Saturday,9:22,Fatal,3,Truck,1,2,Rainy,State Highway,Under Construction,Dawn,Signals,87,57,Female,Valid,No,Intersection,3,9,7,5,1,3,2,1,0,3,1,0,0,3.94,23.01319,87.00913,NH19_Delhi_Kolkata,Uttar Pradesh / Bihar
Punjab,Unknown,2022,November,Monday,19:32,Fatal,3,Truck,3,0,Stormy,Village Road,Under Construction,Dawn,Signs,32,48,Male,Valid,Yes,Bridge,3,19,11,0,3,4,2,1,1,3,3,0,0,3.33,26.99895,78.09895,NH44_Delhi_Agra,Uttar Pradesh
Tripura,Unknown,2023,May,Saturday,5:8,Fatal,5,Cycle,7,2,Clear,Urban Road,Dry,Dark,Signs,81,43,Male,,Yes,Curve,3,5,5,5,2,0,1,0,1,5,7,0,0,6.36,24.23594,84.59946,NH19_Delhi_Kolkata,Uttar Pradesh / Bihar
Rajasthan,Jodhpur,2019,October,Saturday,15:16,Serious,2,Bus,8,3,Hazy,Village Road,Dry,Dark,Signals,39,68,Female,,No,Intersection,2,15,10,5,3,2,1,0,0,2,8,0,0,6.36,18.47557,73.86348,NH9_Pune_Hyderabad,Maharashtra / Telangana
Uttar Pradesh,Kanpur,2021,July,Thursday,20:34,Serious,2,Pedestrian,6,1,Rainy,National Highway,Wet,Dark,Signals,54,47,Female,,Yes,Curve,2,20,7,3,0,3,3,0,1,2,6,0,0,4.55,23.50774,88.86239,NH52_Barasat_Guwahati,West Bengal / Assam
Puducherry,Unknown,2020,August,Thursday,14:50,Minor,1,Two-Wheeler,6,5,Clear,Urban Road,Under Construction,Dusk,Signals,41,58,Male,Expired,No,Intersection,1,14,8,3,2,0,2,3,0,1,6,0,0,6.97,17.3671,78.50963,NH7_Varanasi_Kanyakumari,MP / Karnataka / TN
Rajasthan,Jodhpur,2021,August,Sunday,2:4,Fatal,1,Pedestrian,5,1,Stormy,National Highway,Wet,Dawn,Signs,106,51,Female,,No,Intersection,3,2,8,6,0,4,3,1,0,1,5,0,0,4.24,23.50566,79.29814,NH44_Agra_Nagpur,Madhya Pradesh
Chandigarh,Unknown,2019,March,Friday,13:38,Serious,4,Two-Wheeler,1,4,Stormy,Village Road,Wet,Dark,Signals,39,53,Male,Expired,No,Straight Road,2,13,3,4,3,4,3,0,0,4,1,0,0,5.15,31.8316,77.5016,NH22_Shimla_Manali,Himachal Pradesh
Assam,Unknown,2022,March,Saturday,23:32,Minor,5,Cycle,2,4,Stormy,Village Road,Damaged,Dawn,Signs,36,37,Female,,Yes,Curve,1,23,3,5,3,4,0,1,1,5,2,0,0,5.45,14.94179,76.55298,NH44_Hyderabad_Bangalore,Karnataka
Meghalaya,Unknown,2022,August,Sunday,4:46,Fatal,5,Cycle,1,5,Foggy,Urban Road,Dry,Dark,,103,65,Female,Expired,Yes,Straight Road,3,4,8,6,2,1,1,0,1,5,1,0,0,7.27,25.48245,78.62216,NH44_Agra_Nagpur,Madhya Pradesh
Uttar Pradesh,Lucknow,2023,March,Tuesday,7:34,Serious,1,Car,6,2,Rainy,State Highway,Dry,Dusk,Signs,80,41,Female,,No,Curve,2,7,3,1,1,3,1,3,0,1,6,0,0,4.85,12.02152,79.01119,NH44_Bangalore_Chennai,Tamil Nadu
Uttar Pradesh,Lucknow,2020,May,Thursday,3:23,Minor,5,Two-Wheeler,5,0,Foggy,Village Road,Wet,Daylight,Signs,44,49,Female,Expired,No,Bridge,1,3,5,3,3,1,3,2,0,5,5,0,0,2.12,18.12581,78.45907,NH44_Nagpur_Hyderabad,Telangana
Kerala,Unknown,2020,June,Thursday,12:50,Fatal,4,Pedestrian,2,1,Stormy,Urban Road,Wet,Dusk,Signals,63,24,Female,,Yes,Curve,3,12,6,3,2,4,3,3,1,4,2,0,0,3.94,24.80609,89.92789,NH52_Barasat_Guwahati,West Bengal / Assam
Telangana,Unknown,2021,February,Monday,5:0,Minor,3,Car,4,0,Clear,Village Road,Wet,Dark,Police Checkpost,53,62,Female,,No,Curve,1,5,2,0,3,0,3,0,0,3,4,0,0,1.82,23.43871,83.83849,NH30_Patna_Visakhapatnam,Chhattisgarh
Madhya Pradesh,Unknown,2020,August,Wednesday,19:46,Fatal,4,Auto-Rickshaw,5,4,Clear,Village Road,Wet,Dark,Signs,60,29,Female,Expired,Yes,Curve,3,19,8,2,3,0,3,0,1,4,5,0,0,7.58,16.99117,78.28813,NH44_Hyderabad_Bangalore,Karnataka
Himachal Pradesh,Unknown,2019,July,Friday,21:19,Minor,1,Truck,9,0,Stormy,National Highway,Dry,Dark,Signs,108,44,Female,,No,Bridge,1,21,7,4,0,4,1,0,0,1,9,0,0,3.33,28.29679,77.93825,NH19_Delhi_Kolkata,Uttar Pradesh / Bihar
Assam,Unknown,2019,June,Friday,1:48,Serious,4,Truck,0,4,Foggy,National Highway,Damaged,Dusk,Signals,36,25,Male,Expired,No,Curve,2,1,6,4,0,1,0,3,0,4,0,0,0,4.85,13.19734,77.51318,NH48_Mumbai_Bangalore,Maharashtra / Karnataka
Meghalaya,Unknown,2023,December,Friday,2:51,Fatal,5,Cycle,0,4,Clear,Urban Road,Damaged,Daylight,Police Checkpost,38,30,Female,Valid,No,Straight Road,3,2,12,4,2,0,0,2,0,5,0,0,0,5.45,28.65215,77.23735,NH19_Delhi_Kolkata,Uttar Pradesh / Bihar
Karnataka,Mysore,2023,July,Sunday,1:5,Fatal,2,Two-Wheeler,1,4,Foggy,Urban Road,Dry,Dawn,Police Checkpost,48,56,Male,,Yes,Curve,3,1,7,6,2,1,1,1,1,2,1,0,0,6.36,16.1132,74.46957,NH48_Mumbai_Bangalore,Maharashtra / Karnataka
Gujarat,Surat,2021,October,Wednesday,8:6,Fatal,2,Truck,2,3,Rainy,Village Road,Damaged,Dark,Police Checkpost,102,68,Male,Valid,No,Bridge,3,8,10,2,3,3,0,0,0,2,2,0,0,5.15,24.8617,82.50186,NH7_Varanasi_Kanyakumari,MP / Karnataka / TN
Delhi,Dwarka,2020,November,Wednesday,20:42,Serious,1,Pedestrian,7,5,Rainy,Urban Road,Wet,Dark,Signs,108,37,Female,,Yes,Straight Road,2,20,11,2,2,3,3,0,1,1,7,0,0,8.48,23.97081,79.05936,NH44_Agra_Nagpur,Madhya Pradesh
Mizoram,Unknown,2021,February,Monday,19:41,Serious,5,Auto-Rickshaw,7,3,Foggy,National Highway,Wet,Daylight,Signs,33,56,Male,,No,Curve,2,19,2,0,0,1,3,2,0,5,7,0,0,6.06,18.00312,73.71148,NH48_Mumbai_Bangalore,Maharashtra / Karnataka
Tamil Nadu,Madurai,2020,September,Sunday,5:29,Fatal,4,Two-Wheeler,1,3,Rainy,Village Road,Damaged,Dusk,Police Checkpost,75,30,Male,Valid,No,Straight Road,3,5,9,6,3,3,0,3,0,4,1,0,0,4.85,24.82328,91.89369,NH27_East_West,Rajasthan / MP / UP
Jammu and Kashmir,Unknown,2020,February,Monday,12:47,Serious,2,Truck,9,1,Clear,Village Road,Under Construction,Dusk,,41,22,Male,Expired,No,Intersection,2,12,2,0,3,0,2,3,0,2,9,0,0,4.85,13.11435,77.61449,NH44_Hyderabad_Bangalore,Karnataka
Jammu and Kashmir,Unknown,2023,June,Sunday,23:53,Fatal,3,Auto-Rickshaw,5,1,Foggy,National Highway,Under Construction,Dark,,70,56,Male,,Yes,Bridge,3,23,6,6,0,1,2,0,1,3,5,0,0,4.85,25.45652,78.52717,NH44_Agra_Nagpur,Madhya Pradesh
Delhi,Dwarka,2018,June,Saturday,10:49,Fatal,5,Bus,7,1,Stormy,National Highway,Damaged,Dark,Signs,109,24,Female,Expired,No,Bridge,3,10,6,5,0,4,0,0,0,5,7,0,0,4.85,12.87227,77.7361,NH44_Bangalore_Chennai,Tamil Nadu
Jammu and Kashmir,Unknown,2020,November,Thursday,3:10,Serious,5,Auto-Rickshaw,7,2,Rainy,Urban Road,Under Construction,Dark,Signs,82,55,Male,,Yes,Straight Road,2,3,11,3,2,3,2,0,1,5,7,0,0,5.76,26.82951,78.19198,NH44_Agra_Nagpur,Madhya Pradesh
Delhi,Dwarka,2021,October,Thursday,22:47,Fatal,4,Car,0,2,Foggy,Village Road,Wet,Dawn,Signs,37,20,Female,Valid,No,Straight Road,3,22,10,3,3,1,3,1,0,4,0,0,0,3.64,27.12757,77.98319,NH44_Delhi_Agra,Uttar Pradesh
Nagaland,Unknown,2019,January,Wednesday,10:50,Fatal,3,Truck,1,5,Stormy,State Highway,Under Construction,Dark,,51,26,Female,Expired,Yes,Straight Road,3,10,1,2,1,4,2,0,1,3,1,0,0,7.27,18.70391,78.36791,NH44_Nagpur_Hyderabad,Telangana
Telangana,Unknown,2023,January,Friday,19:19,Minor,3,Two-Wheeler,0,3,Clear,Urban Road,Dry,Dawn,Signals,49,21,Male,,No,Intersection,1,19,1,4,2,0,1,1,0,3,0,0,0,3.33,17.06226,77.16668,NH9_Pune_Hyderabad,Maharashtra / Telangana
Tamil Nadu,Coimbatore,2020,February,Wednesday,22:9,Fatal,5,Bus,2,0,Rainy,Urban Road,Dry,Daylight,,53,40,Male,,Yes,Straight Road,3,22,2,2,2,3,1,2,1,5,2,0,0,3.03,30.17626,79.09259,NH58_Delhi_Badrinath,Uttarakhand
Chandigarh,Unknown,2018,July,Wednesday,3:33,Fatal,5,Bus,9,3,Clear,Urban Road,Under Construction,Daylight,Signals,73,57,Female,Expired,Yes,Bridge,3,3,7,2,2,0,2,2,1,5,9,0,0,7.88,20.09951,73.42713,NH48_Delhi_Mumbai,Rajasthan / Gujarat
Goa,Unknown,2021,October,Friday,6:45,Fatal,4,Bus,8,5,Hazy,State Highway,Under Construction,Dusk,Police Checkpost,92,52,Female,,Yes,Straight Road,3,6,10,4,1,2,2,3,1,4,8,0,0,9.39,27.14717,77.9606,NH44_Delhi_Agra,Uttar Pradesh
Odisha,Unknown,2022,March,Friday,17:14,Fatal,3,Car,5,1,Hazy,Urban Road,Damaged,Dawn,Police Checkpost,51,56,Female,,Yes,Bridge,3,17,3,4,2,2,0,1,1,3,5,0,0,4.85,18.62539,84.25075,NH16_Kolkata_Chennai,Odisha / Andhra Pradesh
Nagaland,Unknown,2019,February,Wednesday,22:46,Minor,2,Two-Wheeler,9,3,Clear,Urban Road,Dry,Dawn,Police Checkpost,106,70,Female,Valid,Yes,Straight Road,1,22,2,2,2,0,1,1,1,2,9,0,0,6.67,24.90947,89.84485,NH52_Barasat_Guwahati,West Bengal / Assam
Andhra Pradesh,Vijayawada,2018,October,Thursday,11:28,Fatal,4,Cycle,3,3,Foggy,Urban Road,Under Construction,Dark,Signals,34,43,Male,Valid,Yes,Intersection,3,11,10,3,2,1,2,0,1,4,3,0,0,6.06,12.96979,77.61494,NH44_Hyderabad_Bangalore,Karnataka
Gujarat,Surat,2020,August,Saturday,0:25,Minor,2,Bus,4,2,Hazy,National Highway,Damaged,Dark,Signals,76,55,Female,Expired,Yes,Bridge,1,0,8,5,0,2,0,0,1,2,4,0,0,4.24,23.03818,72.64962,NH27_East_West,Rajasthan / MP / UP
Maharashtra,Pune,2021,December,Wednesday,7:21,Fatal,3,Truck,5,2,Rainy,National Highway,Wet,Dusk,Signs,96,39,Female,Expired,Yes,Curve,3,7,12,2,0,3,3,3,1,3,5,0,0,5.76,12.29492,78.09684,NH44_Bangalore_Chennai,Tamil Nadu
Himachal Pradesh,Unknown,2020,March,Wednesday,0:43,Fatal,3,Cycle,6,3,Foggy,National Highway,Damaged,Dark,,109,58,Male,Valid,Yes,Intersection,3,0,3,2,0,1,0,0,1,3,6,0,0,6.97,31.43407,77.28084,NH22_Shimla_Manali,Himachal Pradesh
Haryana,Unknown,2020,March,Sunday,8:10,Serious,4,Bus,5,2,Stormy,State Highway,Dry,Daylight,,106,44,Female,Valid,Yes,Curve,2,8,3,6,1,4,1,2,1,4,5,0,0,5.15,17.44646,78.48039,NH7_Varanasi_Kanyakumari,MP / Karnataka / TN
Bihar,Unknown,2023,October,Tuesday,9:18,Fatal,1,Two-Wheeler,1,4,Hazy,Urban Road,Damaged,Daylight,Signals,50,24,Male,,Yes,Straight Road,3,9,10,1,2,2,0,2,1,1,1,0,0,6.36,19.81893,78.71779,NH44_Nagpur_Hyderabad,Telangana
Jammu and Kashmir,Unknown,2022,December,Monday,23:7,Fatal,5,Bus,5,1,Stormy,National Highway,Wet,Daylight,,82,44,Female,Valid,No,Curve,3,23,12,0,0,4,3,2,0,5,5,0,0,4.24,26.21053,91.72854,NH52_Barasat_Guwahati,West Bengal / Assam
Punjab,Unknown,2021,August,Sunday,4:0,Fatal,3,Auto-Rickshaw,8,5,Hazy,State Highway,Under Construction,Daylight,,112,19,Female,Expired,Yes,Intersection,3,4,8,6,1,2,2,2,1,3,8,0,0,9.39,23.5847,85.17241,NH19_Delhi_Kolkata,Uttar Pradesh / Bihar
Kerala,Unknown,2019,October,Tuesday,16:4,Fatal,3,Pedestrian,6,3,Hazy,Urban Road,Wet,Dawn,Signals,41,50,Female,,Yes,Intersection,3,16,10,1,2,2,3,1,1,3,6,0,0,6.97,17.49154,75.4669,NH9_Pune_Hyderabad,Maharashtra / Telangana
Mizoram,Unknown,2021,July,Monday,1:10,Fatal,1,Two-Wheeler,3,1,Rainy,Urban Road,Wet,Dawn,Signals,110,48,Female,Expired,Yes,Intersection,3,1,7,0,2,3,3,1,1,1,3,0,0,4.24,17.18007,76.29581,NH9_Pune_Hyderabad,Maharashtra / Telangana
Goa,Unknown,2019,May,Saturday,17:55,Fatal,1,Two-Wheeler,7,2,Foggy,Village Road,Dry,Dusk,Signals,54,44,Female,,Yes,Bridge,3,17,5,5,3,1,1,3,1,1,7,0,0,6.36,24.19374,84.25689,NH30_Patna_Visakhapatnam,Chhattisgarh
Bihar,Unknown,2023,February,Wednesday,2:50,Serious,1,Auto-Rickshaw,9,5,Clear,State Highway,Dry,Dark,,118,24,Female,,Yes,Straight Road,2,2,2,2,1,0,1,0,1,1,9,0,0,9.09,28.28386,76.99195,NH48_Delhi_Mumbai,Rajasthan / Gujarat
Andhra Pradesh,Vijayawada,2018,July,Saturday,19:4,Fatal,1,Pedestrian,7,1,Rainy,State Highway,Damaged,Dark,Signs,49,41,Male,Valid,No,Straight Road,3,19,7,5,1,3,0,0,0,1,7,0,0,4.85,17.31894,74.01375,NH66_West_Coast,Maharashtra / Kerala
Karnataka,Mysore,2020,August,Saturday,7:13,Fatal,4,Two-Wheeler,0,1,Clear,State Highway,Damaged,Dark,Signals,96,18,Male,Expired,Yes,Curve,3,7,8,5,1,0,0,0,1,4,0,0,0,3.33,13.15516,77.62863,NH44_Hyderabad_Bangalore,Karnataka
West Bengal,Durgapur,2021,March,Friday,10:31,Fatal,2,Bus,10,1,Stormy,State Highway,Wet,Dark,,81,19,Male,,No,Intersection,3,10,3,4,1,4,3,0,0,2,10,0,0,5.76,24.92233,89.82278,NH52_Barasat_Guwahati,West Bengal / Assam
Chhattisgarh,Unknown,2018,October,Tuesday,15:6,Minor,3,Two-Wheeler,1,1,Clear,Village Road,Under Construction,Dawn,Police Checkpost,75,30,Female,Expired,No,Curve,1,15,10,1,3,0,2,1,0,3,1,0,0,1.82,19.02237,72.9025,NH66_West_Coast,Maharashtra / Kerala
Karnataka,Mysore,2019,January,Wednesday,5:29,Serious,3,Cycle,7,5,Foggy,National Highway,Damaged,Dusk,Police Checkpost,82,24,Female,Valid,Yes,Bridge,2,5,1,2,0,1,0,3,1,3,7,0,0,8.48,23.01974,80.47451,NH7_Varanasi_Kanyakumari,MP / Karnataka / TN
Nagaland,Unknown,2018,August,Wednesday,17:27,Serious,3,Pedestrian,3,3,Stormy,Village Road,Damaged,Dusk,Signs,63,68,Female,,No,Bridge,2,17,8,2,3,4,0,3,0,3,3,0,0,4.85,23.46254,88.93234,NH52_Barasat_Guwahati,West Bengal / Assam
Jammu and Kashmir,Unknown,2022,November,Tuesday,13:26,Fatal,5,Auto-Rickshaw,4,5,Stormy,State Highway,Dry,Dusk,Police Checkpost,68,51,Female,,Yes,Curve,3,13,11,1,1,4,1,3,1,5,4,0,0,8.18,12.58921,79.51642,NH44_Bangalore_Chennai,Tamil Nadu
Madhya Pradesh,Unknown,2020,February,Tuesday,19:39,Fatal,3,Truck,2,4,Rainy,Village Road,Wet,Dark,Police Checkpost,41,70,Female,,Yes,Intersection,3,19,2,1,3,3,3,0,1,3,2,0,0,6.67,30.23724,79.15096,NH58_Delhi_Badrinath,Uttarakhand
Meghalaya,Unknown,2018,July,Thursday,5:44,Minor,1,Auto-Rickshaw,2,1,Hazy,Urban Road,Wet,Daylight,Signs,114,59,Female,Valid,Yes,Curve,1,5,7,3,2,2,3,2,1,1,2,0,0,2.73,24.09875,73.38751,NH48_Delhi_Mumbai,Rajasthan / Gujarat
Puducherry,Unknown,2023,January,Thursday,8:53,Fatal,5,Two-Wheeler,9,4,Rainy,Village Road,Damaged,Daylight,Police Checkpost,76,26,Male,,No,Bridge,3,8,1,3,3,3,0,2,0,5,9,0,0,8.18,30.0262,78.81982,NH58_Delhi_Badrinath,Uttarakhand
Tamil Nadu,Chennai,2021,March,Sunday,22:37,Fatal,1,Truck,10,2,Rainy,National Highway,Wet,Daylight,Police Checkpost,90,54,Male,Valid,No,Curve,3,22,3,6,0,3,3,2,0,1,10,0,0,6.67,27.62662,77.62928,NH44_Delhi_Agra,Uttar Pradesh
Meghalaya,Unknown,2022,December,Thursday,9:50,Fatal,3,Pedestrian,8,1,Foggy,National Highway,Under Construction,Dusk,,88,48,Male,,No,Bridge,3,9,12,3,0,1,2,3,0,3,8,0,0,5.15,21.2004,79.12869,NH44_Nagpur_Hyderabad,Telangana
Goa,Unknown,2022,October,Thursday,13:37,Serious,5,Car,8,5,Rainy,Urban Road,Under Construction,Daylight,Police Checkpost,113,45,Female,,No,Intersection,2,13,10,3,2,3,2,2,0,5,8,0,0,8.18,20.47822,86.23852,NH16_Kolkata_Chennai,Odisha / Andhra Pradesh
Delhi,Rohini,2021,November,Saturday,19:51,Serious,1,Car,10,3,Hazy,National Highway,Wet,Daylight,Police Checkpost,30,51,Female,Valid,Yes,Straight Road,2,19,11,5,0,2,3,2,1,1,10,0,0,7.58,28.35353,77.20274,NH44_Delhi_Agra,Uttar Pradesh
Andhra Pradesh,Visakhapatnam,2020,October,Friday,6:9,Minor,3,Car,2,3,Clear,National Highway,Under Construction,Dark,Police Checkpost,30,69,Male,,No,Straight Road,1,6,10,4,0,0,2,0,0,3,2,0,0,3.94,25.92062,88.3017,NH27_East_West,Rajasthan / MP / UP
Arunachal Pradesh,Unknown,2018,December,Wednesday,12:36,Minor,2,Cycle,9,3,Rainy,State Highway,Under Construction,Dawn,Signs,49,54,Female,Expired,No,Intersection,1,12,12,2,1,3,2,1,0,2,9,0,0,6.06,17.69349,78.53061,NH44_Nagpur_Hyderabad,Telangana
Delhi,Rohini,2020,January,Friday,3:25,Minor,5,Cycle,8,2,Clear,Village Road,Wet,Dark,,89,41,Female,Expired,No,Curve,1,3,1,4,3,0,3,0,0,5,8,0,0,4.85,24.51982,78.9903,NH44_Agra_Nagpur,Madhya Pradesh
Chandigarh,Unknown,2023,March,Friday,9:16,Serious,4,Car,6,5,Foggy,Village Road,Dry,Dusk,Police Checkpost,86,67,Male,,Yes,Straight Road,2,9,3,4,3,1,1,3,1,4,6,0,0,8.18,18.66996,78.2864,NH44_Nagpur_Hyderabad,Telangana
Haryana,Unknown,2020,March,Wednesday,18:50,Minor,4,Pedestrian,6,3,Rainy,Village Road,Under Construction,Dusk,Signals,106,44,Female,Expired,No,Intersection,1,18,3,2,3,3,2,3,0,4,6,0,0,5.15,25.93168,90.26833,NH52_Barasat_Guwahati,West Bengal / Assam
Andhra Pradesh,Visakhapatnam,2019,June,Saturday,19:12,Minor,5,Auto-Rickshaw,4,3,Clear,Urban Road,Damaged,Daylight,,103,67,Male,Expired,Yes,Bridge,1,19,6,5,2,0,0,2,1,5,4,0,0,5.15,27.97311,77.29476,NH44_Delhi_Agra,Uttar Pradesh
Assam,Unknown,2020,September,Tuesday,11:24,Fatal,3,Pedestrian,0,2,Foggy,Urban Road,Under Construction,Dusk,Signals,103,41,Female,Valid,Yes,Bridge,3,11,9,1,2,1,2,3,1,3,0,0,0,4.24,25.60202,85.08885,NH30_Patna_Visakhapatnam,Chhattisgarh
Jammu and Kashmir,Unknown,2019,January,Tuesday,1:32,Serious,4,Pedestrian,7,0,Foggy,National Highway,Under Construction,Dusk,Signs,112,19,Male,Valid,Yes,Intersection,2,1,1,1,0,1,2,3,1,4,7,0,0,3.94,30.7425,79.61473,NH58_Delhi_Badrinath,Uttarakhand
Chhattisgarh,Unknown,2020,January,Friday,7:33,Minor,3,Auto-Rickshaw,10,5,Rainy,Urban Road,Wet,Dawn,,99,53,Female,Valid,Yes,Curve,1,7,1,4,2,3,3,1,1,3,10,0,0,8.79,17.60354,78.57771,NH44_Nagpur_Hyderabad,Telangana
Mizoram,Unknown,2020,November,Tuesday,1:52,Fatal,3,Two-Wheeler,6,2,Rainy,State Highway,Under Construction,Dark,Signs,116,36,Male,,Yes,Bridge,3,1,11,1,1,3,2,0,1,3,6,0,0,6.06,11.22828,75.84846,NH66_West_Coast,Maharashtra / Kerala
Maharashtra,Nagpur,2018,June,Monday,1:9,Serious,4,Cycle,0,3,Foggy,State Highway,Under Construction,Dawn,Signals,72,45,Male,Valid,No,Straight Road,2,1,6,0,1,1,2,1,0,4,0,0,0,3.94,21.17009,79.02972,NH7_Varanasi_Kanyakumari,MP / Karnataka / TN
Andhra Pradesh,Visakhapatnam,2020,October,Monday,20:9,Serious,3,Truck,6,5,Hazy,Village Road,Wet,Daylight,,118,27,Female,,Yes,Straight Road,2,20,10,0,3,2,3,2,1,3,6,0,0,8.18,28.16857,77.00858,NH48_Delhi_Mumbai,Rajasthan / Gujarat
Chandigarh,Unknown,2022,March,Sunday,10:4,Serious,4,Bus,6,1,Stormy,Village Road,Wet,Daylight,Signs,98,48,Female,,Yes,Curve,2,10,3,6,3,4,3,2,1,4,6,0,0,4.55,26.36658,75.25069,NH48_Delhi_Mumbai,Rajasthan / Gujarat
Tripura,Unknown,2022,July,Monday,13:6,Serious,4,Auto-Rickshaw,9,1,Foggy,National Highway,Wet,Dusk,Police Checkpost,119,60,Male,Expired,No,Bridge,2,13,7,0,0,1,3,3,0,4,9,0,0,4.85,13.11307,80.20958,NH44_Bangalore_Chennai,Tamil Nadu
Telangana,Unknown,2020,January,Thursday,19:8,Minor,4,Truck,0,3,Stormy,Urban Road,Wet,Dawn,Signs,58,48,Female,Expired,Yes,Straight Road,1,19,1,3,2,4,3,1,1,4,0,0,0,3.94,21.21379,72.89539,NH48_Delhi_Mumbai,Rajasthan / Gujarat
Odisha,Unknown,2022,November,Thursday,5:31,Serious,2,Car,8,4,Foggy,State Highway,Dry,Dawn,Signs,63,46,Male,Valid,Yes,Curve,2,5,11,3,1,1,1,1,1,2,8,0,0,7.88,19.09675,72.83941,NH48_Mumbai_Bangalore,Maharashtra / Karnataka
Andhra Pradesh,Vijayawada,2018,August,Thursday,6:1,Serious,3,Cycle,8,4,Hazy,National Highway,Wet,Daylight,Police Checkpost,75,36,Male,Expired,Yes,Curve,2,6,8,3,0,2,3,2,1,3,8,0,0,7.88,14.92271,80.03105,NH16_Kolkata_Chennai,Odisha / Andhra Pradesh
Kerala,Unknown,2020,September,Friday,13:56,Fatal,1,Car,2,4,Rainy,Village Road,Under Construction,Dawn,Signals,46,51,Male,Expired,Yes,Curve,3,13,9,4,3,3,2,1,1,1,2,0,0,6.67,19.1319,72.94172,NH48_Mumbai_Bangalore,Maharashtra / Karnataka
Chhattisgarh,Unknown,2018,July,Saturday,13:38,Serious,2,Two-Wheeler,8,5,Clear,State Highway,Under Construction,Daylight,Signals,65,52,Female,,No,Curve,2,13,7,5,1,0,2,2,0,2,8,0,0,8.18,26.83284,80.95862,NH19_Delhi_Kolkata,Uttar Pradesh / Bihar
Manipur,Unknown,2018,May,Saturday,13:38,Serious,3,Auto-Rickshaw,5,1,Foggy,State Highway,Damaged,Dark,Police Checkpost,109,23,Male,Valid,No,Intersection,2,13,5,5,1,1,0,0,0,3,5,0,0,3.64,17.35289,73.39008,NH48_Mumbai_Bangalore,Maharashtra / Karnataka
Uttarakhand,Unknown,2021,April,Tuesday,19:33,Minor,3,Cycle,9,5,Rainy,Village Road,Dry,Dusk,,91,37,Male,Valid,Yes,Curve,1,19,4,1,3,3,1,3,1,3,9,0,0,8.48,17.44469,75.40955,NH9_Pune_Hyderabad,Maharashtra / Telangana
Meghalaya,Unknown,2020,August,Wednesday,4:14,Minor,5,Truck,8,3,Rainy,Village Road,Dry,Dawn,Police Checkpost,97,59,Female,Expired,No,Straight Road,1,4,8,2,3,3,1,1,0,5,8,0,0,5.76,17.3284,78.46148,NH9_Pune_Hyderabad,Maharashtra / Telangana
Manipur,Unknown,2018,October,Wednesday,22:50,Minor,4,Auto-Rickshaw,1,3,Clear,State Highway,Dry,Dusk,,119,23,Male,Expired,Yes,Bridge,1,22,10,2,1,0,1,3,1,4,1,0,0,4.24,15.42983,77.28111,NH7_Varanasi_Kanyakumari,MP / Karnataka / TN
Uttar Pradesh,Kanpur,2018,December,Sunday,21:40,Serious,1,Auto-Rickshaw,10,0,Stormy,Urban Road,Dry,Dark,Signs,89,42,Female,Expired,Yes,Bridge,2,21,12,6,2,4,1,0,1,1,10,0,0,4.85,27.8813,77.47496,NH44_Delhi_Agra,Uttar Pradesh
Odisha,Unknown,2018,October,Sunday,22:40,Serious,4,Car,7,1,Hazy,Village Road,Damaged,Dawn,Police Checkpost,73,64,Female,Valid,Yes,Bridge,2,22,10,6,3,2,0,1,1,4,7,0,0,4.85,17.92979,73.62808,NH48_Mumbai_Bangalore,Maharashtra / Karnataka
Manipur,Unknown,2023,February,Wednesday,3:47,Fatal,4,Pedestrian,7,3,Clear,Village Road,Damaged,Daylight,Signals,117,65,Female,,No,Curve,3,3,2,2,3,0,0,2,0,4,7,0,0,6.67,27.66998,77.59441,NH44_Delhi_Agra,Uttar Pradesh
Chandigarh,Unknown,2019,August,Tuesday,4:2,Minor,1,Auto-Rickshaw,1,5,Rainy,Village Road,Wet,Dark,,72,22,Female,,No,Bridge,1,4,8,1,3,3,3,0,0,1,1,0,0,5.45,30.00913,78.80713,NH58_Delhi_Badrinath,Uttarakhand
Rajasthan,Jaipur,2020,October,Monday,12:36,Fatal,3,Two-Wheeler,7,0,Hazy,National Highway,Under Construction,Dusk,Signs,58,61,Female,Valid,Yes,Intersection,3,12,10,0,0,2,2,3,1,3,7,0,0,4.55,8.22438,77.21707,NH7_Varanasi_Kanyakumari,MP / Karnataka / TN
Uttarakhand,Unknown,2021,March,Tuesday,23:10,Fatal,4,Two-Wheeler,7,3,Rainy,State Highway,Wet,Daylight,Signs,105,64,Male,Valid,No,Intersection,3,23,3,1,1,3,3,2,0,4,7,0,0,6.67,18.28219,74.23176,NH9_Pune_Hyderabad,Maharashtra / Telangana
Punjab,Unknown,2018,September,Monday,10:31,Minor,5,Cycle,2,5,Stormy,Urban Road,Wet,Dusk,,108,39,Male,Expired,Yes,Bridge,1,10,9,0,2,4,3,3,1,5,2,0,0,6.36,23.51222,73.19413,NH27_East_West,Rajasthan / MP / UP
Tripura,Unknown,2019,August,Saturday,21:50,Serious,5,Truck,3,4,Stormy,State Highway,Damaged,Dusk,,67,48,Female,Valid,No,Curve,2,21,8,5,1,4,0,3,0,5,3,0,0,5.76,17.35308,78.41789,NH9_Pune_Hyderabad,Maharashtra / Telangana
Arunachal Pradesh,Unknown,2020,May,Friday,7:42,Serious,1,Truck,10,3,Rainy,Urban Road,Wet,Dawn,Police Checkpost,52,32,Female,Expired,No,Intersection,2,7,5,4,2,3,3,1,0,1,10,0,0,6.97,22.96241,80.41875,NH7_Varanasi_Kanyakumari,MP / Karnataka / TN
Delhi,Dwarka,2020,May,Tuesday,17:36,Serious,4,Bus,4,0,Stormy,State Highway,Wet,Daylight,Signals,36,24,Female,Valid,Yes,Intersection,2,17,5,1,1,4,3,2,1,4,4,0,0,3.03,17.40895,78.52976,NH44_Nagpur_Hyderabad,Telangana
Telangana,Unknown,2021,September,Thursday,21:57,Fatal,2,Auto-Rickshaw,5,5,Clear,National Highway,Dry,Dusk,Signals,120,43,Male,,No,Straight Road,3,21,9,3,0,0,1,3,0,2,5,0,0,7.88,22.97052,80.47271,NH7_Varanasi_Kanyakumari,MP / Karnataka / TN
Chandigarh,Unknown,2020,March,Wednesday,6:11,Serious,1,Two-Wheeler,1,4,Stormy,National Highway,Damaged,Dusk,Signs,66,30,Female,Expired,No,Straight Road,2,6,3,2,0,4,0,3,0,1,1,0,0,5.15,23.58761,85.24849,NH19_Delhi_Kolkata,Uttar Pradesh / Bihar
Maharashtra,Pune,2018,July,Sunday,1:49,Serious,4,Car,3,3,Stormy,Urban Road,Damaged,Daylight,Signs,63,39,Male,Expired,Yes,Bridge,2,1,7,6,2,4,0,2,1,4,3,0,0,5.45,19.06634,72.84963,NH48_Mumbai_Bangalore,Maharashtra / Karnataka
Jharkhand,Unknown,2020,March,Thursday,6:53,Serious,5,Pedestrian,6,3,Clear,State Highway,Dry,Dawn,Police Checkpost,118,68,Female,Expired,No,Intersection,2,6,3,3,1,0,1,1,0,5,6,0,0,5.76,20.58419,78.94817,NH44_Nagpur_Hyderabad,Telangana
Sikkim,Unknown,2021,January,Monday,1:11,Minor,3,Car,6,4,Rainy,National Highway,Damaged,Dusk,Signals,38,20,Male,Valid,No,Intersection,1,1,1,0,0,3,0,3,0,3,6,0,0,6.06,12.55541,79.40843,NH44_Bangalore_Chennai,Tamil Nadu
Chhattisgarh,Unknown,2023,November,Tuesday,1:27,Fatal,5,Bus,1,4,Foggy,Village Road,Under Construction,Dark,Signals,113,66,Female,Valid,No,Bridge,3,1,11,1,3,1,2,0,0,5,1,0,0,5.76,21.79761,79.12039,NH44_Agra_Nagpur,Madhya Pradesh
Nagaland,Unknown,2021,October,Thursday,6:36,Serious,3,Two-Wheeler,7,4,Hazy,National Highway,Under Construction,Dusk,,40,53,Female,Valid,No,Straight Road,2,6,10,3,0,2,2,3,0,3,7,0,0,6.97,17.73569,83.22933,NH16_Kolkata_Chennai,Odisha / Andhra Pradesh
Kerala,Unknown,2020,September,Monday,12:59,Minor,5,Truck,10,3,Hazy,National Highway,Damaged,Dawn,,64,68,Female,,Yes,Curve,1,12,9,0,0,2,0,1,1,5,10,0,0,6.97,26.15375,78.4189,NH44_Agra_Nagpur,Madhya Pradesh
Delhi,Dwarka,2020,November,Sunday,5:49,Minor,4,Two-Wheeler,1,3,Rainy,State Highway,Under Construction,Daylight,,92,69,Female,,No,Straight Road,1,5,11,6,1,3,2,2,0,4,1,0,0,3.64,30.30046,79.07196,NH58_Delhi_Badrinath,Uttarakhand
Haryana,Unknown,2018,May,Wednesday,1:14,Minor,2,Car,0,0,Rainy,Urban Road,Damaged,Dark,Police Checkpost,58,45,Male,Expired,Yes,Straight Road,1,1,5,2,2,3,0,0,1,2,0,0,0,1.21,17.35388,78.42203,NH44_Nagpur_Hyderabad,Telangana
Arunachal Pradesh,Unknown,2022,June,Sunday,12:0,Minor,2,Auto-Rickshaw,0,0,Foggy,Village Road,Wet,Dawn,Police Checkpost,107,38,Female,Valid,No,Curve,1,12,6,6,3,1,3,1,0,2,0,0,0,0.61,17.81151,74.88635,NH9_Pune_Hyderabad,Maharashtra / Telangana
Maharashtra,Mumbai,2020,May,Wednesday,1:51,Serious,3,Car,5,2,Clear,State Highway,Wet,Daylight,Police Checkpost,68,55,Male,Valid,Yes,Curve,2,1,5,2,1,0,3,2,1,3,5,0,0,5.15,20.58558,73.16323,NH48_Delhi_Mumbai,Rajasthan / Gujarat
West Bengal,Siliguri,2021,July,Thursday,18:12,Serious,3,Bus,8,2,Stormy,National Highway,Dry,Dawn,Signs,53,68,Female,Expired,Yes,Straight Road,2,18,7,3,0,4,1,1,1,3,8,0,0,6.06,12.18933,78.46219,NH44_Bangalore_Chennai,Tamil Nadu
Karnataka,Bangalore,2020,March,Friday,16:30,Fatal,5,Pedestrian,9,3,Clear,Urban Road,Wet,Daylight,Signals,46,27,Female,Expired,Yes,Curve,3,16,3,4,2,0,3,2,1,5,9,0,0,7.88,13.71059,77.43846,NH44_Hyderabad_Bangalore,Karnataka
Odisha,Unknown,2021,January,Sunday,16:28,Fatal,1,Cycle,10,4,Hazy,State Highway,Dry,Daylight,Police Checkpost,66,50,Female,Expired,No,Intersection,3,16,1,6,1,2,1,2,0,1,10,0,0,8.48,25.73205,79.44347,NH27_East_West,Rajasthan / MP / UP
Goa,Unknown,2018,November,Monday,22:45,Serious,3,Pedestrian,7,0,Hazy,Village Road,Under Construction,Dark,Signs,47,65,Female,,No,Bridge,2,22,11,0,3,2,2,0,0,3,7,0,0,3.33,26.77565,78.27842,NH44_Agra_Nagpur,Madhya Pradesh
Jharkhand,Unknown,2022,May,Sunday,4:34,Minor,3,Truck,3,4,Rainy,Urban Road,Damaged,Dawn,Signs,89,62,Female,Valid,No,Curve,1,4,5,6,2,3,0,1,0,3,3,0,0,5.15,22.98001,80.43324,NH7_Varanasi_Kanyakumari,MP / Karnataka / TN
Assam,Unknown,2022,July,Sunday,1:49,Minor,3,Bus,4,5,Rainy,State Highway,Under Construction,Daylight,Signals,113,18,Male,Valid,Yes,Intersection,1,1,7,6,1,3,2,2,1,3,4,0,0,6.97,32.05616,77.08848,NH22_Shimla_Manali,Himachal Pradesh
West Bengal,Durgapur,2023,August,Tuesday,1:8,Minor,3,Bus,3,0,Stormy,Urban Road,Damaged,Dawn,Police Checkpost,82,53,Male,Valid,Yes,Curve,1,1,8,1,2,4,0,1,1,3,3,0,0,2.12,17.34395,73.44789,NH48_Mumbai_Bangalore,Maharashtra / Karnataka
Chandigarh,Unknown,2021,July,Sunday,3:29,Minor,1,Car,6,1,Stormy,Urban Road,Damaged,Daylight,,63,27,Male,Valid,Yes,Intersection,1,3,7,6,2,4,0,2,1,1,6,0,0,3.94,12.15013,78.46339,NH44_Bangalore_Chennai,Tamil Nadu
Arunachal Pradesh,Unknown,2020,July,Tuesday,12:46,Serious,1,Two-Wheeler,9,1,Foggy,National Highway,Wet,Daylight,Police Checkpost,72,29,Male,,No,Bridge,2,12,7,1,0,1,3,2,0,1,9,0,0,4.85,18.69676,78.35742,NH44_Nagpur_Hyderabad,Telangana
Kerala,Unknown,2023,June,Saturday,23:12,Minor,3,Bus,2,2,Hazy,State Highway,Wet,Daylight,,65,52,Male,Expired,No,Straight Road,1,23,6,5,1,2,3,2,0,3,2,0,0,3.03,24.61875,78.96552,NH44_Agra_Nagpur,Madhya Pradesh
Mizoram,Unknown,2018,May,Saturday,11:35,Fatal,3,Car,6,4,Rainy,National Highway,Damaged,Daylight,Police Checkpost,103,52,Female,,Yes,Bridge,3,11,5,5,0,3,0,2,1,3,6,0,0,7.88,20.60798,73.16883,NH48_Delhi_Mumbai,Rajasthan / Gujarat
Jammu and Kashmir,Unknown,2019,May,Sunday,17:10,Serious,2,Two-Wheeler,7,4,Foggy,Village Road,Under Construction,Dawn,Police Checkpost,108,45,Female,Valid,No,Bridge,2,17,5,6,3,1,2,1,0,2,7,0,0,6.97,24.2616,89.19108,NH52_Barasat_Guwahati,West Bengal / Assam
Chhattisgarh,Unknown,2021,July,Sunday,11:50,Fatal,5,Two-Wheeler,2,2,Foggy,Village Road,Under Construction,Daylight,Signals,86,21,Female,Valid,No,Intersection,3,11,7,6,3,1,2,2,0,5,2,0,0,4.24,17.39905,73.5114,NH48_Mumbai_Bangalore,Maharashtra / Karnataka
Kerala,Unknown,2019,March,Wednesday,10:44,Fatal,4,Truck,10,2,Rainy,National Highway,Dry,Dawn,,52,63,Female,Expired,Yes,Bridge,3,10,3,2,0,3,1,1,1,4,10,0,0,7.27,14.17956,76.25473,NH44_Hyderabad_Bangalore,Karnataka
Jammu and Kashmir,Unknown,2021,June,Friday,3:25,Serious,3,Car,0,3,Stormy,State Highway,Under Construction,Dusk,Signs,107,66,Male,Expired,No,Intersection,2,3,6,4,1,4,2,3,0,3,0,0,0,3.94,31.05376,77.17338,NH22_Shimla_Manali,Himachal Pradesh
Kerala,Unknown,2023,November,Wednesday,21:38,Serious,5,Truck,7,3,Rainy,Urban Road,Under Construction,Dawn,Police Checkpost,93,25,Male,Valid,Yes,Straight Road,2,21,11,2,2,3,2,1,1,5,7,0,0,6.67,27.63188,77.59531,NH44_Delhi_Agra,Uttar Pradesh
Haryana,Unknown,2020,August,Thursday,21:45,Minor,3,Bus,5,4,Stormy,State Highway,Dry,Dark,Police Checkpost,77,35,Female,Valid,No,Intersection,1,21,8,3,1,4,1,0,0,3,5,0,0,5.76,27.42389,76.48437,NH48_Delhi_Mumbai,Rajasthan / Gujarat
Puducherry,Unknown,2022,January,Saturday,16:13,Minor,1,Cycle,3,3,Clear,State Highway,Damaged,Daylight,Signs,75,38,Male,Valid,No,Curve,1,16,1,5,1,0,0,2,0,1,3,0,0,4.24,13.45665,77.40242,NH7_Varanasi_Kanyakumari,MP / Karnataka / TN
Odisha,Unknown,2021,March,Monday,9:13,Minor,2,Cycle,8,0,Foggy,Village Road,Damaged,Daylight,Police Checkpost,82,57,Male,Expired,Yes,Bridge,1,9,3,0,3,1,0,2,1,2,8,0,0,3.64,25.43189,78.61825,NH44_Agra_Nagpur,Madhya Pradesh
West Bengal,Siliguri,2023,October,Monday,2:23,Serious,3,Cycle,0,5,Rainy,Urban Road,Wet,Dusk,Signals,88,69,Female,Expired,Yes,Bridge,2,2,10,0,2,3,3,3,1,3,0,0,0,6.36,15.38252,76.97781,NH44_Hyderabad_Bangalore,Karnataka
Mizoram,Unknown,2021,June,Saturday,23:16,Fatal,5,Auto-Rickshaw,9,0,Hazy,Urban Road,Dry,Daylight,Signals,96,62,Male,Expired,Yes,Straight Road,3,23,6,5,2,2,1,2,1,5,9,0,0,5.15,28.21024,77.88499,NH19_Delhi_Kolkata,Uttar Pradesh / Bihar
Nagaland,Unknown,2019,August,Thursday,3:6,Serious,4,Pedestrian,1,2,Hazy,Urban Road,Dry,Dark,,120,61,Female,,Yes,Curve,2,3,8,3,2,2,1,0,1,4,1,0,0,3.94,32.02029,77.10215,NH22_Shimla_Manali,Himachal Pradesh
Karnataka,Mysore,2020,February,Friday,23:22,Minor,5,Car,1,3,Foggy,Village Road,Wet,Dawn,Signals,45,66,Female,Expired,No,Straight Road,1,23,2,4,3,1,3,1,0,5,1,0,0,3.64,14.17794,76.24845,NH44_Hyderabad_Bangalore,Karnataka
Delhi,Rohini,2020,May,Friday,18:3,Minor,5,Bus,0,1,Stormy,Village Road,Under Construction,Dusk,,83,40,Male,Expired,Yes,Straight Road,1,18,5,4,3,4,2,3,1,5,0,0,0,2.12,26.05862,86.51059,NH27_East_West,Rajasthan / MP / UP
Jammu and Kashmir,Unknown,2023,August,Tuesday,1:36,Minor,5,Truck,9,0,Clear,Village Road,Damaged,Dark,Signs,35,27,Male,Expired,No,Curve,1,1,8,1,3,0,0,0,0,5,9,0,0,3.33,25.35629,83.04633,NH7_Varanasi_Kanyakumari,MP / Karnataka / TN
Karnataka,Mysore,2021,February,Sunday,0:52,Minor,4,Bus,8,1,Stormy,Village Road,Under Construction,Daylight,Police Checkpost,44,29,Female,Expired,Yes,Intersection,1,0,2,6,3,4,2,2,1,4,8,0,0,4.55,18.28518,80.8204,NH30_Patna_Visakhapatnam,Chhattisgarh
Gujarat,Ahmedabad,2019,September,Saturday,5:18,Minor,4,Cycle,6,3,Hazy,Village Road,Under Construction,Dawn,Police Checkpost,90,26,Female,Expired,No,Intersection,1,5,9,5,3,2,2,1,0,4,6,0,0,5.15,26.95506,78.18794,NH44_Delhi_Agra,Uttar Pradesh
West Bengal,Siliguri,2018,September,Friday,18:23,Serious,4,Auto-Rickshaw,8,0,Rainy,State Highway,Dry,Dark,Signals,60,49,Male,,Yes,Curve,2,18,9,4,1,3,1,0,1,4,8,0,0,4.24,25.44571,78.58019,NH44_Agra_Nagpur,Madhya Pradesh
Bihar,Unknown,2019,May,Thursday,22:35,Serious,1,Cycle,8,3,Hazy,National Highway,Dry,Dark,Signs,67,61,Female,,No,Straight Road,2,22,5,3,0,2,1,0,0,1,8,0,0,6.36,23.46655,88.86607,NH52_Barasat_Guwahati,West Bengal / Assam
Haryana,Unknown,2018,June,Monday,5:18,Minor,1,Bus,5,1,Hazy,State Highway,Wet,Dark,Signals,96,58,Male,Valid,Yes,Straight Road,1,5,6,0,1,2,3,0,1,1,5,0,0,3.64,13.05557,77.56197,NH44_Hyderabad_Bangalore,Karnataka
Himachal Pradesh,Unknown,2018,December,Wednesday,4:22,Fatal,1,Car,10,5,Stormy,Urban Road,Under Construction,Dawn,Signs,47,63,Male,Expired,Yes,Straight Road,3,4,12,2,2,4,2,1,1,1,10,0,0,10.0,25.35255,83.04159,NH7_Varanasi_Kanyakumari,MP / Karnataka / TN
Telangana,Unknown,2018,August,Friday,1:9,Minor,4,Pedestrian,9,4,Hazy,National Highway,Damaged,Dawn,Police Checkpost,94,21,Female,Valid,Yes,Bridge,1,1,8,4,0,2,0,1,1,4,9,0,0,7.58,18.67506,78.28073,NH44_Nagpur_Hyderabad,Telangana
Telangana,Unknown,2023,June,Sunday,12:46,Fatal,3,Auto-Rickshaw,2,5,Clear,Urban Road,Wet,Dawn,Signs,54,23,Female,Expired,Yes,Intersection,3,12,6,6,2,0,3,1,1,3,2,0,0,7.58,28.2493,77.20078,NH44_Delhi_Agra,Uttar Pradesh
Andhra Pradesh,Tirupati,2023,December,Friday,14:33,Fatal,2,Truck,1,2,Clear,Village Road,Dry,Dusk,,54,24,Female,Expired,No,Curve,3,14,12,4,3,0,1,3,0,2,1,0,0,3.94,13.14304,80.24648,NH44_Bangalore_Chennai,Tamil Nadu
Chhattisgarh,Unknown,2023,January,Monday,18:17,Serious,1,Car,7,0,Hazy,State Highway,Damaged,Dawn,Police Checkpost,111,33,Male,,Yes,Bridge,2,18,1,0,1,2,0,1,1,1,7,0,0,3.94,24.25118,84.58595,NH19_Delhi_Kolkata,Uttar Pradesh / Bihar
Andhra Pradesh,Visakhapatnam,2023,November,Wednesday,23:5,Fatal,5,Car,1,1,Hazy,State Highway,Wet,Daylight,Police Checkpost,60,42,Male,,Yes,Straight Road,3,23,11,2,1,2,3,2,1,5,1,0,0,3.64,30.47439,79.4457,NH58_Delhi_Badrinath,Uttarakhand
Uttar Pradesh,Lucknow,2019,July,Sunday,8:10,Fatal,3,Truck,10,0,Foggy,Urban Road,Under Construction,Daylight,Signals,113,20,Female,,Yes,Straight Road,3,8,7,6,2,1,2,2,1,3,10,0,0,5.45,25.78796,79.47468,NH27_East_West,Rajasthan / MP / UP
Nagaland,Unknown,2019,December,Monday,17:25,Minor,5,Cycle,2,5,Clear,National Highway,Under Construction,Dusk,Signals,68,69,Male,Valid,Yes,Straight Road,1,17,12,0,0,0,2,3,1,5,2,0,0,6.36,24.81306,84.93065,NH30_Patna_Visakhapatnam,Chhattisgarh
Puducherry,Unknown,2020,July,Thursday,0:32,Fatal,2,Truck,6,2,Foggy,Village Road,Damaged,Dawn,,98,25,Male,,No,Intersection,3,0,7,3,3,1,0,1,0,2,6,0,0,5.45,25.38946,89.96779,NH52_Barasat_Guwahati,West Bengal / Assam
Tamil Nadu,Coimbatore,2018,August,Thursday,12:45,Serious,5,Pedestrian,8,2,Rainy,National Highway,Wet,Dawn,Signs,60,58,Female,Expired,No,Curve,2,12,8,3,0,3,3,1,0,5,8,0,0,5.45,23.47013,73.21173,NH27_East_West,Rajasthan / MP / UP
Maharashtra,Nagpur,2023,May,Wednesday,21:7,Serious,1,Bus,8,5,Rainy,National Highway,Damaged,Daylight,Signals,79,60,Female,Valid,Yes,Curve,2,21,5,2,0,3,0,2,1,1,8,0,0,8.79,17.4071,75.50522,NH9_Pune_Hyderabad,Maharashtra / Telangana
Bihar,Unknown,2020,October,Wednesday,5:12,Fatal,1,Cycle,9,5,Hazy,Urban Road,Dry,Dark,,50,47,Female,Valid,No,Intersection,3,5,10,2,2,2,1,0,0,1,9,0,0,9.09,21.14857,79.1167,NH7_Varanasi_Kanyakumari,MP / Karnataka / TN
Maharashtra,Pune,2023,February,Wednesday,7:8,Minor,5,Bus,2,4,Clear,Village Road,Wet,Dawn,Signals,119,69,Female,Valid,No,Intersection,1,7,2,2,3,0,3,1,0,5,2,0,0,4.85,18.4941,73.90125,NH9_Pune_Hyderabad,Maharashtra / Telangana
Rajasthan,Jodhpur,2018,January,Sunday,16:10,Serious,1,Pedestrian,0,4,Rainy,State Highway,Damaged,Dawn,,35,57,Female,Valid,Yes,Straight Road,2,16,1,6,1,3,0,1,1,1,0,0,0,5.45,16.09442,74.38616,NH48_Mumbai_Bangalore,Maharashtra / Karnataka
West Bengal,Durgapur,2023,November,Tuesday,6:31,Serious,4,Truck,0,3,Hazy,Urban Road,Damaged,Dawn,,82,27,Male,Expired,No,Intersection,2,6,11,1,2,2,0,1,0,4,0,0,0,3.94,15.36766,77.00572,NH44_Hyderabad_Bangalore,Karnataka
Assam,Unknown,2018,July,Monday,16:18,Minor,3,Pedestrian,9,3,Hazy,Village Road,Under Construction,Dawn,Police Checkpost,118,70,Female,,Yes,Intersection,1,16,7,0,3,2,2,1,1,3,9,0,0,6.67,26.08095,91.76185,NH52_Barasat_Guwahati,West Bengal / Assam
Jharkhand,Unknown,2022,October,Friday,8:7,Serious,5,Auto-Rickshaw,5,2,Stormy,National Highway,Dry,Dusk,,49,54,Male,Valid,No,Curve,2,8,10,4,0,4,1,3,0,5,5,0,0,4.55,17.39292,78.46498,NH9_Pune_Hyderabad,Maharashtra / Telangana
Chhattisgarh,Unknown,2021,January,Thursday,7:10,Serious,5,Bus,3,2,Hazy,State Highway,Wet,Dawn,Police Checkpost,66,35,Female,,Yes,Curve,2,7,1,3,1,2,3,1,1,5,3,0,0,4.55,26.86041,78.29258,NH44_Agra_Nagpur,Madhya Pradesh
Manipur,Unknown,2022,December,Wednesday,2:14,Minor,1,Car,0,1,Clear,National Highway,Under Construction,Dawn,Signs,78,27,Female,Expired,Yes,Curve,1,2,12,2,0,0,2,1,1,1,0,0,0,2.12,13.22028,77.48805,NH48_Mumbai_Bangalore,Maharashtra / Karnataka
Nagaland,Unknown,2021,November,Thursday,6:37,Fatal,3,Pedestrian,4,4,Foggy,Urban Road,Damaged,Dusk,Signs,55,55,Female,Expired,No,Curve,3,6,11,3,2,1,0,3,0,3,4,0,0,6.67,17.623,83.3217,NH30_Patna_Visakhapatnam,Chhattisgarh
Delhi,Dwarka,2023,September,Sunday,16:38,Fatal,1,Bus,3,3,Clear,Village Road,Dry,Dark,,85,61,Male,,No,Intersection,3,16,9,6,3,0,1,0,0,1,3,0,0,5.45,19.18475,72.92989,NH48_Delhi_Mumbai,Rajasthan / Gujarat
Maharashtra,Nagpur,2021,February,Monday,9:21,Fatal,2,Bus,7,5,Stormy,National Highway,Wet,Dusk,Signs,52,30,Female,,No,Bridge,3,9,2,0,0,4,3,3,0,2,7,0,0,8.48,17.7383,83.34783,NH30_Patna_Visakhapatnam,Chhattisgarh
Kerala,Unknown,2021,July,Friday,23:32,Serious,3,Two-Wheeler,9,5,Clear,Village Road,Wet,Daylight,,116,62,Female,Valid,No,Intersection,2,23,7,4,3,0,3,2,0,3,9,0,0,8.48,24.88284,91.8592,NH27_East_West,Rajasthan / MP / UP
Maharashtra,Nagpur,2019,March,Monday,11:29,Fatal,1,Car,2,4,Rainy,Urban Road,Damaged,Dark,Police Checkpost,108,59,Female,Expired,No,Curve,3,11,3,0,2,3,0,0,0,1,2,0,0,6.06,24.8376,89.86059,NH52_Barasat_Guwahati,West Bengal / Assam
Kerala,Unknown,2019,May,Sunday,7:21,Minor,3,Pedestrian,8,0,Foggy,Urban Road,Wet,Dark,,102,67,Male,Expired,No,Curve,1,7,5,6,2,1,3,0,0,3,8,0,0,3.03,22.93053,86.94177,NH19_Delhi_Kolkata,Uttar Pradesh / Bihar
Uttarakhand,Unknown,2023,January,Friday,0:28,Fatal,2,Auto-Rickshaw,2,2,Foggy,Urban Road,Under Construction,Daylight,Signs,71,38,Male,Expired,Yes,Intersection,3,0,1,4,2,1,2,2,1,2,2,0,0,4.85,17.37166,78.42927,NH7_Varanasi_Kanyakumari,MP / Karnataka / TN
Manipur,Unknown,2023,January,Thursday,20:21,Fatal,5,Bus,10,0,Clear,National Highway,Damaged,Daylight,Police Checkpost,103,19,Female,Expired,Yes,Bridge,3,20,1,3,0,0,0,2,1,5,10,0,0,5.45,27.83458,77.49975,NH44_Delhi_Agra,Uttar Pradesh
Gujarat,Surat,2019,July,Monday,3:9,Serious,3,Pedestrian,1,1,Stormy,State Highway,Wet,Dawn,Signs,117,46,Female,,No,Bridge,2,3,7,0,1,4,3,1,0,3,1,0,0,2.42,12.82038,77.70215,NH44_Bangalore_Chennai,Tamil Nadu
West Bengal,Kolkata,2022,December,Tuesday,21:11,Fatal,5,Cycle,6,3,Rainy,State Highway,Damaged,Daylight,Signs,78,44,Female,Valid,No,Bridge,3,21,12,1,1,3,0,2,0,5,6,0,0,6.36,20.43705,86.26739,NH16_Kolkata_Chennai,Odisha / Andhra Pradesh
Delhi,New Delhi,2022,March,Sunday,13:56,Fatal,3,Two-Wheeler,5,0,Foggy,Urban Road,Wet,Dusk,Signals,78,28,Male,Expired,No,Bridge,3,13,3,6,2,1,3,3,0,3,5,0,0,3.33,13.11008,80.29809,NH16_Kolkata_Chennai,Odisha / Andhra Pradesh
Tripura,Unknown,2023,October,Friday,0:17,Fatal,3,Pedestrian,6,5,Foggy,State Highway,Under Construction,Dawn,Signs,58,67,Male,Valid,No,Intersection,3,0,10,4,1,1,2,1,0,3,6,0,0,8.18,17.33463,74.05626,NH66_West_Coast,Maharashtra / Kerala
Tamil Nadu,Chennai,2020,May,Wednesday,20:59,Minor,4,Auto-Rickshaw,1,4,Rainy,Village Road,Damaged,Dusk,Signs,75,22,Male,,No,Curve,1,20,5,2,3,3,0,3,0,4,1,0,0,4.55,27.95013,77.2476,NH44_Delhi_Agra,Uttar Pradesh
Himachal Pradesh,Unknown,2019,May,Thursday,8:29,Serious,4,Pedestrian,10,0,Rainy,National Highway,Wet,Dawn,,49,56,Female,Expired,No,Intersection,2,8,5,3,0,3,3,1,0,4,10,0,0,4.24,15.87489,77.16451,NH44_Hyderabad_Bangalore,Karnataka
Punjab,Unknown,2019,December,Monday,16:30,Serious,4,Auto-Rickshaw,5,2,Clear,State Highway,Wet,Daylight,Signals,100,59,Female,Expired,Yes,Intersection,2,16,12,0,1,0,3,2,1,4,5,0,0,5.15,17.33258,78.55189,NH44_Nagpur_Hyderabad,Telangana
Nagaland,Unknown,2019,November,Saturday,3:13,Minor,5,Pedestrian,1,2,Clear,National Highway,Under Construction,Dawn,,46,37,Male,Valid,Yes,Bridge,1,3,11,5,0,0,2,1,1,5,1,0,0,3.33,28.28473,77.1369,NH44_Delhi_Agra,Uttar Pradesh
Assam,Unknown,2022,September,Saturday,10:26,Fatal,5,Car,10,0,Rainy,State Highway,Wet,Dusk,Signals,120,22,Female,Expired,Yes,Straight Road,3,10,9,5,1,3,3,3,1,5,10,0,0,5.45,20.59198,81.82077,NH30_Patna_Visakhapatnam,Chhattisgarh
Kerala,Unknown,2021,May,Monday,9:54,Serious,2,Pedestrian,0,5,Rainy,State Highway,Under Construction,Daylight,Police Checkpost,114,30,Female,Expired,Yes,Straight Road,2,9,5,0,1,3,2,2,1,2,0,0,0,6.36,26.08434,91.67273,NH52_Barasat_Guwahati,West Bengal / Assam
Bihar,Unknown,2022,June,Tuesday,13:21,Serious,3,Cycle,6,4,Clear,National Highway,Dry,Dark,,110,70,Male,,No,Intersection,2,13,6,1,0,0,1,0,0,3,6,0,0,6.67,14.87925,76.51105,NH44_Hyderabad_Bangalore,Karnataka
Tripura,Unknown,2022,January,Tuesday,7:41,Minor,1,Pedestrian,4,5,Rainy,Village Road,Dry,Dark,Signals,43,54,Male,Expired,No,Straight Road,1,7,1,1,3,3,1,0,0,1,4,0,0,6.36,19.04909,72.89291,NH48_Delhi_Mumbai,Rajasthan / Gujarat
Puducherry,Unknown,2021,August,Friday,3:0,Fatal,5,Bus,1,3,Foggy,State Highway,Dry,Daylight,,47,39,Female,,Yes,Straight Road,3,3,8,4,1,1,1,2,1,5,1,0,0,5.45,17.825,74.93111,NH9_Pune_Hyderabad,Maharashtra / Telangana
Tripura,Unknown,2019,June,Thursday,20:45,Minor,1,Truck,0,3,Rainy,State Highway,Under Construction,Dawn,,58,60,Male,Expired,Yes,Bridge,1,20,6,3,1,3,2,1,1,1,0,0,0,3.94,27.17527,77.90159,NH44_Delhi_Agra,Uttar Pradesh
Telangana,Unknown,2022,September,Sunday,18:54,Minor,5,Car,9,5,Hazy,State Highway,Wet,Dawn,Signals,45,54,Female,Expired,No,Bridge,1,18,9,6,1,2,3,1,0,5,9,0,0,7.88,13.06321,80.32759,NH16_Kolkata_Chennai,Odisha / Andhra Pradesh
Maharashtra,Nagpur,2021,August,Tuesday,8:50,Minor,1,Two-Wheeler,10,3,Clear,Village Road,Dry,Daylight,Police Checkpost,80,19,Female,Expired,Yes,Curve,1,8,8,1,3,0,1,2,1,1,10,0,0,6.97,32.60338,75.05353,NH44_North,Jammu & Kashmir
Assam,Unknown,2018,April,Sunday,5:44,Serious,2,Car,5,5,Rainy,Urban Road,Under Construction,Daylight,Police Checkpost,118,56,Male,Expired,No,Intersection,2,5,4,6,2,3,2,2,0,2,5,0,0,7.27,30.21039,79.14759,NH58_Delhi_Badrinath,Uttarakhand
Tamil Nadu,Coimbatore,2018,April,Friday,0:14,Serious,5,Bus,3,1,Hazy,Urban Road,Wet,Dusk,,104,54,Male,,No,Bridge,2,0,4,4,2,2,3,3,0,5,3,0,0,3.03,20.14765,73.42901,NH48_Delhi_Mumbai,Rajasthan / Gujarat
Sikkim,Unknown,2019,December,Monday,20:26,Fatal,4,Two-Wheeler,0,2,Foggy,State Highway,Damaged,Dusk,Police Checkpost,67,55,Male,Expired,Yes,Straight Road,3,20,12,0,1,1,0,3,1,4,0,0,0,4.24,24.55112,73.63386,NH48_Delhi_Mumbai,Rajasthan / Gujarat
Andhra Pradesh,Vijayawada,2021,November,Wednesday,5:53,Fatal,3,Bus,0,3,Foggy,Village Road,Damaged,Dark,Police Checkpost,84,48,Female,Expired,No,Straight Road,3,5,11,2,3,1,0,0,0,3,0,0,0,4.55,26.12339,91.78021,NH52_Barasat_Guwahati,West Bengal / Assam
Karnataka,Mysore,2018,August,Friday,5:46,Fatal,5,Truck,6,1,Clear,Urban Road,Under Construction,Dusk,,82,24,Male,,No,Curve,3,5,8,4,2,0,2,3,0,5,6,0,0,4.55,28.61483,77.16167,NH19_Delhi_Kolkata,Uttar Pradesh / Bihar
Nagaland,Unknown,2020,November,Wednesday,14:4,Serious,5,Auto-Rickshaw,6,2,Rainy,National Highway,Wet,Dusk,,82,68,Female,,Yes,Bridge,2,14,11,2,0,3,3,3,1,5,6,0,0,5.45,19.02089,72.82298,NH48_Mumbai_Bangalore,Maharashtra / Karnataka
Gujarat,Ahmedabad,2020,October,Tuesday,8:27,Fatal,3,Two-Wheeler,2,0,Hazy,National Highway,Under Construction,Daylight,Signals,77,38,Female,,Yes,Straight Road,3,8,10,1,0,2,2,2,1,3,2,0,0,3.03,8.18012,77.28766,NH7_Varanasi_Kanyakumari,MP / Karnataka / TN
Karnataka,Bangalore,2020,April,Saturday,20:2,Serious,4,Bus,5,3,Stormy,National Highway,Under Construction,Daylight,Police Checkpost,117,64,Male,Valid,No,Intersection,2,20,4,5,0,4,2,2,0,4,5,0,0,5.45,24.13896,73.4723,NH48_Delhi_Mumbai,Rajasthan / Gujarat
Tamil Nadu,Coimbatore,2020,March,Thursday,7:17,Fatal,5,Pedestrian,3,2,Hazy,Urban Road,Damaged,Dusk,Signs,37,23,Female,,No,Bridge,3,7,3,3,2,2,0,3,0,5,3,0,0,4.55,23.5926,85.27792,NH19_Delhi_Kolkata,Uttar Pradesh / Bihar
Andhra Pradesh,Vijayawada,2020,January,Wednesday,10:7,Serious,4,Auto-Rickshaw,6,3,Foggy,State Highway,Dry,Daylight,Signals,50,65,Male,Valid,Yes,Curve,2,10,1,2,1,1,1,2,1,4,6,0,0,6.36,21.09395,79.04667,NH7_Varanasi_Kanyakumari,MP / Karnataka / TN
Delhi,Rohini,2019,September,Tuesday,15:13,Minor,4,Truck,5,0,Stormy,Urban Road,Dry,Dawn,,117,51,Female,Expired,Yes,Curve,1,15,9,1,2,4,1,1,1,4,5,0,0,2.73,21.77025,79.10044,NH44_Agra_Nagpur,Madhya Pradesh
Jammu and Kashmir,Unknown,2022,January,Wednesday,3:41,Fatal,1,Car,4,3,Clear,Urban Road,Damaged,Dark,Police Checkpost,70,25,Male,Expired,No,Bridge,3,3,1,2,2,0,0,0,0,1,4,0,0,5.76,19.04763,72.82976,NH48_Delhi_Mumbai,Rajasthan / Gujarat
Goa,Unknown,2023,October,Sunday,9:16,Serious,3,Bus,4,4,Foggy,State Highway,Wet,Dark,Police Checkpost,55,53,Male,,No,Intersection,2,9,10,6,1,1,3,0,0,3,4,0,0,6.06,19.90881,85.41524,NH16_Kolkata_Chennai,Odisha / Andhra Pradesh
Sikkim,Unknown,2019,November,Thursday,20:46,Minor,1,Truck,2,5,Stormy,Village Road,Dry,Dusk,Signs,93,60,Female,Valid,No,Curve,1,20,11,3,3,4,1,3,0,1,2,0,0,5.76,28.44987,77.18891,NH44_Delhi_Agra,Uttar Pradesh
Bihar,Unknown,2018,December,Sunday,0:10,Minor,2,Two-Wheeler,7,4,Stormy,State Highway,Under Construction,Dawn,Signals,67,66,Female,Expired,No,Straight Road,1,0,12,6,1,4,2,1,0,2,7,0,0,6.36,26.99037,78.16542,NH44_Delhi_Agra,Uttar Pradesh
Maharashtra,Pune,2019,December,Wednesday,9:40,Fatal,3,Auto-Rickshaw,9,1,Hazy,Village Road,Dry,Dark,Police Checkpost,51,38,Male,,Yes,Bridge,3,9,12,2,3,2,1,0,1,3,9,0,0,6.06,26.78997,84.24699,NH27_East_West,Rajasthan / MP / UP
Chhattisgarh,Unknown,2021,April,Wednesday,4:39,Serious,1,Two-Wheeler,5,2,Foggy,National Highway,Wet,Daylight,Signals,97,69,Male,,No,Bridge,2,4,4,2,0,1,3,2,0,1,5,0,0,4.55,25.3722,78.55759,NH44_Agra_Nagpur,Madhya Pradesh
Goa,Unknown,2019,April,Tuesday,15:18,Minor,4,Car,8,2,Stormy,Village Road,Damaged,Dark,,104,27,Male,Valid,Yes,Intersection,1,15,4,1,3,4,0,0,1,4,8,0,0,5.45,22.76831,88.51768,NH52_Barasat_Guwahati,West Bengal / Assam
Karnataka,Mysore,2023,March,Thursday,4:34,Serious,4,Auto-Rickshaw,4,4,Clear,Village Road,Wet,Dawn,Signs,46,39,Female,Valid,Yes,Bridge,2,4,3,3,3,0,3,1,1,4,4,0,0,6.67,24.27998,84.48423,NH19_Delhi_Kolkata,Uttar Pradesh / Bihar
Jharkhand,Unknown,2020,November,Tuesday,22:34,Minor,3,Pedestrian,6,5,Stormy,National Highway,Wet,Dawn,Signals,71,36,Female,,Yes,Straight Road,1,22,11,1,0,4,3,1,1,3,6,0,0,7.58,23.04521,86.96737,NH19_Delhi_Kolkata,Uttar Pradesh / Bihar
Rajasthan,Jaipur,2022,May,Tuesday,4:17,Minor,1,Auto-Rickshaw,10,2,Foggy,Village Road,Dry,Dark,,59,35,Female,Expired,Yes,Straight Road,1,4,5,1,3,1,1,0,1,1,10,0,0,6.06,12.59199,79.43123,NH44_Bangalore_Chennai,Tamil Nadu
Rajasthan,Jaipur,2020,September,Monday,12:54,Serious,4,Auto-Rickshaw,6,1,Clear,National Highway,Dry,Dawn,Signals,62,46,Male,Expired,Yes,Intersection,2,12,9,0,0,0,1,1,1,4,6,0,0,4.55,13.4108,77.48709,NH7_Varanasi_Kanyakumari,MP / Karnataka / TN
Tamil Nadu,Chennai,2021,March,Tuesday,10:28,Fatal,2,Auto-Rickshaw,2,4,Rainy,Urban Road,Dry,Dusk,,45,64,Male,Expired,No,Straight Road,3,10,3,1,2,3,1,3,0,2,2,0,0,6.06,27.40773,77.72317,NH44_Delhi_Agra,Uttar Pradesh
Tamil Nadu,Chennai,2021,June,Monday,8:31,Fatal,3,Truck,1,0,Rainy,State Highway,Damaged,Daylight,Signs,81,65,Female,,Yes,Bridge,3,8,6,0,1,3,0,2,1,3,1,0,0,2.73,15.51131,77.18488,NH7_Varanasi_Kanyakumari,MP / Karnataka / TN
Manipur,Unknown,2019,January,Tuesday,12:50,Serious,1,Car,6,4,Stormy,National Highway,Under Construction,Dawn,Signals,119,63,Male,,No,Bridge,2,12,1,1,0,4,2,1,0,1,6,0,0,6.67,17.67086,83.34434,NH30_Patna_Visakhapatnam,Chhattisgarh
Uttarakhand,Unknown,2019,January,Sunday,18:57,Serious,4,Two-Wheeler,5,2,Rainy,Village Road,Dry,Dusk,Signs,74,38,Female,Valid,Yes,Bridge,2,18,1,6,3,3,1,3,1,4,5,0,0,5.15,34.09236,74.77622,NH44_North,Jammu & Kashmir
Odisha,Unknown,2021,June,Thursday,3:35,Serious,5,Auto-Rickshaw,0,5,Stormy,State Highway,Under Construction,Dusk,,51,29,Male,Expired,Yes,Bridge,2,3,6,3,1,4,2,3,1,5,0,0,0,6.36,15.43933,74.92464,NH48_Mumbai_Bangalore,Maharashtra / Karnataka
Andhra Pradesh,Vijayawada,2020,February,Friday,3:57,Minor,1,Auto-Rickshaw,0,0,Stormy,National Highway,Wet,Dark,Signs,82,18,Female,,No,Curve,1,3,2,4,0,4,3,0,0,1,0,0,0,0.61,24.22831,89.2693,NH52_Barasat_Guwahati,West Bengal / Assam
Sikkim,Unknown,2018,November,Thursday,3:33,Minor,3,Bus,6,1,Stormy,Urban Road,Under Construction,Dark,,31,53,Male,,No,Bridge,1,3,11,3,2,4,2,0,0,3,6,0,0,3.33,17.39277,75.50087,NH9_Pune_Hyderabad,Maharashtra / Telangana
Andhra Pradesh,Tirupati,2022,May,Saturday,2:7,Serious,4,Truck,2,2,Foggy,National Highway,Dry,Dawn,Signs,88,18,Male,,Yes,Bridge,2,2,5,5,0,1,1,1,1,4,2,0,0,4.24,28.84303,77.4565,NH58_Delhi_Badrinath,Uttarakhand
Himachal Pradesh,Unknown,2022,April,Friday,22:24,Fatal,1,Car,10,1,Hazy,Urban Road,Damaged,Dark,,105,44,Male,Expired,No,Straight Road,3,22,4,4,2,2,0,0,0,1,10,0,0,5.76,28.35863,77.1864,NH44_Delhi_Agra,Uttar Pradesh
Uttar Pradesh,Lucknow,2022,January,Sunday,13:40,Serious,2,Pedestrian,3,0,Hazy,Urban Road,Damaged,Dawn,Signs,62,59,Male,Expired,No,Bridge,2,13,1,6,2,2,0,1,0,2,3,0,0,2.12,19.38804,81.19864,NH30_Patna_Visakhapatnam,Chhattisgarh
Karnataka,Bangalore,2021,August,Wednesday,3:19,Fatal,5,Pedestrian,0,5,Hazy,Village Road,Under Construction,Dark,Police Checkpost,85,46,Female,Valid,No,Bridge,3,3,8,2,3,2,2,0,0,5,0,0,0,6.36,32.22212,77.05501,NH22_Shimla_Manali,Himachal Pradesh
Delhi,Dwarka,2019,January,Wednesday,19:44,Serious,5,Car,5,0,Rainy,Village Road,Damaged,Daylight,Signs,101,48,Female,Valid,Yes,Straight Road,2,19,1,2,3,3,0,2,1,5,5,0,0,3.33,23.60988,85.17234,NH19_Delhi_Kolkata,Uttar Pradesh / Bihar
Jharkhand,Unknown,2021,August,Monday,3:29,Serious,5,Two-Wheeler,4,2,Rainy,Urban Road,Damaged,Dusk,Signals,35,26,Male,Valid,No,Curve,2,3,8,0,2,3,0,3,0,5,4,0,0,4.24,23.42567,88.92321,NH52_Barasat_Guwahati,West Bengal / Assam
Punjab,Unknown,2018,January,Monday,5:57,Serious,1,Bus,8,0,Rainy,Village Road,Wet,Dawn,Signs,86,52,Male,,Yes,Curve,2,5,1,0,3,3,3,1,1,1,8,0,0,4.24,27.17521,82.44786,NH27_East_West,Rajasthan / MP / UP
Haryana,Unknown,2018,June,Tuesday,17:31,Serious,5,Truck,8,4,Foggy,State Highway,Damaged,Dawn,Police Checkpost,52,29,Male,Valid,Yes,Straight Road,2,17,6,1,1,1,0,1,1,5,8,0,0,7.88,25.45492,78.53118,NH44_Agra_Nagpur,Madhya Pradesh
Sikkim,Unknown,2021,January,Monday,16:59,Fatal,2,Bus,5,3,Foggy,National Highway,Under Construction,Dusk,Signs,116,64,Female,Valid,No,Intersection,3,16,1,0,0,1,2,3,0,2,5,0,0,6.06,24.86169,89.87764,NH52_Barasat_Guwahati,West Bengal / Assam
Rajasthan,Jaipur,2018,January,Thursday,15:42,Minor,2,Cycle,10,4,Foggy,Village Road,Wet,Dusk,Signals,77,36,Female,Valid,Yes,Intersection,1,15,1,3,3,1,3,3,1,2,10,0,0,7.88,24.84389,83.83318,NH19_Delhi_Kolkata,Uttar Pradesh / Bihar
Jharkhand,Unknown,2020,April,Saturday,0:11,Fatal,5,Car,7,2,Stormy,Urban Road,Damaged,Dark,,81,53,Male,,Yes,Bridge,3,0,4,5,2,4,0,0,1,5,7,0,0,6.36,27.39469,78.17396,NH19_Delhi_Kolkata,Uttar Pradesh / Bihar
Mizoram,Unknown,2022,May,Saturday,2:35,Minor,2,Two-Wheeler,8,1,Rainy,State Highway,Under Construction,Dawn,,69,52,Male,,Yes,Straight Road,1,2,5,5,1,3,2,1,1,2,8,0,0,4.55,25.52524,89.94526,NH52_Barasat_Guwahati,West Bengal / Assam
Odisha,Unknown,2022,August,Wednesday,10:10,Minor,2,Truck,0,4,Rainy,National Highway,Wet,Dawn,Signs,37,39,Male,,No,Curve,1,10,8,2,0,3,3,1,0,2,0,0,0,4.24,18.59082,78.26472,NH44_Nagpur_Hyderabad,Telangana
Assam,Unknown,2022,January,Sunday,17:55,Minor,4,Cycle,1,0,Hazy,State Highway,Dry,Dusk,Signals,31,30,Female,,Yes,Curve,1,17,1,6,1,2,1,3,1,4,1,0,0,1.52,28.57039,77.21149,NH44_Delhi_Agra,Uttar Pradesh
Manipur,Unknown,2023,October,Wednesday,20:7,Minor,4,Cycle,2,0,Hazy,Village Road,Damaged,Daylight,Signs,119,42,Male,Valid,Yes,Curve,1,20,10,2,3,2,0,2,1,4,2,0,0,1.82,23.71644,85.2819,NH19_Delhi_Kolkata,Uttar Pradesh / Bihar
Sikkim,Unknown,2018,August,Wednesday,17:43,Serious,3,Car,5,0,Clear,National Highway,Wet,Dark,,120,47,Male,Expired,Yes,Intersection,2,17,8,2,0,0,3,0,1,3,5,0,0,3.33,13.18417,77.63476,NH44_Hyderabad_Bangalore,Karnataka
Uttarakhand,Unknown,2021,February,Thursday,1:38,Fatal,3,Truck,3,3,Foggy,Village Road,Wet,Dawn,,45,40,Male,,Yes,Straight Road,3,1,2,3,3,1,3,1,1,3,3,0,0,6.06,19.40925,81.17227,NH30_Patna_Visakhapatnam,Chhattisgarh
Tripura,Unknown,2018,December,Friday,4:28,Minor,2,Bus,6,2,Foggy,Village Road,Under Construction,Dusk,Signs,76,28,Female,Valid,Yes,Bridge,1,4,12,4,3,1,2,3,1,2,6,0,0,4.85,19.35886,84.73896,NH16_Kolkata_Chennai,Odisha / Andhra Pradesh
Uttar Pradesh,Varanasi,2019,March,Tuesday,1:22,Minor,5,Bus,0,5,Foggy,Urban Road,Under Construction,Dark,Signals,76,53,Female,,Yes,Curve,1,1,3,1,2,1,2,0,1,5,0,0,0,5.76,21.84603,72.14713,NH48_Delhi_Mumbai,Rajasthan / Gujarat
Manipur,Unknown,2021,April,Saturday,21:34,Serious,4,Cycle,6,5,Rainy,National Highway,Wet,Dark,Signs,65,61,Male,Valid,No,Bridge,2,21,4,5,0,3,3,0,0,4,6,0,0,7.58,25.39736,78.60424,NH44_Agra_Nagpur,Madhya Pradesh
Goa,Unknown,2018,January,Tuesday,12:50,Fatal,4,Two-Wheeler,9,0,Stormy,Village Road,Dry,Dusk,Police Checkpost,50,19,Female,Expired,No,Intersection,3,12,1,1,3,4,1,3,0,4,9,0,0,4.55,19.08715,72.81011,NH48_Delhi_Mumbai,Rajasthan / Gujarat
Andhra Pradesh,Visakhapatnam,2020,June,Wednesday,1:51,Serious,4,Truck,7,3,Hazy,State Highway,Under Construction,Dusk,Signals,94,39,Female,Valid,No,Intersection,2,1,6,2,1,2,2,3,0,4,7,0,0,6.06,23.94149,81.24098,NH7_Varanasi_Kanyakumari,MP / Karnataka / TN
Karnataka,Mangalore,2019,April,Wednesday,21:11,Serious,1,Car,4,2,Rainy,National Highway,Dry,Daylight,Signals,72,48,Male,,Yes,Intersection,2,21,4,2,0,3,1,2,1,1,4,0,0,4.85,19.86104,79.41917,NH7_Varanasi_Kanyakumari,MP / Karnataka / TN
Mizoram,Unknown,2021,December,Sunday,22:41,Fatal,4,Cycle,0,3,Hazy,State Highway,Damaged,Dawn,Signs,39,39,Male,,No,Straight Road,3,22,12,6,1,2,0,1,0,4,0,0,0,4.55,27.42845,77.69309,NH44_Delhi_Agra,Uttar Pradesh
Uttarakhand,Unknown,2020,December,Tuesday,12:16,Serious,3,Bus,6,4,Stormy,Urban Road,Wet,Daylight,Signals,98,18,Female,Valid,No,Straight Road,2,12,12,1,2,4,3,2,0,3,6,0,0,6.67,25.45251,90.04614,NH52_Barasat_Guwahati,West Bengal / Assam
Tripura,Unknown,2018,August,Monday,20:29,Fatal,5,Pedestrian,8,4,Rainy,State Highway,Dry,Daylight,Police Checkpost,53,18,Female,Valid,Yes,Bridge,3,20,8,0,1,3,1,2,1,5,8,0,0,8.48,28.33088,77.18864,NH44_Delhi_Agra,Uttar Pradesh
Uttarakhand,Unknown,2020,September,Thursday,10:50,Serious,1,Cycle,6,3,Foggy,Urban Road,Damaged,Dark,,89,18,Female,Valid,No,Straight Road,2,10,9,3,2,1,0,0,0,1,6,0,0,5.76,30.41969,79.5084,NH58_Delhi_Badrinath,Uttarakhand
Chandigarh,Unknown,2018,November,Sunday,7:10,Serious,5,Auto-Rickshaw,7,0,Foggy,Village Road,Under Construction,Dusk,Signs,54,19,Male,Expired,Yes,Intersection,2,7,11,6,3,1,2,3,1,5,7,0,0,3.94,29.65258,78.2523,NH58_Delhi_Badrinath,Uttarakhand
Himachal Pradesh,Unknown,2022,January,Friday,23:22,Minor,1,Truck,9,1,Rainy,National Highway,Under Construction,Dusk,Signs,84,50,Female,,Yes,Curve,1,23,1,4,0,3,2,3,1,1,9,0,0,4.85,8.27747,77.20217,NH66_West_Coast,Maharashtra / Kerala
Uttarakhand,Unknown,2022,October,Thursday,17:25,Fatal,1,Truck,1,0,Rainy,Urban Road,Wet,Dawn,Signs,113,33,Female,Valid,No,Bridge,3,17,10,3,2,3,3,1,0,1,1,0,0,2.12,19.12257,72.91958,NH66_West_Coast,Maharashtra / Kerala
Mizoram,Unknown,2018,August,Wednesday,5:2,Minor,5,Truck,4,3,Stormy,Village Road,Damaged,Dusk,,69,54,Female,Valid,Yes,Intersection,1,5,8,2,3,4,0,3,1,5,4,0,0,5.15,31.16801,77.22162,NH22_Shimla_Manali,Himachal Pradesh
Jharkhand,Unknown,2020,September,Wednesday,4:8,Serious,2,Auto-Rickshaw,2,4,Rainy,Village Road,Damaged,Dusk,Signs,70,34,Female,Expired,No,Bridge,2,4,9,2,3,3,0,3,0,2,2,0,0,5.45,14.9938,75.22038,NH48_Mumbai_Bangalore,Maharashtra / Karnataka
Tamil Nadu,Coimbatore,2018,September,Saturday,21:14,Fatal,5,Auto-Rickshaw,3,4,Clear,Urban Road,Wet,Dusk,,104,23,Male,,Yes,Bridge,3,21,9,5,2,0,3,3,1,5,3,0,0,6.97,24.17228,75.89459,NH27_East_West,Rajasthan / MP / UP
Jammu and Kashmir,Unknown,2019,August,Friday,13:31,Serious,1,Pedestrian,2,3,Foggy,National Highway,Dry,Daylight,Police Checkpost,86,66,Female,Valid,Yes,Straight Road,2,13,8,4,0,1,1,2,1,1,2,0,0,5.15,20.60622,81.9389,NH30_Patna_Visakhapatnam,Chhattisgarh
Andhra Pradesh,Vijayawada,2023,March,Sunday,21:32,Minor,4,Truck,10,2,Stormy,Urban Road,Damaged,Dusk,Police Checkpost,45,65,Male,Valid,Yes,Straight Road,1,21,3,6,2,4,0,3,1,4,10,0,0,6.06,17.30281,76.19316,NH9_Pune_Hyderabad,Maharashtra / Telangana
Bihar,Unknown,2018,September,Thursday,6:23,Serious,1,Bus,5,1,Stormy,National Highway,Under Construction,Daylight,Signals,85,65,Female,Valid,Yes,Intersection,2,6,9,3,0,4,2,2,1,1,5,0,0,4.24,23.6821,73.24646,NH48_Delhi_Mumbai,Rajasthan / Gujarat
Mizoram,Unknown,2019,May,Wednesday,7:25,Minor,5,Truck,5,1,Hazy,State Highway,Dry,Daylight,Signals,95,26,Male,,No,Bridge,1,7,5,2,1,2,1,2,0,5,5,0,0,3.03,24.88658,82.4086,NH7_Varanasi_Kanyakumari,MP / Karnataka / TN
Puducherry,Unknown,2021,June,Tuesday,1:7,Fatal,3,Truck,7,0,Rainy,Village Road,Under Construction,Dawn,Signs,56,30,Female,Valid,No,Intersection,3,1,6,1,3,3,2,1,0,3,7,0,0,3.94,25.3091,82.96844,NH19_Delhi_Kolkata,Uttar Pradesh / Bihar
Kerala,Unknown,2020,January,Thursday,8:1,Serious,3,Pedestrian,5,5,Clear,Urban Road,Under Construction,Dusk,Police Checkpost,73,20,Male,Valid,No,Straight Road,2,8,1,3,2,0,2,3,0,3,5,0,0,7.27,27.11353,77.92468,NH44_Delhi_Agra,Uttar Pradesh
Puducherry,Unknown,2020,December,Thursday,10:47,Serious,5,Bus,9,5,Stormy,Village Road,Damaged,Daylight,Signals,35,59,Female,Valid,Yes,Curve,2,10,12,3,3,4,0,2,1,5,9,0,0,9.09,23.48391,83.85228,NH30_Patna_Visakhapatnam,Chhattisgarh
Goa,Unknown,2019,August,Tuesday,7:15,Minor,4,Car,0,4,Clear,Urban Road,Wet,Daylight,,115,27,Female,Valid,No,Bridge,1,7,8,1,2,0,3,2,0,4,0,0,0,4.24,14.89142,74.23234,NH66_West_Coast,Maharashtra / Kerala
Chhattisgarh,Unknown,2019,July,Tuesday,16:37,Minor,3,Car,0,3,Rainy,National Highway,Under Construction,Daylight,Signs,39,45,Male,Expired,Yes,Straight Road,1,16,7,1,0,3,2,2,1,3,0,0,0,3.94,23.99167,79.06153,NH44_Agra_Nagpur,Madhya Pradesh
Puducherry,Unknown,2021,March,Friday,16:25,Minor,3,Two-Wheeler,2,5,Foggy,Village Road,Dry,Dawn,,53,61,Male,Expired,Yes,Straight Road,1,16,3,4,3,1,1,1,1,3,2,0,0,6.36,21.42635,87.16491,NH16_Kolkata_Chennai,Odisha / Andhra Pradesh
Mizoram,Unknown,2018,March,Monday,3:56,Fatal,3,Two-Wheeler,6,4,Foggy,National Highway,Under Construction,Dark,Signals,106,29,Male,Expired,No,Curve,3,3,3,0,0,1,2,0,0,3,6,0,0,7.27,24.19796,84.48578,NH19_Delhi_Kolkata,Uttar Pradesh / Bihar
Assam,Unknown,2021,August,Monday,5:5,Fatal,3,Auto-Rickshaw,4,3,Hazy,State Highway,Dry,Dusk,Signals,42,33,Female,Valid,Yes,Straight Road,3,5,8,0,1,2,1,3,1,3,4,0,0,6.36,12.71581,77.83042,NH44_Bangalore_Chennai,Tamil Nadu
Nagaland,Unknown,2018,November,Thursday,3:46,Minor,4,Cycle,6,2,Foggy,Village Road,Damaged,Dusk,Police Checkpost,120,28,Female,,No,Intersection,1,3,11,3,3,1,0,3,0,4,6,0,0,4.24,24.81033,83.90602,NH19_Delhi_Kolkata,Uttar Pradesh / Bihar
Himachal Pradesh,Unknown,2020,May,Monday,8:2,Minor,1,Truck,1,0,Rainy,National Highway,Damaged,Daylight,Signs,68,66,Female,,Yes,Straight Road,1,8,5,0,0,3,0,2,1,1,1,0,0,1.52,22.31051,72.25389,NH48_Delhi_Mumbai,Rajasthan / Gujarat
Haryana,Unknown,2022,September,Saturday,14:52,Minor,3,Bus,5,5,Foggy,Village Road,Dry,Dusk,Signals,67,57,Female,Expired,Yes,Intersection,1,14,9,5,3,1,1,3,1,3,5,0,0,7.27,17.06263,78.3558,NH44_Hyderabad_Bangalore,Karnataka
Mizoram,Unknown,2019,December,Saturday,0:50,Serious,1,Truck,2,2,Clear,Urban Road,Wet,Dark,Signs,71,62,Female,Valid,Yes,Bridge,2,0,12,5,2,0,3,0,1,1,2,0,0,4.24,18.25178,74.27718,NH9_Pune_Hyderabad,Maharashtra / Telangana
Sikkim,Unknown,2023,June,Monday,6:5,Fatal,4,Pedestrian,8,3,Stormy,National Highway,Wet,Dawn,,93,38,Female,Valid,Yes,Curve,3,6,6,0,0,4,3,1,1,4,8,0,0,7.58,16.18083,74.4661,NH48_Mumbai_Bangalore,Maharashtra / Karnataka
Bihar,Unknown,2018,April,Sunday,23:33,Fatal,5,Two-Wheeler,10,2,Hazy,Village Road,Damaged,Dawn,,41,39,Female,,No,Bridge,3,23,4,6,3,2,0,1,0,5,10,0,0,6.67,26.16836,78.4967,NH44_Agra_Nagpur,Madhya Pradesh
Chhattisgarh,Unknown,2018,July,Saturday,13:23,Fatal,1,Pedestrian,6,0,Hazy,State Highway,Dry,Dawn,,65,44,Male,Valid,Yes,Curve,3,13,7,5,1,2,1,1,1,1,6,0,0,4.24,22.35732,72.22371,NH48_Delhi_Mumbai,Rajasthan / Gujarat
Goa,Unknown,2023,August,Monday,4:41,Serious,3,Pedestrian,3,4,Clear,Village Road,Wet,Dusk,Signs,111,40,Female,,Yes,Straight Road,2,4,8,0,3,0,3,3,1,3,3,0,0,6.36,13.17629,77.41006,NH48_Mumbai_Bangalore,Maharashtra / Karnataka
Arunachal Pradesh,Unknown,2022,July,Wednesday,8:38,Fatal,1,Truck,1,5,Rainy,Village Road,Under Construction,Dark,,70,63,Male,Valid,No,Intersection,3,8,7,2,3,3,2,0,0,1,1,0,0,6.67,23.03206,72.51305,NH27_East_West,Rajasthan / MP / UP
Punjab,Unknown,2022,June,Sunday,0:24,Serious,2,Bus,4,3,Hazy,State Highway,Damaged,Dawn,,88,34,Male,Valid,Yes,Curve,2,0,6,6,1,2,0,1,1,2,4,0,0,5.76,21.18224,72.88489,NH48_Delhi_Mumbai,Rajasthan / Gujarat
Arunachal Pradesh,Unknown,2018,September,Friday,12:52,Serious,2,Car,1,1,Foggy,State Highway,Dry,Daylight,,102,43,Female,,No,Curve,2,12,9,4,1,1,1,2,0,2,1,0,0,2.42,12.09024,78.43259,NH44_Bangalore_Chennai,Tamil Nadu
Meghalaya,Unknown,2020,April,Saturday,4:28,Serious,5,Cycle,6,0,Hazy,State Highway,Under Construction,Dusk,Signals,39,65,Male,,Yes,Curve,2,4,4,5,1,2,2,3,1,5,6,0,0,3.64,23.45019,73.24304,NH27_East_West,Rajasthan / MP / UP
Puducherry,Unknown,2020,October,Friday,18:7,Serious,3,Bus,8,3,Clear,Urban Road,Under Construction,Dawn,Signs,89,34,Female,Valid,Yes,Intersection,2,18,10,4,2,0,2,1,1,3,8,0,0,6.97,18.56525,73.78665,NH48_Mumbai_Bangalore,Maharashtra / Karnataka
Delhi,New Delhi,2023,June,Tuesday,17:58,Serious,5,Cycle,10,3,Hazy,National Highway,Dry,Dark,Police Checkpost,73,68,Female,Valid,No,Intersection,2,17,6,1,0,2,1,0,0,5,10,0,0,6.97,13.92917,74.81289,NH66_West_Coast,Maharashtra / Kerala
Delhi,Rohini,2022,October,Saturday,12:20,Minor,3,Pedestrian,10,3,Stormy,Village Road,Under Construction,Dark,Signs,70,39,Female,Valid,No,Intersection,1,12,10,5,3,4,2,0,0,3,10,0,0,6.36,21.09427,79.01913,NH44_Nagpur_Hyderabad,Telangana
Punjab,Unknown,2021,December,Wednesday,6:39,Fatal,1,Pedestrian,0,2,Clear,State Highway,Damaged,Dawn,Signs,103,67,Female,,Yes,Straight Road,3,6,12,2,1,0,0,1,1,1,0,0,0,4.24,18.28428,74.23401,NH9_Pune_Hyderabad,Maharashtra / Telangana
Bihar,Unknown,2019,June,Saturday,2:25,Minor,5,Truck,9,4,Hazy,Village Road,Wet,Daylight,Police Checkpost,102,34,Female,Expired,Yes,Bridge,1,2,6,5,3,2,3,2,1,5,9,0,0,7.58,14.93364,79.92264,NH16_Kolkata_Chennai,Odisha / Andhra Pradesh
West Bengal,Siliguri,2018,July,Sunday,3:7,Fatal,5,Car,5,1,Clear,State Highway,Dry,Dusk,Signals,98,49,Female,,No,Intersection,3,3,7,6,1,0,1,3,0,5,5,0,0,4.24,24.2215,75.83536,NH27_East_West,Rajasthan / MP / UP
Andhra Pradesh,Visakhapatnam,2021,August,Monday,8:7,Fatal,1,Pedestrian,1,2,Hazy,Village Road,Under Construction,Dawn,Signals,104,65,Male,,Yes,Straight Road,3,8,8,0,3,2,2,1,1,1,1,0,0,4.55,19.81772,79.44003,NH7_Varanasi_Kanyakumari,MP / Karnataka / TN
Rajasthan,Jaipur,2019,December,Friday,12:11,Serious,1,Bus,1,2,Clear,Urban Road,Under Construction,Dusk,Police Checkpost,45,26,Female,Expired,Yes,Intersection,2,12,12,4,2,0,2,3,1,1,1,0,0,3.94,26.95822,75.81583,NH48_Delhi_Mumbai,Rajasthan / Gujarat
Kerala,Unknown,2021,June,Thursday,16:55,Serious,2,Pedestrian,3,1,Clear,Village Road,Damaged,Dawn,Signs,108,57,Female,Expired,Yes,Bridge,2,16,6,3,3,0,0,1,1,2,3,0,0,3.64,9.81363,77.41154,NH7_Varanasi_Kanyakumari,MP / Karnataka / TN
Himachal Pradesh,Unknown,2019,May,Wednesday,15:35,Minor,1,Auto-Rickshaw,4,1,Rainy,Village Road,Under Construction,Daylight,,55,59,Female,,Yes,Curve,1,15,5,2,3,3,2,2,1,1,4,0,0,3.33,13.46651,77.41495,NH7_Varanasi_Kanyakumari,MP / Karnataka / TN
Manipur,Unknown,2019,September,Thursday,12:40,Fatal,5,Bus,8,0,Stormy,Urban Road,Under Construction,Daylight,Signs,90,41,Female,,Yes,Bridge,3,12,9,3,2,4,2,2,1,5,8,0,0,4.85,23.60461,85.19292,NH19_Delhi_Kolkata,Uttar Pradesh / Bihar
Arunachal Pradesh,Unknown,2023,May,Sunday,20:0,Serious,1,Two-Wheeler,3,4,Rainy,Urban Road,Dry,Dusk,Police Checkpost,84,25,Male,Expired,Yes,Bridge,2,20,5,6,2,3,1,3,1,1,3,0,0,6.36,12.02951,78.97375,NH44_Bangalore_Chennai,Tamil Nadu
Andhra Pradesh,Visakhapatnam,2020,November,Monday,7:13,Serious,2,Car,9,0,Stormy,Village Road,Under Construction,Dark,,104,37,Female,Expired,No,Intersection,2,7,11,0,3,4,2,0,0,2,9,0,0,3.94,13.69953,77.49731,NH44_Hyderabad_Bangalore,Karnataka
Manipur,Unknown,2022,November,Friday,1:10,Serious,4,Two-Wheeler,1,1,Stormy,National Highway,Dry,Dark,Police Checkpost,104,45,Female,Expired,No,Straight Road,2,1,11,4,0,4,1,0,0,4,1,0,0,2.42,12.39346,78.07859,NH44_Bangalore_Chennai,Tamil Nadu
Tripura,Unknown,2021,February,Monday,0:37,Fatal,4,Truck,9,0,Stormy,National Highway,Dry,Daylight,Signs,87,64,Female,Valid,No,Curve,3,0,2,0,0,4,1,2,0,4,9,0,0,4.55,19.80958,79.49632,NH7_Varanasi_Kanyakumari,MP / Karnataka / TN
Puducherry,Unknown,2023,March,Tuesday,0:0,Serious,2,Car,9,1,Clear,Village Road,Dry,Dawn,Police Checkpost,37,40,Female,Valid,Yes,Straight Road,2,0,3,1,3,0,1,1,1,2,9,0,0,5.45,17.06826,77.1988,NH9_Pune_Hyderabad,Maharashtra / Telangana
Mizoram,Unknown,2021,August,Sunday,1:37,Serious,3,Cycle,3,2,Stormy,National Highway,Dry,Dusk,Signals,35,27,Female,Expired,No,Curve,2,1,8,6,0,4,1,3,0,3,3,0,0,3.94,12.12099,78.46243,NH44_Bangalore_Chennai,Tamil Nadu
Meghalaya,Unknown,2022,September,Friday,19:41,Minor,1,Auto-Rickshaw,7,4,Clear,State Highway,Wet,Dawn,Police Checkpost,31,56,Female,,Yes,Intersection,1,19,9,4,1,0,3,1,1,1,7,0,0,6.97,17.43501,78.52405,NH9_Pune_Hyderabad,Maharashtra / Telangana
Manipur,Unknown,2023,October,Thursday,14:58,Serious,1,Car,7,1,Hazy,National Highway,Under Construction,Daylight,Police Checkpost,56,63,Male,Valid,Yes,Curve,2,14,10,3,0,2,2,2,1,1,7,0,0,4.85,22.25565,79.17247,NH44_Agra_Nagpur,Madhya Pradesh
Meghalaya,Unknown,2019,October,Saturday,9:2,Serious,4,Cycle,10,0,Hazy,State Highway,Under Construction,Dawn,,112,47,Male,,No,Intersection,2,9,10,5,1,2,2,1,0,4,10,0,0,4.24,12.56708,79.4764,NH44_Bangalore_Chennai,Tamil Nadu
Chandigarh,Unknown,2021,May,Sunday,16:28,Minor,2,Two-Wheeler,0,5,Hazy,Village Road,Under Construction,Daylight,Signs,89,32,Female,Expired,Yes,Curve,1,16,5,6,3,2,2,2,1,2,0,0,0,5.76,22.95985,71.17292,NH27_East_West,Rajasthan / MP / UP
Maharashtra,Nagpur,2023,April,Friday,3:4,Fatal,2,Cycle,5,3,Rainy,National Highway,Under Construction,Daylight,Police Checkpost,30,31,Female,Valid,Yes,Intersection,3,3,4,4,0,3,2,2,1,2,5,0,0,6.67,25.48433,78.54304,NH44_Agra_Nagpur,Madhya Pradesh
Karnataka,Mangalore,2022,May,Saturday,21:5,Serious,4,Auto-Rickshaw,2,3,Foggy,Urban Road,Under Construction,Dawn,Signals,98,21,Female,Expired,Yes,Curve,2,21,5,5,2,1,2,1,1,4,2,0,0,5.15,13.27767,77.5184,NH48_Mumbai_Bangalore,Maharashtra / Karnataka
Haryana,Unknown,2018,September,Sunday,21:46,Serious,1,Cycle,2,3,Foggy,National Highway,Dry,Dawn,Signals,67,38,Male,Valid,Yes,Bridge,2,21,9,6,0,1,1,1,1,1,2,0,0,5.15,12.51544,79.48471,NH44_Bangalore_Chennai,Tamil Nadu
Puducherry,Unknown,2022,August,Monday,4:34,Fatal,4,Bus,10,2,Stormy,National Highway,Damaged,Dark,Signals,109,27,Male,,No,Straight Road,3,4,8,0,0,4,0,0,0,4,10,0,0,6.67,17.3625,74.00637,NH66_West_Coast,Maharashtra / Kerala
Puducherry,Unknown,2022,December,Saturday,15:51,Minor,4,Pedestrian,5,3,Foggy,Village Road,Dry,Dawn,Signs,111,35,Male,Expired,No,Curve,1,15,12,5,3,1,1,1,0,4,5,0,0,4.85,12.59745,79.45257,NH44_Bangalore_Chennai,Tamil Nadu
Haryana,Unknown,2021,August,Thursday,10:54,Fatal,3,Car,4,1,Clear,State Highway,Dry,Dawn,Police Checkpost,36,55,Female,Valid,No,Straight Road,3,10,8,3,1,0,1,1,0,3,4,0,0,3.94,32.19123,77.16788,NH22_Shimla_Manali,Himachal Pradesh
Jharkhand,Unknown,2019,April,Tuesday,17:42,Serious,5,Auto-Rickshaw,8,0,Stormy,Urban Road,Damaged,Dawn,Signs,99,42,Male,Valid,Yes,Straight Road,2,17,4,1,2,4,0,1,1,5,8,0,0,4.24,22.52849,88.39485,NH16_Kolkata_Chennai,Odisha / Andhra Pradesh
Karnataka,Mysore,2021,February,Friday,6:5,Serious,3,Two-Wheeler,10,2,Foggy,Village Road,Dry,Dawn,Police Checkpost,80,69,Male,,Yes,Curve,2,6,2,4,3,1,1,1,1,3,10,0,0,6.67,24.87281,91.91703,NH27_East_West,Rajasthan / MP / UP
Manipur,Unknown,2021,August,Saturday,10:15,Minor,5,Pedestrian,4,5,Hazy,State Highway,Under Construction,Dusk,Police Checkpost,90,27,Female,,Yes,Bridge,1,10,8,5,1,2,2,3,1,5,4,0,0,6.97,23.90531,81.17876,NH7_Varanasi_Kanyakumari,MP / Karnataka / TN
Manipur,Unknown,2019,November,Friday,20:40,Minor,1,Two-Wheeler,0,0,Hazy,Village Road,Damaged,Daylight,,38,46,Female,Expired,No,Curve,1,20,11,4,3,2,0,2,0,1,0,0,0,0.61,30.48479,79.51511,NH58_Delhi_Badrinath,Uttarakhand
Odisha,Unknown,2018,February,Sunday,7:30,Minor,2,Auto-Rickshaw,0,2,Rainy,Village Road,Dry,Daylight,Signals,64,60,Male,,No,Curve,1,7,2,6,3,3,1,2,0,2,0,0,0,2.42,22.26149,79.13868,NH44_Agra_Nagpur,Madhya Pradesh
West Bengal,Durgapur,2018,February,Sunday,8:14,Fatal,5,Truck,6,0,Hazy,National Highway,Wet,Daylight,Police Checkpost,81,25,Male,Expired,Yes,Straight Road,3,8,2,6,0,2,3,2,1,5,6,0,0,4.24,12.59061,77.9406,NH44_Bangalore_Chennai,Tamil Nadu
Kerala,Unknown,2018,February,Friday,1:5,Minor,1,Car,4,4,Rainy,Urban Road,Dry,Daylight,Signals,47,27,Female,,Yes,Bridge,1,1,2,4,2,3,1,2,1,1,4,0,0,6.06,19.83863,85.48333,NH16_Kolkata_Chennai,Odisha / Andhra Pradesh
Jammu and Kashmir,Unknown,2018,July,Wednesday,14:1,Fatal,5,Auto-Rickshaw,7,2,Rainy,Village Road,Damaged,Dark,Police Checkpost,37,61,Male,Expired,Yes,Intersection,3,14,7,2,3,3,0,0,1,5,7,0,0,6.36,14.40452,75.74486,NH48_Mumbai_Bangalore,Maharashtra / Karnataka
Delhi,Rohini,2018,June,Saturday,10:30,Serious,1,Two-Wheeler,2,1,Clear,State Highway,Dry,Dark,,111,56,Male,Expired,Yes,Intersection,2,10,6,5,1,0,1,0,1,1,2,0,0,3.33,25.93361,90.19501,NH52_Barasat_Guwahati,West Bengal / Assam
Tamil Nadu,Madurai,2021,December,Saturday,16:57,Fatal,1,Car,0,0,Hazy,National Highway,Damaged,Dusk,,111,25,Male,Expired,Yes,Curve,3,16,12,5,0,2,0,3,1,1,0,0,0,2.42,27.16001,77.92317,NH44_Delhi_Agra,Uttar Pradesh
Haryana,Unknown,2023,January,Tuesday,16:53,Minor,1,Auto-Rickshaw,0,2,Rainy,National Highway,Wet,Dusk,Police Checkpost,80,54,Male,,Yes,Curve,1,16,1,1,0,3,3,3,1,1,0,0,0,3.03,24.22876,75.81066,NH27_East_West,Rajasthan / MP / UP
Nagaland,Unknown,2020,May,Tuesday,5:13,Minor,2,Cycle,7,3,Clear,National Highway,Wet,Dark,,34,19,Male,Expired,No,Intersection,1,5,5,1,0,0,3,0,0,2,7,0,0,5.45,28.46337,77.27558,NH44_Delhi_Agra,Uttar Pradesh
Maharashtra,Pune,2022,June,Friday,19:19,Serious,1,Cycle,8,5,Rainy,Urban Road,Under Construction,Dusk,Signals,94,25,Male,Expired,Yes,Straight Road,2,19,6,4,2,3,2,3,1,1,8,0,0,8.79,21.13818,79.14068,NH44_Nagpur_Hyderabad,Telangana
Himachal Pradesh,Unknown,2020,June,Tuesday,15:19,Fatal,1,Truck,8,4,Rainy,National Highway,Wet,Daylight,Signals,94,61,Female,Valid,Yes,Straight Road,3,15,6,1,0,3,3,2,1,1,8,0,0,8.48,23.01011,72.62091,NH27_East_West,Rajasthan / MP / UP
Himachal Pradesh,Unknown,2022,September,Saturday,6:44,Fatal,3,Two-Wheeler,4,4,Stormy,National Highway,Dry,Dark,Signs,69,45,Male,,No,Bridge,3,6,9,5,0,4,1,0,0,3,4,0,0,6.67,26.23382,78.44466,NH44_Agra_Nagpur,Madhya Pradesh
Chhattisgarh,Unknown,2019,August,Sunday,0:28,Serious,2,Auto-Rickshaw,8,2,Clear,Village Road,Damaged,Dusk,,36,24,Male,Expired,Yes,Straight Road,2,0,8,6,3,0,0,3,1,2,8,0,0,6.06,23.59045,85.29432,NH19_Delhi_Kolkata,Uttar Pradesh / Bihar
Puducherry,Unknown,2018,July,Friday,22:2,Serious,3,Pedestrian,2,4,Stormy,National Highway,Dry,Daylight,Signs,117,52,Female,Expired,No,Bridge,2,22,7,4,0,4,1,2,0,3,2,0,0,5.45,16.09662,74.50439,NH48_Mumbai_Bangalore,Maharashtra / Karnataka
Gujarat,Surat,2022,August,Sunday,7:11,Minor,1,Auto-Rickshaw,10,0,Clear,Urban Road,Dry,Dark,Signals,120,46,Male,Expired,Yes,Bridge,1,7,8,6,2,0,1,0,1,1,10,0,0,4.24,17.3633,78.42466,NH44_Nagpur_Hyderabad,Telangana
Chandigarh,Unknown,2023,September,Tuesday,8:59,Serious,5,Two-Wheeler,1,4,Rainy,Village Road,Damaged,Dark,,115,44,Male,Valid,Yes,Intersection,2,8,9,1,3,3,0,0,1,5,1,0,0,5.76,18.70469,78.26576,NH44_Nagpur_Hyderabad,Telangana
Haryana,Unknown,2018,May,Tuesday,1:43,Fatal,4,Bus,2,1,Rainy,Village Road,Under Construction,Dark,Signs,66,36,Female,,Yes,Bridge,3,1,5,1,3,3,2,0,1,4,2,0,0,3.94,24.28214,75.90992,NH27_East_West,Rajasthan / MP / UP
Karnataka,Bangalore,2019,October,Saturday,22:5,Minor,4,Cycle,0,5,Rainy,State Highway,Under Construction,Dusk,Signals,90,69,Male,Valid,No,Intersection,1,22,10,5,1,3,2,3,0,4,0,0,0,5.15,23.4886,79.39767,NH44_Agra_Nagpur,Madhya Pradesh
Jammu and Kashmir,Unknown,2020,March,Friday,20:15,Fatal,5,Two-Wheeler,7,3,Foggy,State Highway,Under Construction,Dark,,49,47,Female,,No,Bridge,3,20,3,4,1,1,2,0,0,5,7,0,0,6.67,19.10478,72.85008,NH66_West_Coast,Maharashtra / Kerala
Rajasthan,Jaipur,2019,April,Saturday,6:58,Serious,5,Pedestrian,9,0,Foggy,National Highway,Dry,Dark,Signals,101,18,Female,Valid,Yes,Bridge,2,6,4,5,0,1,1,0,1,5,9,0,0,4.55,19.85848,78.78199,NH44_Nagpur_Hyderabad,Telangana
West Bengal,Siliguri,2021,June,Saturday,11:9,Serious,2,Cycle,4,4,Foggy,State Highway,Dry,Dawn,Signs,89,31,Male,Expired,Yes,Straight Road,2,11,6,5,1,1,1,1,1,2,4,0,0,6.67,15.91091,80.2925,NH16_Kolkata_Chennai,Odisha / Andhra Pradesh
Punjab,Unknown,2021,April,Tuesday,17:24,Minor,4,Two-Wheeler,2,0,Rainy,State Highway,Damaged,Dawn,Signs,45,36,Male,,Yes,Intersection,1,17,4,1,1,3,0,1,1,4,2,0,0,1.82,28.25054,77.12458,NH44_Delhi_Agra,Uttar Pradesh
Maharashtra,Nagpur,2022,July,Monday,22:51,Serious,2,Truck,10,2,Clear,State Highway,Under Construction,Dawn,Police Checkpost,90,39,Female,Expired,Yes,Bridge,2,22,7,0,1,0,2,1,1,2,10,0,0,6.67,27.62136,77.55531,NH44_Delhi_Agra,Uttar Pradesh
Sikkim,Unknown,2022,June,Wednesday,21:7,Serious,5,Pedestrian,1,0,Rainy,National Highway,Dry,Dusk,Signals,61,64,Male,,No,Intersection,2,21,6,2,0,3,1,3,0,5,1,0,0,1.52,12.48058,74.76625,NH66_West_Coast,Maharashtra / Kerala
Jharkhand,Unknown,2023,March,Tuesday,2:32,Minor,4,Bus,6,4,Foggy,Urban Road,Wet,Dark,Signs,47,20,Male,Valid,No,Curve,1,2,3,1,2,1,3,0,0,4,6,0,0,6.06,32.01839,77.15093,NH22_Shimla_Manali,Himachal Pradesh
Puducherry,Unknown,2020,October,Monday,19:12,Fatal,1,Auto-Rickshaw,8,0,Foggy,Village Road,Under Construction,Dusk,Signals,116,52,Male,Expired,No,Bridge,3,19,10,0,3,1,2,3,0,1,8,0,0,4.24,27.49913,78.2089,NH19_Delhi_Kolkata,Uttar Pradesh / Bihar
Tamil Nadu,Coimbatore,2023,April,Monday,16:9,Minor,4,Truck,5,2,Stormy,Urban Road,Dry,Daylight,,47,27,Male,,No,Curve,1,16,4,0,2,4,1,2,0,4,5,0,0,3.94,24.1988,75.88138,NH27_East_West,Rajasthan / MP / UP
Madhya Pradesh,Unknown,2020,November,Monday,17:37,Minor,4,Pedestrian,9,4,Rainy,State Highway,Dry,Dark,,43,56,Female,,No,Intersection,1,17,11,0,1,3,1,0,0,4,9,0,0,6.97,23.03781,80.42339,NH7_Varanasi_Kanyakumari,MP / Karnataka / TN
Odisha,Unknown,2022,April,Thursday,14:30,Minor,2,Auto-Rickshaw,6,3,Rainy,Urban Road,Wet,Daylight,,65,37,Male,,No,Straight Road,1,14,4,3,2,3,3,2,0,2,6,0,0,5.15,26.77598,80.92049,NH27_East_West,Rajasthan / MP / UP
Kerala,Unknown,2020,August,Saturday,11:48,Minor,1,Cycle,7,1,Hazy,National Highway,Under Construction,Dawn,Signals,82,41,Male,Valid,No,Intersection,1,11,8,5,0,2,2,1,0,1,7,0,0,3.64,19.80856,78.82158,NH44_Nagpur_Hyderabad,Telangana
Chandigarh,Unknown,2018,July,Saturday,7:37,Fatal,1,Car,1,3,Hazy,Village Road,Dry,Daylight,Signs,47,59,Female,,No,Bridge,3,7,7,5,3,2,1,2,0,1,1,0,0,4.85,26.98509,78.08676,NH44_Delhi_Agra,Uttar Pradesh
Sikkim,Unknown,2023,June,Saturday,3:44,Fatal,3,Bus,7,1,Hazy,Urban Road,Dry,Dusk,Police Checkpost,95,18,Male,Valid,Yes,Curve,3,3,6,5,2,2,1,3,1,3,7,0,0,5.45,17.60989,78.55694,NH44_Nagpur_Hyderabad,Telangana
Uttar Pradesh,Kanpur,2021,November,Wednesday,17:17,Minor,3,Truck,7,3,Hazy,Village Road,Under Construction,Daylight,Signals,64,46,Female,Valid,No,Curve,1,17,11,2,3,2,2,2,0,3,7,0,0,5.45,27.81144,77.43876,NH44_Delhi_Agra,Uttar Pradesh
Sikkim,Unknown,2023,November,Saturday,2:58,Serious,3,Auto-Rickshaw,6,3,Rainy,Urban Road,Damaged,Dark,Signals,47,68,Male,Valid,Yes,Curve,2,2,11,5,2,3,0,0,1,3,6,0,0,6.36,32.2771,77.15624,NH22_Shimla_Manali,Himachal Pradesh
Uttarakhand,Unknown,2023,October,Sunday,8:21,Serious,4,Pedestrian,2,2,Stormy,Urban Road,Under Construction,Dawn,Signs,77,41,Male,,No,Curve,2,8,10,6,2,4,2,1,0,4,2,0,0,3.64,21.70548,69.54743,NH27_East_West,Rajasthan / MP / UP
Chhattisgarh,Unknown,2020,December,Monday,13:0,Minor,3,Pedestrian,1,4,Rainy,Urban Road,Wet,Dusk,Police Checkpost,35,55,Female,Valid,No,Intersection,1,13,12,0,2,3,3,3,0,3,1,0,0,4.55,16.98605,78.36936,NH44_Hyderabad_Bangalore,Karnataka
Karnataka,Bangalore,2019,November,Saturday,12:3,Fatal,2,Cycle,9,1,Foggy,Village Road,Damaged,Dark,Police Checkpost,54,29,Male,Valid,No,Bridge,3,12,11,5,3,1,0,0,0,2,9,0,0,5.45,30.69215,79.58589,NH58_Delhi_Badrinath,Uttarakhand
Telangana,Unknown,2020,March,Sunday,14:33,Fatal,2,Pedestrian,0,5,Stormy,Village Road,Wet,Daylight,Police Checkpost,64,62,Female,Valid,No,Curve,3,14,3,6,3,4,3,2,0,2,0,0,0,6.36,27.75591,77.49252,NH44_Delhi_Agra,Uttar Pradesh
Chhattisgarh,Unknown,2018,August,Thursday,23:21,Serious,4,Bus,9,2,Rainy,State Highway,Under Construction,Dark,Signs,56,39,Female,,Yes,Intersection,2,23,8,3,1,3,2,0,1,4,9,0,0,6.36,27.68625,77.5029,NH44_Delhi_Agra,Uttar Pradesh
Himachal Pradesh,Unknown,2021,June,Saturday,10:30,Minor,1,Pedestrian,3,1,Rainy,Urban Road,Damaged,Dusk,Police Checkpost,96,32,Male,,No,Bridge,1,10,6,5,2,3,0,3,0,1,3,0,0,2.42,11.2673,77.82546,NH7_Varanasi_Kanyakumari,MP / Karnataka / TN
Odisha,Unknown,2020,August,Wednesday,1:10,Minor,2,Pedestrian,7,1,Foggy,Village Road,Dry,Daylight,Signals,38,53,Male,Expired,No,Bridge,1,1,8,2,3,1,1,2,0,2,7,0,0,3.64,25.72085,82.23565,NH19_Delhi_Kolkata,Uttar Pradesh / Bihar
Arunachal Pradesh,Unknown,2018,November,Saturday,13:10,Fatal,5,Car,0,4,Stormy,National Highway,Under Construction,Dusk,,120,47,Female,,No,Straight Road,3,13,11,5,0,4,2,3,0,5,0,0,0,5.45,18.23435,80.80801,NH30_Patna_Visakhapatnam,Chhattisgarh
Delhi,New Delhi,2022,December,Friday,0:0,Minor,3,Bus,2,1,Stormy,Village Road,Under Construction,Daylight,,34,55,Male,Valid,Yes,Bridge,1,0,12,4,3,4,2,2,1,3,2,0,0,2.73,21.41389,82.42579,NH30_Patna_Visakhapatnam,Chhattisgarh
Jammu and Kashmir,Unknown,2022,February,Friday,17:21,Minor,1,Car,2,1,Hazy,State Highway,Under Construction,Dawn,Police Checkpost,53,22,Female,Valid,No,Intersection,1,17,2,4,1,2,2,1,0,1,2,0,0,2.12,15.91164,77.11536,NH44_Hyderabad_Bangalore,Karnataka
Kerala,Unknown,2023,October,Tuesday,0:15,Fatal,4,Auto-Rickshaw,0,5,Clear,Urban Road,Dry,Daylight,Police Checkpost,37,33,Male,,No,Bridge,3,0,10,1,2,0,1,2,0,4,0,0,0,6.36,23.40946,88.84944,NH52_Barasat_Guwahati,West Bengal / Assam
Himachal Pradesh,Unknown,2021,December,Tuesday,16:22,Serious,5,Cycle,3,3,Foggy,Urban Road,Damaged,Daylight,Signals,42,26,Female,,Yes,Intersection,2,16,12,1,2,1,0,2,1,5,3,0,0,5.45,25.81066,82.22157,NH19_Delhi_Kolkata,Uttar Pradesh / Bihar
Tamil Nadu,Chennai,2022,June,Sunday,16:48,Fatal,4,Cycle,3,5,Hazy,State Highway,Dry,Daylight,Signals,53,28,Male,,Yes,Curve,3,16,6,6,1,2,1,2,1,4,3,0,0,7.88,19.28221,84.83004,NH16_Kolkata_Chennai,Odisha / Andhra Pradesh
Arunachal Pradesh,Unknown,2020,November,Sunday,3:28,Serious,3,Truck,0,5,Hazy,Urban Road,Damaged,Dusk,Signs,35,58,Female,Valid,Yes,Bridge,2,3,11,6,2,2,0,3,1,3,0,0,0,6.36,21.08057,79.05736,NH44_Nagpur_Hyderabad,Telangana
Maharashtra,Nagpur,2022,December,Sunday,22:36,Serious,5,Two-Wheeler,1,3,Foggy,State Highway,Wet,Dawn,,68,33,Male,Expired,No,Intersection,2,22,12,6,1,1,3,1,0,5,1,0,0,4.24,9.94175,77.48886,NH7_Varanasi_Kanyakumari,MP / Karnataka / TN
Goa,Unknown,2021,May,Wednesday,21:33,Minor,5,Auto-Rickshaw,10,5,Clear,Urban Road,Wet,Dawn,Police Checkpost,110,54,Male,Expired,No,Straight Road,1,21,5,2,2,0,3,1,0,5,10,0,0,8.18,17.67791,83.35469,NH16_Kolkata_Chennai,Odisha / Andhra Pradesh
Delhi,New Delhi,2018,February,Wednesday,16:37,Fatal,4,Truck,10,5,Stormy,National Highway,Damaged,Daylight,Signs,113,49,Female,Valid,No,Curve,3,16,2,2,0,4,0,2,0,4,10,0,0,9.39,23.03308,79.45714,NH44_Agra_Nagpur,Madhya Pradesh
Telangana,Unknown,2020,October,Thursday,23:44,Minor,5,Cycle,3,3,Foggy,National Highway,Dry,Dusk,Signals,43,28,Male,Expired,Yes,Bridge,1,23,10,3,0,1,1,3,1,5,3,0,0,4.85,13.91352,75.585,NH48_Mumbai_Bangalore,Maharashtra / Karnataka
Uttar Pradesh,Varanasi,2022,January,Saturday,19:18,Minor,5,Bus,5,0,Rainy,National Highway,Dry,Dawn,,43,64,Male,,No,Straight Road,1,19,1,5,0,3,1,1,0,5,5,0,0,2.12,19.13733,72.93547,NH48_Mumbai_Bangalore,Maharashtra / Karnataka
Punjab,Unknown,2019,July,Wednesday,1:22,Minor,4,Two-Wheeler,0,3,Hazy,State Highway,Dry,Dusk,Signals,102,61,Female,,No,Curve,1,1,7,2,1,2,1,3,0,4,0,0,0,3.33,17.42816,78.42667,NH9_Pune_Hyderabad,Maharashtra / Telangana
Gujarat,Vadodara,2022,April,Tuesday,13:33,Serious,1,Two-Wheeler,9,0,Hazy,State Highway,Under Construction,Daylight,Police Checkpost,89,37,Female,Expired,Yes,Curve,2,13,4,1,1,2,2,2,1,1,9,0,0,4.55,12.14199,78.43583,NH44_Bangalore_Chennai,Tamil Nadu
Nagaland,Unknown,2020,January,Tuesday,1:48,Fatal,4,Truck,0,2,Hazy,National Highway,Dry,Daylight,,101,50,Male,Expired,Yes,Curve,3,1,1,1,0,2,1,2,1,4,0,0,0,4.24,26.23943,78.46327,NH44_Agra_Nagpur,Madhya Pradesh
Uttarakhand,Unknown,2020,February,Tuesday,7:59,Fatal,2,Two-Wheeler,8,1,Stormy,Village Road,Under Construction,Daylight,,45,62,Male,Valid,Yes,Bridge,3,7,2,1,3,4,2,2,1,2,8,0,0,5.76,21.10254,79.05225,NH44_Nagpur_Hyderabad,Telangana
Chandigarh,Unknown,2018,March,Friday,18:47,Serious,1,Car,5,1,Rainy,Village Road,Under Construction,Dusk,Police Checkpost,82,49,Male,Valid,No,Intersection,2,18,3,4,3,3,2,3,0,1,5,0,0,3.64,12.88811,79.87965,NH44_Bangalore_Chennai,Tamil Nadu
Meghalaya,Unknown,2019,August,Saturday,9:8,Fatal,3,Two-Wheeler,6,1,Rainy,State Highway,Under Construction,Dusk,,104,22,Female,,Yes,Straight Road,3,9,8,5,1,3,2,3,1,3,6,0,0,5.15,8.83304,77.45198,NH66_West_Coast,Maharashtra / Kerala
Karnataka,Mysore,2022,November,Friday,7:45,Serious,4,Bus,5,5,Stormy,Village Road,Dry,Dark,Police Checkpost,41,45,Female,,Yes,Straight Road,2,7,11,4,3,4,1,0,1,4,5,0,0,7.88,26.84742,80.92184,NH19_Delhi_Kolkata,Uttar Pradesh / Bihar
Meghalaya,Unknown,2023,December,Tuesday,23:34,Serious,2,Pedestrian,8,5,Stormy,Village Road,Wet,Dark,Signs,109,21,Female,Valid,Yes,Bridge,2,23,12,1,3,4,3,0,1,2,8,0,0,8.79,19.16755,78.56961,NH44_Nagpur_Hyderabad,Telangana
Haryana,Unknown,2019,February,Tuesday,12:41,Serious,2,Truck,6,5,Clear,Village Road,Under Construction,Dawn,Signs,49,51,Female,Valid,Yes,Bridge,2,12,2,1,3,0,2,1,1,2,6,0,0,8.18,13.09837,80.23371,NH44_Bangalore_Chennai,Tamil Nadu
Gujarat,Surat,2023,March,Friday,22:9,Serious,5,Truck,2,4,Rainy,National Highway,Wet,Dusk,Signals,31,18,Female,,Yes,Straight Road,2,22,3,4,0,3,3,3,1,5,2,0,0,6.06,22.35137,72.19299,NH48_Delhi_Mumbai,Rajasthan / Gujarat
Sikkim,Unknown,2022,March,Tuesday,5:20,Serious,2,Truck,8,4,Hazy,National Highway,Dry,Dusk,Signs,31,49,Male,,No,Intersection,2,5,3,1,0,2,1,3,0,2,8,0,0,7.27,25.84652,79.38685,NH27_East_West,Rajasthan / MP / UP
Jharkhand,Unknown,2019,June,Friday,1:33,Serious,4,Cycle,10,0,Foggy,National Highway,Under Construction,Dark,Signals,40,63,Male,,No,Straight Road,2,1,6,4,0,1,2,0,0,4,10,0,0,4.24,24.84908,83.93565,NH19_Delhi_Kolkata,Uttar Pradesh / Bihar
Goa,Unknown,2021,September,Friday,6:3,Minor,4,Truck,1,0,Clear,Urban Road,Damaged,Daylight,Police Checkpost,39,33,Male,Expired,No,Intersection,1,6,9,4,2,0,0,2,0,4,1,0,0,0.91,22.34206,79.08663,NH44_Agra_Nagpur,Madhya Pradesh
Telangana,Unknown,2022,September,Thursday,8:56,Serious,4,Auto-Rickshaw,4,3,Stormy,Village Road,Under Construction,Dusk,Signals,31,50,Male,Valid,Yes,Bridge,2,8,9,3,3,4,2,3,1,4,4,0,0,5.76,22.57956,88.36884,NH19_Delhi_Kolkata,Uttar Pradesh / Bihar
Telangana,Unknown,2022,March,Wednesday,8:6,Minor,5,Auto-Rickshaw,4,5,Stormy,State Highway,Under Construction,Dusk,Police Checkpost,113,46,Female,,No,Bridge,1,8,3,2,1,4,2,3,0,5,4,0,0,6.36,24.64431,78.9629,NH44_Agra_Nagpur,Madhya Pradesh
Haryana,Unknown,2019,March,Sunday,9:39,Minor,3,Pedestrian,3,0,Stormy,Village Road,Dry,Dawn,Signs,90,48,Female,Valid,No,Curve,1,9,3,6,3,4,1,1,0,3,3,0,0,1.52,20.06909,73.38654,NH48_Delhi_Mumbai,Rajasthan / Gujarat
Puducherry,Unknown,2021,February,Sunday,1:47,Fatal,3,Pedestrian,10,3,Stormy,National Highway,Dry,Dusk,Police Checkpost,67,55,Female,,No,Intersection,3,1,2,6,0,4,1,3,0,3,10,0,0,7.58,24.88964,83.92933,NH19_Delhi_Kolkata,Uttar Pradesh / Bihar
Goa,Unknown,2018,January,Saturday,12:7,Fatal,2,Pedestrian,7,5,Hazy,Village Road,Under Construction,Dark,,117,39,Male,,Yes,Straight Road,3,12,1,5,3,2,2,0,1,2,7,0,0,9.09,27.17989,77.90532,NH44_Delhi_Agra,Uttar Pradesh
Gujarat,Vadodara,2021,June,Friday,2:27,Minor,5,Bus,2,3,Clear,National Highway,Dry,Dusk,,118,35,Female,Expired,No,Bridge,1,2,6,4,0,0,1,3,0,5,2,0,0,3.94,31.51469,77.22333,NH22_Shimla_Manali,Himachal Pradesh
Haryana,Unknown,2022,January,Sunday,11:42,Minor,5,Two-Wheeler,9,2,Hazy,Urban Road,Damaged,Daylight,Signs,92,67,Female,,No,Straight Road,1,11,1,6,2,2,0,2,0,5,9,0,0,5.15,12.82628,77.67647,NH44_Bangalore_Chennai,Tamil Nadu
Puducherry,Unknown,2020,May,Saturday,21:52,Fatal,1,Car,1,0,Clear,State Highway,Damaged,Dark,Signs,95,31,Male,Valid,Yes,Straight Road,3,21,5,5,1,0,0,0,1,1,1,0,0,2.73,24.1305,73.42789,NH48_Delhi_Mumbai,Rajasthan / Gujarat
Jharkhand,Unknown,2021,September,Wednesday,20:39,Serious,1,Car,3,0,Stormy,Village Road,Under Construction,Dawn,Police Checkpost,95,19,Female,Valid,No,Intersection,2,20,9,2,3,4,2,1,0,1,3,0,0,2.12,24.85386,83.86672,NH19_Delhi_Kolkata,Uttar Pradesh / Bihar
Goa,Unknown,2019,April,Friday,14:14,Serious,1,Car,6,5,Clear,National Highway,Damaged,Dark,Police Checkpost,78,36,Male,Valid,No,Straight Road,2,14,4,4,0,0,0,0,0,1,6,0,0,7.58,31.94401,77.49678,NH22_Shimla_Manali,Himachal Pradesh
Bihar,Unknown,2018,October,Sunday,15:54,Minor,3,Auto-Rickshaw,1,2,Hazy,National Highway,Under Construction,Dusk,Signals,65,40,Male,Expired,No,Intersection,1,15,10,6,0,2,2,3,0,3,1,0,0,2.73,25.90983,90.27671,NH52_Barasat_Guwahati,West Bengal / Assam
Jammu and Kashmir,Unknown,2023,February,Monday,0:6,Serious,5,Auto-Rickshaw,2,1,Rainy,Village Road,Wet,Dawn,Police Checkpost,52,50,Male,Expired,Yes,Bridge,2,0,2,0,3,3,3,1,1,5,2,0,0,3.33,30.22643,79.0558,NH58_Delhi_Badrinath,Uttarakhand
Jammu and Kashmir,Unknown,2023,February,Friday,14:10,Serious,2,Car,4,1,Rainy,National Highway,Dry,Dark,Signs,61,29,Male,Valid,Yes,Bridge,2,14,2,4,0,3,1,0,1,2,4,0,0,3.94,27.00505,78.15785,NH44_Delhi_Agra,Uttar Pradesh
Madhya Pradesh,Unknown,2023,October,Friday,7:18,Fatal,2,Truck,3,0,Clear,National Highway,Wet,Dark,Signals,85,23,Female,Valid,No,Straight Road,3,7,10,4,0,0,3,0,0,2,3,0,0,2.73,20.65124,73.14564,NH48_Delhi_Mumbai,Rajasthan / Gujarat
Arunachal Pradesh,Unknown,2019,March,Saturday,5:38,Fatal,5,Bus,9,2,Hazy,State Highway,Damaged,Daylight,Signs,119,44,Male,Valid,Yes,Intersection,3,5,3,5,1,2,0,2,1,5,9,0,0,6.97,20.52557,78.95787,NH44_Nagpur_Hyderabad,Telangana
Uttar Pradesh,Kanpur,2020,September,Wednesday,10:4,Fatal,2,Truck,0,3,Hazy,State Highway,Under Construction,Dusk,Police Checkpost,31,59,Female,,Yes,Straight Road,3,10,9,2,1,2,2,3,1,2,0,0,0,5.15,11.21727,75.82086,NH66_West_Coast,Maharashtra / Kerala
Meghalaya,Unknown,2023,June,Thursday,8:14,Fatal,3,Pedestrian,0,2,Stormy,Village Road,Damaged,Dusk,Police Checkpost,115,58,Female,Expired,No,Bridge,3,8,6,3,3,4,0,3,0,3,0,0,0,3.64,27.298,82.44579,NH27_East_West,Rajasthan / MP / UP
Rajasthan,Udaipur,2021,May,Sunday,0:11,Serious,5,Car,8,4,Rainy,Urban Road,Wet,Dark,Signals,105,48,Female,,Yes,Intersection,2,0,5,6,2,3,3,0,1,5,8,0,0,7.88,23.05169,86.99199,NH19_Delhi_Kolkata,Uttar Pradesh / Bihar
Delhi,Rohini,2023,March,Tuesday,9:2,Minor,2,Truck,7,5,Foggy,Urban Road,Wet,Daylight,Police Checkpost,40,32,Female,Expired,Yes,Intersection,1,9,3,1,2,1,3,2,1,2,7,0,0,7.88,18.54434,73.85554,NH48_Mumbai_Bangalore,Maharashtra / Karnataka
Mizoram,Unknown,2022,February,Wednesday,14:0,Serious,5,Truck,8,2,Clear,Village Road,Dry,Daylight,Police Checkpost,35,35,Male,Valid,Yes,Curve,2,14,2,2,3,0,1,2,1,5,8,0,0,6.06,25.1695,74.60982,NH48_Delhi_Mumbai,Rajasthan / Gujarat
Nagaland,Unknown,2021,February,Tuesday,16:7,Minor,2,Truck,6,0,Foggy,Village Road,Dry,Dawn,Signals,88,70,Female,Expired,Yes,Intersection,1,16,2,1,3,1,1,1,1,2,6,0,0,3.03,17.63828,78.51637,NH44_Nagpur_Hyderabad,Telangana
Kerala,Unknown,2022,August,Wednesday,22:12,Minor,4,Truck,4,0,Hazy,Village Road,Under Construction,Dusk,Police Checkpost,62,21,Male,Valid,Yes,Intersection,1,22,8,2,3,2,2,3,1,4,4,0,0,2.42,10.80304,76.26638,NH66_West_Coast,Maharashtra / Kerala
Himachal Pradesh,Unknown,2020,July,Monday,19:19,Serious,5,Cycle,5,5,Stormy,Village Road,Dry,Dark,Police Checkpost,61,69,Male,Valid,Yes,Curve,2,19,7,0,3,4,1,0,1,5,5,0,0,7.88,23.44456,83.84932,NH30_Patna_Visakhapatnam,Chhattisgarh
Uttarakhand,Unknown,2018,August,Friday,19:58,Minor,1,Bus,10,2,Stormy,State Highway,Dry,Dusk,Police Checkpost,120,29,Female,Valid,Yes,Bridge,1,19,8,4,1,4,1,3,1,1,10,0,0,6.06,21.14462,79.04398,NH7_Varanasi_Kanyakumari,MP / Karnataka / TN
Uttar Pradesh,Kanpur,2023,October,Friday,6:13,Serious,1,Two-Wheeler,4,1,Foggy,State Highway,Damaged,Dawn,Police Checkpost,120,20,Male,Valid,Yes,Intersection,2,6,10,4,1,1,0,1,1,1,4,0,0,3.94,27.8672,77.46962,NH44_Delhi_Agra,Uttar Pradesh
Mizoram,Unknown,2020,April,Saturday,3:34,Fatal,2,Bus,9,5,Stormy,Village Road,Dry,Dusk,Signals,120,44,Female,,Yes,Straight Road,3,3,4,5,3,4,1,3,1,2,9,0,0,9.7,25.88377,74.99875,NH48_Delhi_Mumbai,Rajasthan / Gujarat
Arunachal Pradesh,Unknown,2021,May,Tuesday,5:25,Fatal,3,Two-Wheeler,7,5,Hazy,Urban Road,Dry,Daylight,,33,63,Male,Expired,No,Bridge,3,5,5,1,2,2,1,2,0,3,7,0,0,8.48,18.59634,78.35975,NH44_Nagpur_Hyderabad,Telangana
Nagaland,Unknown,2020,July,Tuesday,23:36,Fatal,4,Bus,6,1,Clear,State Highway,Under Construction,Dawn,Signals,106,64,Female,Valid,Yes,Curve,3,23,7,1,1,0,2,1,1,4,6,0,0,5.15,29.20238,78.03287,NH58_Delhi_Badrinath,Uttarakhand
Bihar,Unknown,2019,December,Saturday,6:39,Fatal,4,Bus,8,0,Hazy,Urban Road,Wet,Dusk,Signs,74,33,Male,Expired,Yes,Straight Road,3,6,12,5,2,2,3,3,1,4,8,0,0,4.85,16.60067,73.71468,NH66_West_Coast,Maharashtra / Kerala
Delhi,Dwarka,2020,April,Wednesday,23:54,Minor,3,Auto-Rickshaw,9,0,Foggy,Urban Road,Under Construction,Dawn,,79,19,Male,Valid,Yes,Intersection,1,23,4,2,2,1,2,1,1,3,9,0,0,3.94,12.91181,77.56509,NH44_Hyderabad_Bangalore,Karnataka
Punjab,Unknown,2022,May,Thursday,22:25,Serious,1,Pedestrian,7,5,Foggy,National Highway,Dry,Dusk,Signals,69,19,Male,,No,Curve,2,22,5,3,0,1,1,3,0,1,7,0,0,7.88,25.849,79.48942,NH27_East_West,Rajasthan / MP / UP
Chandigarh,Unknown,2022,May,Sunday,7:15,Minor,2,Pedestrian,1,3,Stormy,State Highway,Dry,Dark,Signs,73,28,Female,Valid,Yes,Bridge,1,7,5,6,1,4,1,0,1,2,1,0,0,4.24,12.59769,79.51622,NH44_Bangalore_Chennai,Tamil Nadu
West Bengal,Kolkata,2019,November,Friday,2:15,Serious,1,Two-Wheeler,7,2,Rainy,National Highway,Damaged,Dawn,Police Checkpost,71,38,Male,Expired,Yes,Curve,2,2,11,4,0,3,0,1,1,1,7,0,0,5.76,25.46051,89.92103,NH27_East_West,Rajasthan / MP / UP
Jharkhand,Unknown,2020,July,Sunday,17:40,Fatal,5,Car,0,2,Foggy,Urban Road,Dry,Daylight,,38,26,Female,,Yes,Intersection,3,17,7,6,2,1,1,2,1,5,0,0,0,4.24,27.96639,77.31855,NH44_Delhi_Agra,Uttar Pradesh
Tripura,Unknown,2019,January,Sunday,18:48,Fatal,4,Cycle,2,5,Stormy,National Highway,Wet,Dark,Signs,97,49,Male,Valid,No,Bridge,3,18,1,6,0,4,3,0,0,4,2,0,0,6.97,22.97544,72.61004,NH27_East_West,Rajasthan / MP / UP
Tamil Nadu,Coimbatore,2018,October,Saturday,19:23,Serious,1,Bus,2,1,Foggy,State Highway,Dry,Dawn,Signs,59,18,Female,Expired,No,Straight Road,2,19,10,5,1,1,1,1,0,1,2,0,0,2.73,15.94177,80.26587,NH16_Kolkata_Chennai,Odisha / Andhra Pradesh
Goa,Unknown,2018,June,Friday,0:37,Minor,2,Car,10,5,Clear,Village Road,Wet,Dark,Signals,86,23,Male,,Yes,Straight Road,1,0,6,4,3,0,3,0,1,2,10,0,0,8.79,18.55196,73.80973,NH9_Pune_Hyderabad,Maharashtra / Telangana
Chandigarh,Unknown,2019,December,Wednesday,12:58,Minor,5,Cycle,6,4,Rainy,Urban Road,Under Construction,Daylight,,103,43,Male,,Yes,Bridge,1,12,12,2,2,3,2,2,1,5,6,0,0,6.67,13.09735,80.26857,NH44_Bangalore_Chennai,Tamil Nadu
Haryana,Unknown,2020,March,Wednesday,17:12,Serious,2,Pedestrian,8,5,Rainy,Urban Road,Under Construction,Dawn,Police Checkpost,113,34,Female,Expired,No,Intersection,2,17,3,2,2,3,2,1,0,2,8,0,0,8.18,26.71409,84.26592,NH27_East_West,Rajasthan / MP / UP
Nagaland,Unknown,2021,August,Thursday,13:19,Minor,4,Cycle,7,0,Stormy,Village Road,Dry,Daylight,Signals,103,40,Female,Valid,No,Straight Road,1,13,8,3,3,4,1,2,0,4,7,0,0,2.73,20.69242,81.85998,NH30_Patna_Visakhapatnam,Chhattisgarh
Odisha,Unknown,2021,January,Tuesday,5:52,Fatal,1,Pedestrian,1,0,Rainy,State Highway,Damaged,Dark,Signs,41,61,Male,Valid,No,Curve,3,5,1,1,1,3,0,0,0,1,1,0,0,2.12,24.22528,92.95575,NH27_East_West,Rajasthan / MP / UP
Gujarat,Ahmedabad,2019,July,Wednesday,7:25,Minor,3,Bus,10,0,Rainy,National Highway,Wet,Daylight,Police Checkpost,35,68,Male,Expired,No,Intersection,1,7,7,2,0,3,3,2,0,3,10,0,0,3.64,22.24776,70.28908,NH27_East_West,Rajasthan / MP / UP
Haryana,Unknown,2020,August,Wednesday,3:59,Fatal,3,Car,3,5,Foggy,State Highway,Under Construction,Dawn,Signs,38,67,Male,Expired,Yes,Bridge,3,3,8,2,1,1,2,1,1,3,3,0,0,7.88,24.5619,73.7202,NH48_Delhi_Mumbai,Rajasthan / Gujarat
Meghalaya,Unknown,2021,April,Monday,15:39,Serious,5,Cycle,3,0,Hazy,Village Road,Dry,Dawn,,42,38,Male,Expired,Yes,Straight Road,2,15,4,0,3,2,1,1,1,5,3,0,0,2.73,32.89309,75.19288,NH44_North,Jammu & Kashmir
Jammu and Kashmir,Unknown,2019,October,Wednesday,13:54,Serious,5,Truck,7,2,Clear,Urban Road,Wet,Dawn,Signals,103,43,Female,Expired,Yes,Bridge,2,13,10,2,2,0,3,1,1,5,7,0,0,5.76,34.10029,74.73583,NH44_North,Jammu & Kashmir
West Bengal,Kolkata,2018,January,Friday,11:11,Serious,5,Pedestrian,2,3,Clear,National Highway,Dry,Dawn,Signals,31,46,Male,Valid,Yes,Straight Road,2,11,1,4,0,0,1,1,1,5,2,0,0,5.15,12.94214,79.87852,NH44_Bangalore_Chennai,Tamil Nadu
Tripura,Unknown,2018,April,Monday,19:54,Serious,4,Two-Wheeler,2,3,Clear,Urban Road,Under Construction,Dawn,Signs,110,50,Female,Expired,No,Bridge,2,19,4,0,2,0,2,1,0,4,2,0,0,4.55,15.45369,74.97708,NH48_Mumbai_Bangalore,Maharashtra / Karnataka
Goa,Unknown,2018,May,Friday,17:21,Minor,3,Truck,4,2,Stormy,Village Road,Wet,Dusk,Police Checkpost,41,47,Female,Expired,Yes,Intersection,1,17,5,4,3,4,3,3,1,3,4,0,0,4.24,28.50795,77.25639,NH44_Delhi_Agra,Uttar Pradesh
Arunachal Pradesh,Unknown,2021,July,Sunday,15:59,Minor,3,Auto-Rickshaw,5,3,Hazy,National Highway,Damaged,Dawn,,51,37,Male,,No,Straight Road,1,15,7,6,0,2,0,1,0,3,5,0,0,4.85,28.31369,77.20562,NH44_Delhi_Agra,Uttar Pradesh
West Bengal,Siliguri,2023,November,Thursday,18:19,Serious,5,Car,7,4,Hazy,National Highway,Damaged,Dawn,,70,49,Male,Expired,Yes,Curve,2,18,11,3,0,2,0,1,1,5,7,0,0,7.58,28.30828,77.20887,NH44_Delhi_Agra,Uttar Pradesh
Gujarat,Vadodara,2020,October,Thursday,7:21,Serious,1,Bus,2,3,Hazy,State Highway,Dry,Dusk,,42,60,Male,,No,Intersection,2,7,10,3,1,2,1,3,0,1,2,0,0,4.55,25.28078,74.48952,NH48_Delhi_Mumbai,Rajasthan / Gujarat
Bihar,Unknown,2021,February,Friday,15:4,Serious,2,Car,8,0,Stormy,National Highway,Damaged,Dusk,Signs,32,60,Male,Expired,Yes,Intersection,2,15,2,4,0,4,0,3,1,2,8,0,0,4.24,27.07413,78.08812,NH44_Delhi_Agra,Uttar Pradesh
Himachal Pradesh,Unknown,2020,December,Wednesday,22:13,Minor,2,Car,0,2,Stormy,State Highway,Wet,Dawn,Signs,105,40,Male,Valid,No,Curve,1,22,12,2,1,4,3,1,0,2,0,0,0,2.42,27.61559,77.55487,NH44_Delhi_Agra,Uttar Pradesh
Haryana,Unknown,2018,May,Sunday,3:36,Serious,2,Car,8,0,Hazy,National Highway,Dry,Dusk,Signs,35,42,Male,,No,Bridge,2,3,5,6,0,2,1,3,0,2,8,0,0,3.64,25.89753,90.21303,NH52_Barasat_Guwahati,West Bengal / Assam
Manipur,Unknown,2022,September,Friday,23:52,Serious,4,Auto-Rickshaw,8,3,Hazy,Village Road,Wet,Dawn,,64,54,Female,Expired,Yes,Bridge,2,23,9,4,3,2,3,1,1,4,8,0,0,6.97,12.93839,77.57659,NH48_Mumbai_Bangalore,Maharashtra / Karnataka
Tamil Nadu,Chennai,2021,December,Sunday,2:43,Fatal,4,Auto-Rickshaw,5,4,Stormy,Urban Road,Wet,Dusk,,31,56,Male,Valid,No,Bridge,3,2,12,6,2,4,3,3,0,4,5,0,0,6.97,24.94181,82.50711,NH7_Varanasi_Kanyakumari,MP / Karnataka / TN
Chandigarh,Unknown,2018,December,Sunday,23:1,Serious,1,Cycle,4,2,Stormy,National Highway,Under Construction,Daylight,,78,52,Male,Valid,Yes,Intersection,2,23,12,6,0,4,2,2,1,1,4,0,0,4.85,22.73493,88.56131,NH52_Barasat_Guwahati,West Bengal / Assam
Chhattisgarh,Unknown,2022,January,Saturday,5:4,Serious,2,Car,5,4,Clear,National Highway,Damaged,Daylight,Signs,105,32,Female,,No,Curve,2,5,1,5,0,0,0,2,0,2,5,0,0,6.36,27.4142,78.20113,NH19_Delhi_Kolkata,Uttar Pradesh / Bihar
Goa,Unknown,2020,June,Saturday,6:17,Minor,2,Pedestrian,8,4,Rainy,National Highway,Damaged,Dawn,Police Checkpost,100,30,Female,,Yes,Straight Road,1,6,6,5,0,3,0,1,1,2,8,0,0,7.27,22.30068,79.06886,NH44_Agra_Nagpur,Madhya Pradesh
Himachal Pradesh,Unknown,2022,October,Saturday,4:10,Fatal,4,Truck,6,1,Foggy,Urban Road,Under Construction,Daylight,Signals,70,33,Female,Expired,No,Intersection,3,4,10,5,2,1,2,2,0,4,6,0,0,4.55,23.88704,79.06194,NH44_Agra_Nagpur,Madhya Pradesh
Tamil Nadu,Coimbatore,2020,April,Sunday,10:19,Fatal,2,Auto-Rickshaw,1,5,Rainy,Village Road,Dry,Dawn,Signals,73,51,Male,Expired,No,Bridge,3,10,4,6,3,3,1,1,0,2,1,0,0,6.67,12.39429,78.13129,NH44_Bangalore_Chennai,Tamil Nadu
Arunachal Pradesh,Unknown,2022,February,Saturday,6:8,Serious,2,Car,5,4,Foggy,Village Road,Wet,Dark,Police Checkpost,47,37,Male,Expired,Yes,Curve,2,6,2,5,3,1,3,0,1,2,5,0,0,6.97,26.17987,86.49008,NH27_East_West,Rajasthan / MP / UP
Delhi,Dwarka,2019,August,Tuesday,22:40,Serious,5,Auto-Rickshaw,10,2,Clear,Village Road,Wet,Dusk,Signals,97,60,Male,Expired,Yes,Curve,2,22,8,1,3,0,3,3,1,5,10,0,0,6.67,23.47045,73.17516,NH27_East_West,Rajasthan / MP / UP
Odisha,Unknown,2021,May,Wednesday,10:2,Minor,5,Auto-Rickshaw,10,4,Stormy,Urban Road,Wet,Dawn,Signals,57,24,Male,Expired,No,Bridge,1,10,5,2,2,4,3,1,0,5,10,0,0,7.27,14.92513,79.96542,NH16_Kolkata_Chennai,Odisha / Andhra Pradesh
Karnataka,Mysore,2021,May,Friday,10:18,Minor,5,Cycle,5,3,Clear,Urban Road,Dry,Dark,Police Checkpost,53,47,Female,Expired,Yes,Intersection,1,10,5,4,2,0,1,0,1,5,5,0,0,5.45,32.2669,74.99818,NH44_North,Jammu & Kashmir
Mizoram,Unknown,2018,August,Wednesday,13:30,Fatal,2,Car,0,5,Foggy,Urban Road,Under Construction,Dark,Signs,114,53,Male,,Yes,Bridge,3,13,8,2,2,1,2,0,1,2,0,0,0,6.97,13.90669,75.53502,NH48_Mumbai_Bangalore,Maharashtra / Karnataka
Nagaland,Unknown,2019,October,Wednesday,17:33,Fatal,1,Truck,3,5,Hazy,State Highway,Damaged,Dawn,Police Checkpost,34,51,Male,Expired,Yes,Bridge,3,17,10,2,1,2,0,1,1,1,3,0,0,7.88,12.93324,79.91246,NH44_Bangalore_Chennai,Tamil Nadu
Telangana,Unknown,2023,January,Tuesday,16:13,Serious,1,Car,10,3,Foggy,State Highway,Wet,Dark,,102,33,Male,Expired,No,Straight Road,2,16,1,1,1,1,3,0,0,1,10,0,0,6.97,19.9119,85.45238,NH16_Kolkata_Chennai,Odisha / Andhra Pradesh
Puducherry,Unknown,2021,June,Thursday,3:26,Fatal,4,Bus,3,4,Foggy,Urban Road,Under Construction,Dark,,103,39,Male,Expired,Yes,Bridge,3,3,6,3,2,1,2,0,1,4,3,0,0,6.97,20.62919,79.05637,NH44_Nagpur_Hyderabad,Telangana
Haryana,Unknown,2021,November,Wednesday,14:28,Minor,4,Auto-Rickshaw,2,2,Rainy,National Highway,Under Construction,Daylight,,37,49,Female,,No,Curve,1,14,11,2,0,3,2,2,0,4,2,0,0,3.03,22.52271,88.43185,NH19_Delhi_Kolkata,Uttar Pradesh / Bihar
Puducherry,Unknown,2020,April,Friday,21:30,Serious,5,Cycle,7,5,Hazy,Village Road,Wet,Dusk,Signals,54,37,Female,Expired,No,Intersection,2,21,4,4,3,2,3,3,0,5,7,0,0,7.88,17.71729,78.54486,NH44_Nagpur_Hyderabad,Telangana
Mizoram,Unknown,2023,May,Thursday,14:43,Serious,3,Car,8,5,Stormy,National Highway,Dry,Dusk,Signs,100,69,Female,,Yes,Intersection,2,14,5,3,0,4,1,3,1,3,8,0,0,8.79,17.39416,78.41994,NH7_Varanasi_Kanyakumari,MP / Karnataka / TN
Kerala,Unknown,2022,March,Thursday,4:25,Fatal,2,Auto-Rickshaw,9,2,Stormy,State Highway,Dry,Dusk,Signals,96,29,Male,Valid,Yes,Curve,3,4,3,3,1,4,1,3,1,2,9,0,0,6.97,33.09425,75.50224,NH44_North,Jammu & Kashmir
Puducherry,Unknown,2019,January,Thursday,5:48,Minor,5,Truck,9,1,Foggy,Urban Road,Dry,Dawn,Signals,103,37,Female,Expired,Yes,Bridge,1,5,1,3,2,1,1,1,1,5,9,0,0,4.85,26.29185,81.44032,NH19_Delhi_Kolkata,Uttar Pradesh / Bihar
Assam,Unknown,2019,January,Friday,9:37,Serious,1,Two-Wheeler,3,5,Rainy,Village Road,Damaged,Daylight,Police Checkpost,118,38,Female,,No,Straight Road,2,9,1,4,3,3,0,2,0,1,3,0,0,6.67,30.05378,78.83217,NH58_Delhi_Badrinath,Uttarakhand
Meghalaya,Unknown,2023,May,Friday,0:21,Fatal,3,Two-Wheeler,4,0,Hazy,State Highway,Damaged,Dark,Signals,37,36,Male,Expired,Yes,Bridge,3,0,5,4,1,2,0,0,1,3,4,0,0,3.64,22.59673,88.34488,NH19_Delhi_Kolkata,Uttar Pradesh / Bihar
Himachal Pradesh,Unknown,2022,March,Thursday,16:11,Fatal,4,Bus,1,3,Hazy,Village Road,Damaged,Daylight,Police Checkpost,45,40,Male,Valid,Yes,Straight Road,3,16,3,3,3,2,0,2,1,4,1,0,0,5.45,23.00499,80.41612,NH7_Varanasi_Kanyakumari,MP / Karnataka / TN
Rajasthan,Jaipur,2020,June,Thursday,3:25,Fatal,4,Truck,0,4,Stormy,State Highway,Wet,Daylight,Signs,43,22,Male,Expired,Yes,Straight Road,3,3,6,3,1,4,3,2,1,4,0,0,0,6.06,16.71412,73.19267,NH48_Mumbai_Bangalore,Maharashtra / Karnataka
Goa,Unknown,2022,August,Saturday,2:40,Fatal,5,Cycle,3,0,Foggy,Urban Road,Under Construction,Dusk,Signals,71,48,Male,Expired,Yes,Bridge,3,2,8,5,2,1,2,3,1,5,3,0,0,3.33,22.20744,82.97288,NH30_Patna_Visakhapatnam,Chhattisgarh
Haryana,Unknown,2022,September,Sunday,20:40,Serious,4,Pedestrian,2,4,Clear,State Highway,Under Construction,Dark,Signals,60,46,Female,,Yes,Bridge,2,20,9,6,1,0,2,0,1,4,2,0,0,6.06,20.53963,79.05461,NH44_Nagpur_Hyderabad,Telangana
Rajasthan,Jodhpur,2019,August,Friday,7:39,Fatal,2,Car,5,2,Clear,State Highway,Dry,Daylight,Signs,67,47,Male,Expired,No,Straight Road,3,7,8,4,1,0,1,2,0,2,5,0,0,5.15,14.96443,75.22072,NH48_Mumbai_Bangalore,Maharashtra / Karnataka
Uttarakhand,Unknown,2020,January,Wednesday,11:39,Minor,5,Pedestrian,5,0,Foggy,State Highway,Damaged,Dusk,Signs,70,70,Female,Expired,Yes,Intersection,1,11,1,2,1,1,0,3,1,5,5,0,0,2.73,18.64483,78.37273,NH44_Nagpur_Hyderabad,Telangana
Goa,Unknown,2018,February,Monday,9:45,Minor,4,Truck,0,5,Foggy,Urban Road,Under Construction,Dark,,110,70,Female,Expired,Yes,Intersection,1,9,2,0,2,1,2,0,1,4,0,0,0,5.76,25.42696,78.5885,NH44_Agra_Nagpur,Madhya Pradesh
Chandigarh,Unknown,2023,January,Saturday,19:53,Serious,3,Cycle,1,2,Hazy,Urban Road,Under Construction,Dawn,Police Checkpost,67,36,Female,Expired,No,Curve,2,19,1,5,2,2,2,1,0,3,1,0,0,3.33,15.87449,77.07167,NH44_Hyderabad_Bangalore,Karnataka
Haryana,Unknown,2022,June,Tuesday,19:9,Fatal,1,Pedestrian,3,0,Hazy,Urban Road,Damaged,Dusk,,39,20,Male,,Yes,Curve,3,19,6,1,2,2,0,3,1,1,3,0,0,3.33,19.19597,78.48118,NH44_Nagpur_Hyderabad,Telangana
Punjab,Unknown,2019,September,Monday,4:58,Fatal,2,Truck,5,4,Stormy,National Highway,Dry,Dawn,Police Checkpost,43,39,Female,Valid,No,Bridge,3,4,9,0,0,4,1,1,0,2,5,0,0,6.97,12.78752,77.65767,NH44_Bangalore_Chennai,Tamil Nadu
Meghalaya,Unknown,2023,March,Tuesday,8:29,Fatal,5,Truck,3,0,Rainy,State Highway,Damaged,Dawn,Police Checkpost,43,64,Female,,Yes,Straight Road,3,8,3,1,1,3,0,1,1,5,3,0,0,3.33,27.99781,76.90037,NH48_Delhi_Mumbai,Rajasthan / Gujarat
Punjab,Unknown,2018,January,Sunday,5:7,Minor,3,Truck,2,1,Rainy,State Highway,Under Construction,Dark,Signals,62,38,Female,Expired,No,Straight Road,1,5,1,6,1,3,2,0,0,3,2,0,0,2.12,32.95739,75.07485,NH44_North,Jammu & Kashmir
Haryana,Unknown,2022,August,Tuesday,14:25,Minor,2,Cycle,5,5,Foggy,National Highway,Wet,Dusk,Signals,110,23,Female,,Yes,Intersection,1,14,8,1,0,1,3,3,1,2,5,0,0,7.27,15.87665,77.05403,NH44_Hyderabad_Bangalore,Karnataka
Puducherry,Unknown,2019,May,Tuesday,3:7,Minor,3,Car,9,4,Hazy,National Highway,Under Construction,Daylight,Signs,89,43,Male,Expired,No,Straight Road,1,3,5,1,0,2,2,2,0,3,9,0,0,6.97,17.73464,83.29311,NH16_Kolkata_Chennai,Odisha / Andhra Pradesh
Tripura,Unknown,2018,July,Sunday,13:16,Minor,3,Cycle,2,1,Clear,State Highway,Wet,Daylight,Signs,117,25,Female,Valid,Yes,Straight Road,1,13,7,6,1,0,3,2,1,3,2,0,0,2.73,9.4449,77.23427,NH66_West_Coast,Maharashtra / Kerala
Manipur,Unknown,2023,November,Sunday,6:42,Minor,4,Cycle,7,1,Clear,State Highway,Dry,Dusk,Signs,59,70,Male,Expired,Yes,Intersection,1,6,11,6,1,0,1,3,1,4,7,0,0,4.24,17.43636,75.46106,NH9_Pune_Hyderabad,Maharashtra / Telangana
Arunachal Pradesh,Unknown,2021,July,Sunday,17:3,Minor,3,Auto-Rickshaw,10,2,Rainy,Urban Road,Dry,Dawn,Signs,112,33,Male,,Yes,Intersection,1,17,7,6,2,3,1,1,1,3,10,0,0,6.06,13.62796,79.41952,NH16_Kolkata_Chennai,Odisha / Andhra Pradesh
Delhi,Dwarka,2020,December,Monday,5:7,Minor,3,Auto-Rickshaw,1,0,Clear,State Highway,Damaged,Dusk,Police Checkpost,103,52,Female,Valid,No,Bridge,1,5,12,0,1,0,0,3,0,3,1,0,0,0.91,27.49197,76.56948,NH48_Delhi_Mumbai,Rajasthan / Gujarat
Punjab,Unknown,2018,March,Sunday,4:27,Serious,5,Truck,1,4,Rainy,National Highway,Damaged,Dawn,Signals,32,28,Female,Valid,No,Intersection,2,4,3,6,0,3,0,1,0,5,1,0,0,5.15,31.45328,77.17363,NH22_Shimla_Manali,Himachal Pradesh
Goa,Unknown,2019,April,Sunday,16:18,Fatal,3,Car,6,0,Clear,Village Road,Under Construction,Dawn,Signs,80,40,Female,,Yes,Bridge,3,16,4,6,3,0,2,1,1,3,6,0,0,4.24,25.82076,79.50836,NH27_East_West,Rajasthan / MP / UP
Goa,Unknown,2018,September,Monday,11:3,Fatal,4,Auto-Rickshaw,6,4,Foggy,National Highway,Dry,Dusk,Signals,71,57,Female,Valid,No,Bridge,3,11,9,0,0,1,1,3,0,4,6,0,0,7.27,18.13108,78.39365,NH44_Nagpur_Hyderabad,Telangana
Jharkhand,Unknown,2019,December,Sunday,2:32,Serious,2,Pedestrian,4,3,Hazy,Village Road,Under Construction,Dark,Police Checkpost,62,32,Female,,Yes,Straight Road,2,2,12,6,3,2,2,0,1,2,4,0,0,5.76,21.86224,80.23439,NH7_Varanasi_Kanyakumari,MP / Karnataka / TN
Tamil Nadu,Madurai,2020,October,Friday,9:51,Minor,2,Car,4,3,Rainy,Urban Road,Dry,Daylight,Signals,57,62,Male,Valid,No,Curve,1,9,10,4,2,3,1,2,0,2,4,0,0,4.55,29.20669,77.94397,NH58_Delhi_Badrinath,Uttarakhand
Assam,Unknown,2020,October,Sunday,23:30,Minor,1,Cycle,8,1,Foggy,State Highway,Under Construction,Daylight,Police Checkpost,119,68,Female,,Yes,Curve,1,23,10,6,1,1,2,2,1,1,8,0,0,4.55,24.61615,79.05326,NH44_Agra_Nagpur,Madhya Pradesh
Kerala,Unknown,2023,October,Tuesday,7:49,Serious,1,Bus,8,3,Hazy,Urban Road,Damaged,Dark,Signals,119,64,Male,Expired,Yes,Bridge,2,7,10,1,2,2,0,0,1,1,8,0,0,6.97,21.09827,79.06558,NH44_Nagpur_Hyderabad,Telangana
Puducherry,Unknown,2022,June,Monday,3:52,Fatal,2,Cycle,2,0,Stormy,State Highway,Dry,Dawn,Police Checkpost,31,50,Male,,Yes,Curve,3,3,6,0,1,4,1,1,1,2,2,0,0,3.03,21.807,80.22794,NH7_Varanasi_Kanyakumari,MP / Karnataka / TN
Jharkhand,Unknown,2022,July,Saturday,6:37,Serious,2,Car,2,2,Foggy,National Highway,Under Construction,Dawn,Signs,120,46,Female,Expired,No,Intersection,2,6,7,5,0,1,2,1,0,2,2,0,0,3.64,12.62176,79.45045,NH44_Bangalore_Chennai,Tamil Nadu
Mizoram,Unknown,2018,September,Sunday,2:28,Fatal,1,Bus,1,1,Hazy,State Highway,Damaged,Dawn,Signals,34,29,Male,,No,Straight Road,3,2,9,6,1,2,0,1,0,1,1,0,0,3.03,13.11179,80.27302,NH16_Kolkata_Chennai,Odisha / Andhra Pradesh
Uttarakhand,Unknown,2019,November,Tuesday,7:28,Serious,1,Pedestrian,2,3,Foggy,National Highway,Damaged,Daylight,Signs,85,44,Male,Valid,Yes,Bridge,2,7,11,1,0,1,0,2,1,1,2,0,0,5.15,28.48346,77.1638,NH44_Delhi_Agra,Uttar Pradesh
Manipur,Unknown,2022,November,Sunday,15:24,Fatal,4,Bus,7,5,Rainy,Village Road,Damaged,Dark,,98,22,Male,,No,Bridge,3,15,11,6,3,3,0,0,0,4,7,0,0,8.48,28.45059,77.14072,NH44_Delhi_Agra,Uttar Pradesh
Punjab,Unknown,2019,January,Saturday,8:6,Serious,5,Bus,1,2,Clear,Village Road,Under Construction,Dusk,Police Checkpost,110,18,Female,,No,Intersection,2,8,1,5,3,0,2,3,0,5,1,0,0,3.33,24.60083,78.97697,NH44_Agra_Nagpur,Madhya Pradesh
Puducherry,Unknown,2019,June,Thursday,1:51,Fatal,5,Pedestrian,2,0,Stormy,State Highway,Under Construction,Daylight,Police Checkpost,86,65,Male,Valid,No,Straight Road,3,1,6,3,1,4,2,2,0,5,2,0,0,2.42,33.39767,75.25667,NH44_North,Jammu & Kashmir
Tripura,Unknown,2021,January,Wednesday,14:53,Serious,4,Bus,9,1,Rainy,Urban Road,Wet,Daylight,Signals,103,58,Female,Expired,No,Intersection,2,14,1,2,2,3,3,2,0,4,9,0,0,4.85,13.23898,77.45278,NH48_Mumbai_Bangalore,Maharashtra / Karnataka
Telangana,Unknown,2019,June,Saturday,6:17,Serious,1,Cycle,0,4,Clear,State Highway,Wet,Dark,,81,28,Female,,Yes,Curve,2,6,6,5,1,0,3,0,1,1,0,0,0,5.45,26.40224,75.27393,NH48_Delhi_Mumbai,Rajasthan / Gujarat
Nagaland,Unknown,2018,September,Thursday,6:57,Serious,3,Truck,7,1,Stormy,Village Road,Wet,Dawn,Signals,98,47,Female,Valid,No,Curve,2,6,9,3,3,4,3,1,0,3,7,0,0,4.24,23.04677,87.05169,NH19_Delhi_Kolkata,Uttar Pradesh / Bihar
Bihar,Unknown,2021,February,Tuesday,16:31,Fatal,5,Pedestrian,2,5,Rainy,Urban Road,Damaged,Daylight,Police Checkpost,93,47,Female,Valid,Yes,Intersection,3,16,2,1,2,3,0,2,1,5,2,0,0,7.58,23.02762,72.63566,NH27_East_West,Rajasthan / MP / UP
Kerala,Unknown,2020,June,Wednesday,20:34,Serious,2,Auto-Rickshaw,9,5,Clear,National Highway,Wet,Dawn,,53,45,Male,Expired,Yes,Bridge,2,20,6,2,0,0,3,1,1,2,9,0,0,9.09,15.35618,76.95656,NH44_Hyderabad_Bangalore,Karnataka
Jammu and Kashmir,Unknown,2023,August,Saturday,19:23,Fatal,2,Cycle,6,4,Clear,Village Road,Wet,Dark,Police Checkpost,117,30,Female,,No,Intersection,3,19,8,5,3,0,3,0,0,2,6,0,0,7.27,17.08183,78.2827,NH44_Hyderabad_Bangalore,Karnataka
Mizoram,Unknown,2018,February,Thursday,17:39,Minor,5,Truck,0,4,Hazy,Urban Road,Wet,Daylight,Signals,112,21,Female,,Yes,Curve,1,17,2,3,2,2,3,2,1,5,0,0,0,4.85,22.75766,88.5752,NH52_Barasat_Guwahati,West Bengal / Assam
Uttar Pradesh,Lucknow,2019,March,Sunday,4:7,Fatal,2,Cycle,10,3,Foggy,National Highway,Under Construction,Dusk,,56,41,Male,Valid,No,Straight Road,3,4,3,6,0,1,2,3,0,2,10,0,0,7.58,22.31123,72.2083,NH48_Delhi_Mumbai,Rajasthan / Gujarat
Andhra Pradesh,Tirupati,2022,March,Sunday,5:9,Fatal,4,Auto-Rickshaw,4,5,Hazy,National Highway,Under Construction,Daylight,,92,49,Female,Expired,No,Straight Road,3,5,3,6,0,2,2,2,0,4,4,0,0,7.58,27.67611,77.5918,NH44_Delhi_Agra,Uttar Pradesh
Uttarakhand,Unknown,2019,July,Wednesday,0:19,Fatal,5,Pedestrian,0,4,Clear,National Highway,Wet,Dusk,,108,34,Male,Expired,No,Bridge,3,0,7,2,0,0,3,3,0,5,0,0,0,5.45,22.32361,72.27519,NH48_Delhi_Mumbai,Rajasthan / Gujarat
Puducherry,Unknown,2020,January,Sunday,11:32,Fatal,1,Car,2,5,Hazy,National Highway,Wet,Dark,,75,60,Female,Valid,No,Bridge,3,11,1,6,0,2,3,0,0,1,2,0,0,6.97,18.04977,73.59679,NH48_Mumbai_Bangalore,Maharashtra / Karnataka
Delhi,Rohini,2021,March,Saturday,5:26,Minor,5,Auto-Rickshaw,0,4,Clear,Village Road,Wet,Dusk,Signals,72,54,Female,Valid,No,Curve,1,5,3,5,3,0,3,3,0,5,0,0,0,4.24,24.62635,78.92037,NH44_Agra_Nagpur,Madhya Pradesh
Arunachal Pradesh,Unknown,2023,May,Saturday,1:25,Serious,4,Cycle,4,1,Hazy,National Highway,Under Construction,Daylight,Signs,70,47,Female,,Yes,Intersection,2,1,5,5,0,2,2,2,1,4,4,0,0,3.94,25.48301,89.90864,NH27_East_West,Rajasthan / MP / UP
Uttarakhand,Unknown,2018,March,Thursday,6:42,Fatal,2,Bus,4,4,Clear,State Highway,Wet,Daylight,Signs,79,25,Female,Valid,No,Bridge,3,6,3,3,1,0,3,2,0,2,4,0,0,6.67,21.93982,80.19714,NH7_Varanasi_Kanyakumari,MP / Karnataka / TN
Sikkim,Unknown,2020,February,Wednesday,18:11,Fatal,4,Cycle,3,4,Hazy,State Highway,Under Construction,Dawn,,92,26,Male,,Yes,Bridge,3,18,2,2,1,2,2,1,1,4,3,0,0,6.97,17.1718,76.18209,NH9_Pune_Hyderabad,Maharashtra / Telangana
Uttar Pradesh,Kanpur,2018,September,Saturday,4:50,Minor,4,Two-Wheeler,3,5,Foggy,Urban Road,Dry,Dark,Police Checkpost,45,33,Female,,No,Curve,1,4,9,5,2,1,1,0,0,4,3,0,0,6.06,27.83745,77.41782,NH44_Delhi_Agra,Uttar Pradesh
Uttar Pradesh,Kanpur,2019,July,Monday,9:6,Fatal,5,Two-Wheeler,5,0,Clear,Village Road,Damaged,Dawn,Police Checkpost,111,43,Male,Valid,No,Intersection,3,9,7,0,3,0,0,1,0,5,5,0,0,3.33,25.42736,89.81868,NH27_East_West,Rajasthan / MP / UP
Kerala,Unknown,2021,August,Sunday,13:53,Fatal,1,Auto-Rickshaw,1,4,Clear,National Highway,Under Construction,Dark,Signs,116,41,Female,Expired,Yes,Curve,3,13,8,6,0,0,2,0,1,1,1,0,0,6.36,21.43794,87.2721,NH16_Kolkata_Chennai,Odisha / Andhra Pradesh
Meghalaya,Unknown,2020,March,Tuesday,8:57,Minor,2,Two-Wheeler,0,0,Stormy,State Highway,Dry,Daylight,,39,28,Male,Valid,No,Intersection,1,8,3,1,1,4,1,2,0,2,0,0,0,0.61,26.8694,78.16805,NH44_Agra_Nagpur,Madhya Pradesh
Manipur,Unknown,2022,November,Sunday,9:38,Serious,4,Truck,1,3,Stormy,Village Road,Wet,Dark,Signs,83,42,Female,Expired,Yes,Straight Road,2,9,11,6,3,4,3,0,1,4,1,0,0,4.85,19.23178,78.58416,NH44_Nagpur_Hyderabad,Telangana
Sikkim,Unknown,2023,July,Wednesday,1:7,Fatal,4,Cycle,6,3,Clear,National Highway,Wet,Dawn,Police Checkpost,104,44,Female,Expired,No,Straight Road,3,1,7,2,0,0,3,1,0,4,6,0,0,6.36,24.21132,89.26277,NH52_Barasat_Guwahati,West Bengal / Assam
Punjab,Unknown,2018,June,Wednesday,5:40,Serious,5,Auto-Rickshaw,2,1,Clear,Village Road,Dry,Dawn,Signs,74,45,Male,Valid,No,Intersection,2,5,6,2,3,0,1,1,0,5,2,0,0,2.73,26.77704,78.1841,NH44_Agra_Nagpur,Madhya Pradesh
Tripura,Unknown,2020,March,Thursday,16:18,Serious,5,Truck,8,0,Stormy,State Highway,Dry,Dusk,Signs,48,45,Male,Expired,Yes,Intersection,2,16,3,3,1,4,1,3,1,5,8,0,0,4.24,22.98855,79.44837,NH44_Agra_Nagpur,Madhya Pradesh
Mizoram,Unknown,2019,September,Friday,4:3,Serious,1,Pedestrian,4,1,Stormy,Urban Road,Dry,Dusk,Signs,37,60,Female,Valid,No,Intersection,2,4,9,4,2,4,1,3,0,1,4,0,0,3.33,11.26297,77.89761,NH7_Varanasi_Kanyakumari,MP / Karnataka / TN
Himachal Pradesh,Unknown,2019,December,Tuesday,16:7,Serious,5,Auto-Rickshaw,5,0,Stormy,National Highway,Under Construction,Dawn,Police Checkpost,81,43,Male,Valid,Yes,Curve,2,16,12,1,0,4,2,1,1,5,5,0,0,3.33,31.50752,77.24563,NH22_Shimla_Manali,Himachal Pradesh
Arunachal Pradesh,Unknown,2020,June,Sunday,21:2,Serious,5,Truck,1,0,Foggy,National Highway,Dry,Dark,Police Checkpost,54,47,Female,Expired,Yes,Bridge,2,21,6,6,0,1,1,0,1,5,1,0,0,2.12,17.67743,83.2404,NH16_Kolkata_Chennai,Odisha / Andhra Pradesh
Jammu and Kashmir,Unknown,2018,January,Tuesday,7:1,Fatal,2,Truck,8,0,Stormy,National Highway,Under Construction,Dawn,Signals,34,61,Female,Valid,Yes,Intersection,3,7,1,1,0,4,2,1,1,2,8,0,0,4.85,13.17439,77.53116,NH44_Hyderabad_Bangalore,Karnataka
Himachal Pradesh,Unknown,2021,June,Saturday,7:18,Fatal,1,Pedestrian,5,2,Foggy,Urban Road,Dry,Dawn,Police Checkpost,105,30,Male,Expired,Yes,Straight Road,3,7,6,5,2,1,1,1,1,1,5,0,0,5.76,23.88305,81.23595,NH7_Varanasi_Kanyakumari,MP / Karnataka / TN
Kerala,Unknown,2021,September,Sunday,23:19,Serious,4,Car,5,5,Stormy,State Highway,Damaged,Daylight,Signals,73,58,Female,Valid,No,Straight Road,2,23,9,6,1,4,0,2,0,4,5,0,0,7.27,17.75833,83.28408,NH16_Kolkata_Chennai,Odisha / Andhra Pradesh
Andhra Pradesh,Vijayawada,2020,December,Tuesday,6:33,Minor,4,Bus,8,1,Stormy,State Highway,Under Construction,Daylight,,115,44,Female,Expired,No,Straight Road,1,6,12,1,1,4,2,2,0,4,8,0,0,3.94,12.20135,79.18073,NH44_Bangalore_Chennai,Tamil Nadu
Maharashtra,Mumbai,2018,June,Tuesday,9:20,Minor,5,Pedestrian,1,1,Stormy,National Highway,Under Construction,Dawn,Police Checkpost,40,57,Female,,Yes,Bridge,1,9,6,1,0,4,2,1,1,5,1,0,0,2.42,17.5909,78.55108,NH44_Nagpur_Hyderabad,Telangana
Gujarat,Ahmedabad,2018,November,Thursday,13:7,Minor,4,Two-Wheeler,0,2,Hazy,Urban Road,Dry,Dawn,,107,57,Female,Expired,No,Straight Road,1,13,11,3,2,2,1,1,0,4,0,0,0,2.42,23.08379,72.61056,NH48_Delhi_Mumbai,Rajasthan / Gujarat
Arunachal Pradesh,Unknown,2022,June,Tuesday,17:39,Fatal,4,Auto-Rickshaw,6,3,Rainy,Urban Road,Damaged,Dusk,Signals,114,48,Female,Valid,Yes,Bridge,3,17,6,1,2,3,0,3,1,4,6,0,0,6.97,32.71356,74.84926,NH44_North,Jammu & Kashmir
Rajasthan,Udaipur,2018,April,Monday,7:47,Minor,5,Pedestrian,8,5,Hazy,Village Road,Under Construction,Daylight,,36,68,Female,Valid,Yes,Bridge,1,7,4,0,3,2,2,2,1,5,8,0,0,8.18,23.49609,88.86272,NH52_Barasat_Guwahati,West Bengal / Assam
Nagaland,Unknown,2020,April,Sunday,6:3,Serious,4,Two-Wheeler,1,2,Rainy,State Highway,Wet,Dusk,Signs,57,50,Female,Valid,No,Intersection,2,6,4,6,1,3,3,3,0,4,1,0,0,3.33,33.53603,75.0254,NH44_North,Jammu & Kashmir
Manipur,Unknown,2018,June,Monday,7:50,Fatal,3,Cycle,1,3,Hazy,State Highway,Under Construction,Daylight,Signals,98,40,Female,Valid,Yes,Intersection,3,7,6,0,1,2,2,2,1,3,1,0,0,5.45,18.65289,84.30211,NH16_Kolkata_Chennai,Odisha / Andhra Pradesh
Gujarat,Surat,2020,August,Sunday,2:14,Serious,1,Cycle,6,3,Clear,Village Road,Wet,Dawn,Police Checkpost,41,65,Male,Valid,No,Curve,2,2,8,6,3,0,3,1,0,1,6,0,0,5.76,16.59083,77.58825,NH44_Hyderabad_Bangalore,Karnataka
Rajasthan,Jaipur,2023,November,Thursday,19:26,Serious,4,Auto-Rickshaw,7,1,Rainy,National Highway,Under Construction,Daylight,Signals,86,61,Male,,Yes,Intersection,2,19,11,3,0,3,2,2,1,4,7,0,0,4.85,28.84935,77.5173,NH58_Delhi_Badrinath,Uttarakhand
Telangana,Unknown,2022,January,Sunday,22:8,Minor,3,Auto-Rickshaw,4,0,Stormy,Urban Road,Dry,Dawn,Signals,64,27,Female,Valid,Yes,Bridge,1,22,1,6,2,4,1,1,1,3,4,0,0,2.42,20.39617,86.19187,NH16_Kolkata_Chennai,Odisha / Andhra Pradesh
Kerala,Unknown,2023,January,Thursday,9:54,Fatal,3,Cycle,8,1,Hazy,Village Road,Damaged,Dark,Signs,113,68,Male,Expired,Yes,Curve,3,9,1,3,3,2,0,0,1,3,8,0,0,5.76,12.53256,79.50888,NH44_Bangalore_Chennai,Tamil Nadu
Sikkim,Unknown,2020,September,Thursday,10:5,Serious,5,Bus,0,4,Hazy,Urban Road,Wet,Dawn,Police Checkpost,118,52,Female,Valid,Yes,Intersection,2,10,9,3,2,2,3,1,1,5,0,0,0,5.45,26.97543,78.0829,NH44_Delhi_Agra,Uttar Pradesh
Jharkhand,Unknown,2021,January,Sunday,7:47,Minor,5,Two-Wheeler,8,4,Stormy,State Highway,Wet,Daylight,Signs,71,39,Male,Valid,No,Straight Road,1,7,1,6,1,4,3,2,0,5,8,0,0,6.67,24.05403,73.45728,NH48_Delhi_Mumbai,Rajasthan / Gujarat
Punjab,Unknown,2018,November,Friday,7:52,Fatal,4,Pedestrian,9,4,Hazy,Urban Road,Damaged,Dusk,Signals,38,43,Male,Valid,No,Curve,3,7,11,4,2,2,0,3,0,4,9,0,0,8.18,23.5227,79.40865,NH44_Agra_Nagpur,Madhya Pradesh
Delhi,Rohini,2018,October,Saturday,9:29,Fatal,3,Bus,5,0,Clear,State Highway,Dry,Daylight,,31,30,Female,Valid,No,Intersection,3,9,10,5,1,0,1,2,0,3,5,0,0,3.33,19.42846,81.26432,NH30_Patna_Visakhapatnam,Chhattisgarh
Jharkhand,Unknown,2022,April,Wednesday,1:8,Fatal,2,Car,9,1,Foggy,State Highway,Under Construction,Dusk,Police Checkpost,95,65,Female,Expired,No,Curve,3,1,4,2,1,1,2,3,0,2,9,0,0,5.45,23.01151,72.52381,NH48_Delhi_Mumbai,Rajasthan / Gujarat
Haryana,Unknown,2020,July,Friday,1:31,Minor,3,Cycle,9,2,Rainy,Urban Road,Wet,Dark,Signals,41,70,Male,Valid,Yes,Straight Road,1,1,7,4,2,3,3,0,1,3,9,0,0,5.76,11.21435,75.90221,NH66_West_Coast,Maharashtra / Kerala
Kerala,Unknown,2022,February,Thursday,6:50,Minor,1,Two-Wheeler,5,0,Rainy,State Highway,Damaged,Dawn,Signs,103,44,Female,Valid,No,Bridge,1,6,2,3,1,3,0,1,0,1,5,0,0,2.12,12.36399,78.19201,NH44_Bangalore_Chennai,Tamil Nadu
Madhya Pradesh,Unknown,2021,June,Wednesday,10:57,Serious,4,Pedestrian,4,4,Foggy,State Highway,Damaged,Dawn,Signals,105,24,Male,,Yes,Bridge,2,10,6,2,1,1,0,1,1,4,4,0,0,6.67,24.85211,84.90307,NH30_Patna_Visakhapatnam,Chhattisgarh
Jharkhand,Unknown,2019,December,Wednesday,12:36,Minor,3,Truck,1,2,Clear,State Highway,Dry,Daylight,,95,70,Male,Valid,No,Intersection,1,12,12,2,1,0,1,2,0,3,1,0,0,2.73,10.07219,76.92671,NH66_West_Coast,Maharashtra / Kerala
Chandigarh,Unknown,2022,May,Tuesday,14:1,Minor,1,Two-Wheeler,8,1,Hazy,National Highway,Wet,Daylight,Police Checkpost,74,59,Male,Expired,Yes,Intersection,1,14,5,1,0,2,3,2,1,1,8,0,0,4.55,20.71136,81.92525,NH30_Patna_Visakhapatnam,Chhattisgarh
Rajasthan,Jaipur,2023,December,Saturday,5:53,Fatal,4,Pedestrian,5,1,Hazy,National Highway,Under Construction,Dark,Signals,41,56,Female,Expired,No,Bridge,3,5,12,5,0,2,2,0,0,4,5,0,0,4.24,28.53672,77.22336,NH44_Delhi_Agra,Uttar Pradesh
Rajasthan,Jodhpur,2020,November,Sunday,5:47,Minor,1,Car,5,2,Hazy,Urban Road,Under Construction,Dark,,86,35,Female,Valid,No,Intersection,1,5,11,6,2,2,2,0,0,1,5,0,0,3.94,18.50655,73.84437,NH9_Pune_Hyderabad,Maharashtra / Telangana
Karnataka,Mysore,2022,February,Sunday,12:49,Fatal,1,Bus,0,0,Hazy,State Highway,Wet,Dark,Signs,37,59,Female,,No,Bridge,3,12,2,6,1,2,3,0,0,1,0,0,0,1.82,22.98342,71.21073,NH27_East_West,Rajasthan / MP / UP
Delhi,Rohini,2021,December,Wednesday,5:47,Serious,5,Two-Wheeler,8,0,Foggy,Village Road,Damaged,Dusk,,103,31,Female,Expired,Yes,Intersection,2,5,12,2,3,1,0,3,1,5,8,0,0,4.24,26.09938,91.74256,NH52_Barasat_Guwahati,West Bengal / Assam
Gujarat,Vadodara,2020,January,Thursday,13:4,Serious,5,Car,8,1,Hazy,State Highway,Dry,Daylight,Signs,48,68,Female,Valid,Yes,Curve,2,13,1,3,1,2,1,2,1,5,8,0,0,5.15,20.39316,86.1966,NH16_Kolkata_Chennai,Odisha / Andhra Pradesh
Chandigarh,Unknown,2018,January,Monday,16:51,Serious,4,Two-Wheeler,9,3,Clear,National Highway,Damaged,Dusk,,114,26,Male,Expired,Yes,Bridge,2,16,1,0,0,0,0,3,1,4,9,0,0,7.27,28.29415,77.82345,NH19_Delhi_Kolkata,Uttar Pradesh / Bihar
Telangana,Unknown,2022,October,Tuesday,21:56,Fatal,5,Bus,0,1,Rainy,State Highway,Under Construction,Dark,Signals,43,41,Female,Expired,No,Straight Road,3,21,10,1,1,3,2,0,0,5,0,0,0,2.73,18.48714,73.84896,NH48_Mumbai_Bangalore,Maharashtra / Karnataka
Kerala,Unknown,2019,December,Monday,3:10,Serious,3,Two-Wheeler,8,4,Foggy,Village Road,Wet,Daylight,Signs,82,62,Male,,Yes,Curve,2,3,12,0,3,1,3,2,1,3,8,0,0,7.88,26.80771,78.1869,NH44_Agra_Nagpur,Madhya Pradesh
Maharashtra,Mumbai,2023,October,Tuesday,21:37,Minor,2,Auto-Rickshaw,7,1,Stormy,Village Road,Dry,Dark,Signs,32,19,Female,Expired,No,Intersection,1,21,10,1,3,4,1,0,0,2,7,0,0,3.64,12.20625,79.28996,NH44_Bangalore_Chennai,Tamil Nadu
Uttar Pradesh,Varanasi,2018,September,Sunday,19:32,Minor,3,Cycle,1,5,Stormy,Village Road,Dry,Dusk,Signs,109,36,Male,Expired,Yes,Curve,1,19,9,6,3,4,1,3,1,3,1,0,0,6.06,12.91143,77.58994,NH48_Mumbai_Bangalore,Maharashtra / Karnataka
Uttar Pradesh,Kanpur,2021,February,Wednesday,14:26,Serious,2,Two-Wheeler,1,1,Stormy,National Highway,Under Construction,Dawn,,48,60,Female,Valid,Yes,Intersection,2,14,2,2,0,4,2,1,1,2,1,0,0,3.03,19.07017,72.88102,NH66_West_Coast,Maharashtra / Kerala
Gujarat,Vadodara,2021,June,Tuesday,22:28,Fatal,2,Cycle,2,3,Foggy,Village Road,Dry,Dusk,Police Checkpost,41,63,Female,Valid,No,Straight Road,3,22,6,1,3,1,1,3,0,2,2,0,0,5.15,32.85794,75.18527,NH44_North,Jammu & Kashmir
Bihar,Unknown,2018,December,Tuesday,5:56,Fatal,4,Bus,10,1,Rainy,State Highway,Damaged,Dawn,Signals,100,47,Male,Valid,No,Intersection,3,5,12,1,1,3,0,1,0,4,10,0,0,5.76,23.62112,85.22448,NH19_Delhi_Kolkata,Uttar Pradesh / Bihar
Tripura,Unknown,2019,February,Monday,21:18,Minor,5,Pedestrian,2,5,Foggy,Village Road,Under Construction,Dusk,,99,57,Female,,Yes,Bridge,1,21,2,0,3,1,2,3,1,5,2,0,0,6.36,19.82887,79.4006,NH7_Varanasi_Kanyakumari,MP / Karnataka / TN
Uttarakhand,Unknown,2022,March,Friday,19:27,Fatal,1,Bus,5,1,Foggy,Urban Road,Damaged,Daylight,Police Checkpost,72,18,Female,Expired,No,Bridge,3,19,3,4,2,1,0,2,0,1,5,0,0,4.24,26.21695,78.45142,NH44_Agra_Nagpur,Madhya Pradesh
Manipur,Unknown,2021,October,Saturday,3:37,Fatal,4,Cycle,9,0,Clear,Village Road,Under Construction,Dawn,Signs,65,51,Female,Valid,No,Bridge,3,3,10,5,3,0,2,1,0,4,9,0,0,4.55,27.17099,77.89307,NH44_Delhi_Agra,Uttar Pradesh
Punjab,Unknown,2019,April,Sunday,17:59,Minor,1,Auto-Rickshaw,4,1,Foggy,Urban Road,Dry,Dusk,Police Checkpost,110,62,Male,Expired,No,Intersection,1,17,4,6,2,1,1,3,0,1,4,0,0,2.73,11.1709,75.84205,NH66_West_Coast,Maharashtra / Kerala
Haryana,Unknown,2018,July,Wednesday,0:13,Fatal,1,Car,9,3,Rainy,State Highway,Under Construction,Dawn,Signs,40,31,Male,Valid,No,Straight Road,3,0,7,2,1,3,2,1,0,1,9,0,0,7.27,23.88269,79.10714,NH44_Agra_Nagpur,Madhya Pradesh
Rajasthan,Udaipur,2020,May,Sunday,3:20,Fatal,2,Two-Wheeler,2,5,Stormy,National Highway,Damaged,Dusk,Signals,59,52,Female,,No,Intersection,3,3,5,6,0,4,0,3,0,2,2,0,0,6.97,30.0339,78.90545,NH58_Delhi_Badrinath,Uttarakhand
Gujarat,Surat,2018,February,Tuesday,17:10,Fatal,1,Bus,5,0,Rainy,Urban Road,Under Construction,Dawn,Police Checkpost,75,18,Male,Expired,Yes,Curve,3,17,2,1,2,3,2,1,1,1,5,0,0,3.94,28.57453,77.25815,NH44_Delhi_Agra,Uttar Pradesh
Bihar,Unknown,2020,March,Monday,18:13,Minor,2,Auto-Rickshaw,6,2,Foggy,Urban Road,Damaged,Dark,Signals,81,63,Female,,No,Bridge,1,18,3,0,2,1,0,0,0,2,6,0,0,4.24,23.05667,79.4229,NH44_Agra_Nagpur,Madhya Pradesh
Odisha,Unknown,2018,April,Thursday,12:55,Fatal,4,Auto-Rickshaw,1,5,Rainy,Village Road,Wet,Dark,Police Checkpost,78,34,Male,,No,Straight Road,3,12,4,3,3,3,3,0,0,4,1,0,0,6.67,15.89759,77.19275,NH44_Hyderabad_Bangalore,Karnataka
Assam,Unknown,2019,June,Tuesday,22:0,Fatal,2,Pedestrian,2,0,Foggy,Village Road,Wet,Dark,Police Checkpost,68,37,Male,Valid,No,Straight Road,3,22,6,1,3,1,3,0,0,2,2,0,0,2.42,28.56109,77.27442,NH44_Delhi_Agra,Uttar Pradesh
Odisha,Unknown,2021,March,Monday,23:6,Serious,5,Auto-Rickshaw,5,5,Rainy,State Highway,Dry,Dawn,Signals,48,43,Female,Valid,Yes,Intersection,2,23,3,0,1,3,1,1,1,5,5,0,0,7.88,11.17685,77.90133,NH7_Varanasi_Kanyakumari,MP / Karnataka / TN
Punjab,Unknown,2020,December,Wednesday,5:4,Minor,4,Two-Wheeler,3,5,Rainy,Village Road,Damaged,Dawn,,44,18,Female,Expired,Yes,Bridge,1,5,12,2,3,3,0,1,1,4,3,0,0,6.67,17.33297,78.50803,NH9_Pune_Hyderabad,Maharashtra / Telangana
Manipur,Unknown,2020,January,Saturday,3:43,Minor,2,Truck,7,2,Hazy,Village Road,Damaged,Daylight,,116,64,Female,,No,Straight Road,1,3,1,5,3,2,0,2,0,2,7,0,0,4.55,15.49125,77.24637,NH7_Varanasi_Kanyakumari,MP / Karnataka / TN
Jharkhand,Unknown,2023,August,Tuesday,16:17,Minor,5,Auto-Rickshaw,1,3,Hazy,Village Road,Damaged,Dusk,Signs,77,46,Male,,Yes,Intersection,1,16,8,1,3,2,0,3,1,5,1,0,0,4.24,20.61269,79.01521,NH44_Nagpur_Hyderabad,Telangana
Telangana,Unknown,2019,January,Friday,8:39,Serious,3,Two-Wheeler,4,4,Stormy,Urban Road,Damaged,Daylight,Signs,54,19,Male,Valid,Yes,Straight Road,2,8,1,4,2,4,0,2,1,3,4,0,0,6.67,26.28417,81.45091,NH19_Delhi_Kolkata,Uttar Pradesh / Bihar
Gujarat,Surat,2018,June,Saturday,10:36,Serious,4,Auto-Rickshaw,0,5,Foggy,National Highway,Dry,Dark,Police Checkpost,57,63,Female,,No,Intersection,2,10,6,5,0,1,1,0,0,4,0,0,0,5.76,18.20252,80.86171,NH30_Patna_Visakhapatnam,Chhattisgarh
Andhra Pradesh,Tirupati,2018,May,Saturday,3:28,Serious,1,Two-Wheeler,2,0,Hazy,Village Road,Wet,Daylight,,38,18,Male,,No,Bridge,2,3,5,5,3,2,3,2,0,1,2,0,0,1.82,21.20294,79.15635,NH7_Varanasi_Kanyakumari,MP / Karnataka / TN
Bihar,Unknown,2021,December,Friday,17:16,Fatal,3,Car,3,0,Foggy,Urban Road,Dry,Dark,Signals,106,61,Female,Valid,Yes,Curve,3,17,12,4,2,1,1,0,1,3,3,0,0,3.33,13.90155,75.58971,NH48_Mumbai_Bangalore,Maharashtra / Karnataka
Tamil Nadu,Coimbatore,2020,September,Thursday,7:6,Fatal,1,Bus,7,1,Hazy,Urban Road,Wet,Dawn,Signs,81,48,Female,Valid,Yes,Intersection,3,7,9,3,2,2,3,1,1,1,7,0,0,5.45,13.02099,80.24803,NH16_Kolkata_Chennai,Odisha / Andhra Pradesh
Manipur,Unknown,2022,July,Wednesday,20:23,Serious,1,Truck,0,5,Hazy,Urban Road,Wet,Daylight,,50,30,Male,Expired,No,Intersection,2,20,7,2,2,2,3,2,0,1,0,0,0,5.76,22.50367,88.31356,NH16_Kolkata_Chennai,Odisha / Andhra Pradesh
Arunachal Pradesh,Unknown,2018,April,Monday,16:34,Minor,2,Two-Wheeler,3,3,Stormy,State Highway,Damaged,Dawn,Signals,85,47,Female,Expired,No,Intersection,1,16,4,0,1,4,0,1,0,2,3,0,0,4.24,16.57763,80.61516,NH16_Kolkata_Chennai,Odisha / Andhra Pradesh
Goa,Unknown,2019,April,Saturday,13:17,Minor,4,Auto-Rickshaw,8,0,Hazy,State Highway,Damaged,Dark,,99,25,Male,Expired,Yes,Curve,1,13,4,5,1,2,0,0,1,4,8,0,0,3.64,31.92098,77.42025,NH22_Shimla_Manali,Himachal Pradesh
Gujarat,Vadodara,2019,October,Saturday,14:16,Minor,4,Car,5,0,Rainy,State Highway,Under Construction,Daylight,Signals,33,63,Male,Expired,Yes,Straight Road,1,14,10,5,1,3,2,2,1,4,5,0,0,2.73,21.93727,72.10227,NH48_Delhi_Mumbai,Rajasthan / Gujarat
Assam,Unknown,2021,December,Monday,2:30,Fatal,5,Truck,2,2,Clear,Urban Road,Under Construction,Daylight,Signs,85,28,Female,Expired,Yes,Bridge,3,2,12,0,2,0,2,2,1,5,2,0,0,4.85,25.29195,82.95126,NH19_Delhi_Kolkata,Uttar Pradesh / Bihar
Rajasthan,Jodhpur,2018,December,Thursday,12:21,Minor,2,Car,7,3,Hazy,State Highway,Dry,Dark,Signals,43,44,Female,Expired,No,Straight Road,1,12,12,3,1,2,1,0,0,2,7,0,0,5.45,17.3185,78.5179,NH9_Pune_Hyderabad,Maharashtra / Telangana
Gujarat,Ahmedabad,2022,June,Wednesday,5:45,Minor,1,Pedestrian,9,1,Rainy,Village Road,Dry,Daylight,Police Checkpost,82,67,Male,,Yes,Bridge,1,5,6,2,3,3,1,2,1,1,9,0,0,4.85,25.44733,89.85394,NH27_East_West,Rajasthan / MP / UP
Jammu and Kashmir,Unknown,2021,October,Thursday,6:56,Minor,1,Pedestrian,5,5,Stormy,National Highway,Dry,Daylight,Signs,93,47,Female,Valid,No,Intersection,1,6,10,3,0,4,1,2,0,1,5,0,0,6.67,24.90173,91.91144,NH27_East_West,Rajasthan / MP / UP
Manipur,Unknown,2022,January,Monday,17:34,Fatal,2,Cycle,10,3,Hazy,Urban Road,Dry,Daylight,,64,66,Female,,No,Intersection,3,17,1,0,2,2,1,2,0,2,10,0,0,7.58,17.30135,73.94279,NH66_West_Coast,Maharashtra / Kerala
Manipur,Unknown,2019,December,Monday,12:15,Fatal,3,Truck,3,2,Hazy,Urban Road,Under Construction,Dusk,Signs,46,64,Female,,Yes,Intersection,3,12,12,0,2,2,2,3,1,3,3,0,0,5.15,27.16552,77.89248,NH44_Delhi_Agra,Uttar Pradesh
Himachal Pradesh,Unknown,2021,April,Tuesday,6:0,Minor,4,Auto-Rickshaw,9,2,Hazy,Urban Road,Wet,Daylight,,78,21,Male,Valid,No,Bridge,1,6,4,1,2,2,3,2,0,4,9,0,0,5.15,24.24419,93.03173,NH27_East_West,Rajasthan / MP / UP
Jharkhand,Unknown,2022,June,Thursday,2:0,Serious,3,Bus,6,2,Clear,National Highway,Wet,Dawn,Signs,60,59,Female,Valid,No,Bridge,2,2,6,3,0,0,3,1,0,3,6,0,0,4.85,13.05277,80.33927,NH44_Bangalore_Chennai,Tamil Nadu
Delhi,Rohini,2020,April,Wednesday,3:44,Fatal,2,Bus,2,5,Foggy,State Highway,Dry,Daylight,Signals,58,69,Male,Valid,Yes,Curve,3,3,4,2,1,1,1,2,1,2,2,0,0,7.58,8.26693,77.25159,NH7_Varanasi_Kanyakumari,MP / Karnataka / TN
Meghalaya,Unknown,2020,December,Wednesday,20:34,Serious,2,Auto-Rickshaw,8,4,Foggy,Village Road,Wet,Dawn,Signals,75,27,Female,Valid,Yes,Curve,2,20,12,2,3,1,3,1,1,2,8,0,0,7.88,26.17117,91.79104,NH52_Barasat_Guwahati,West Bengal / Assam
Punjab,Unknown,2022,January,Wednesday,20:34,Minor,3,Bus,9,2,Stormy,State Highway,Dry,Daylight,Police Checkpost,42,60,Male,Expired,No,Intersection,1,20,1,2,1,4,1,2,0,3,9,0,0,5.15,15.82366,80.18218,NH16_Kolkata_Chennai,Odisha / Andhra Pradesh
Jharkhand,Unknown,2019,June,Sunday,23:32,Serious,5,Truck,4,4,Rainy,National Highway,Damaged,Daylight,Police Checkpost,76,46,Female,Expired,No,Intersection,2,23,6,6,0,3,0,2,0,5,4,0,0,6.06,19.31276,84.72984,NH16_Kolkata_Chennai,Odisha / Andhra Pradesh
Telangana,Unknown,2019,September,Wednesday,8:21,Fatal,4,Cycle,2,0,Rainy,Village Road,Wet,Dawn,Police Checkpost,113,38,Male,Expired,Yes,Bridge,3,8,9,2,3,3,3,1,1,4,2,0,0,3.03,26.78979,80.9778,NH27_East_West,Rajasthan / MP / UP
Telangana,Unknown,2020,July,Monday,12:31,Serious,5,Pedestrian,7,5,Foggy,Village Road,Under Construction,Dawn,Signals,69,56,Female,Expired,Yes,Straight Road,2,12,7,0,3,1,2,1,1,5,7,0,0,8.48,25.91477,90.17391,NH52_Barasat_Guwahati,West Bengal / Assam
Jammu and Kashmir,Unknown,2021,May,Wednesday,22:43,Fatal,4,Bus,5,1,Clear,National Highway,Wet,Dusk,Signals,30,62,Male,Valid,No,Straight Road,3,22,5,2,0,0,3,3,0,4,5,0,0,4.24,18.45887,73.88865,NH48_Mumbai_Bangalore,Maharashtra / Karnataka
Rajasthan,Jaipur,2022,August,Tuesday,4:24,Minor,2,Pedestrian,4,4,Clear,State Highway,Under Construction,Dark,Signs,107,24,Female,Valid,No,Straight Road,1,4,8,1,1,0,2,0,0,2,4,0,0,5.45,32.25366,77.09698,NH22_Shimla_Manali,Himachal Pradesh
Himachal Pradesh,Unknown,2020,September,Tuesday,16:43,Minor,1,Pedestrian,2,0,Stormy,Urban Road,Under Construction,Daylight,Signals,60,52,Female,Expired,No,Curve,1,16,9,1,2,4,2,2,0,1,2,0,0,1.21,23.05055,80.41539,NH7_Varanasi_Kanyakumari,MP / Karnataka / TN
Jharkhand,Unknown,2020,September,Monday,21:52,Minor,1,Truck,0,1,Foggy,Urban Road,Wet,Daylight,,119,39,Female,Expired,Yes,Intersection,1,21,9,0,2,1,3,2,1,1,0,0,0,2.12,21.41062,82.41895,NH30_Patna_Visakhapatnam,Chhattisgarh
Himachal Pradesh,Unknown,2023,September,Tuesday,9:46,Fatal,5,Pedestrian,5,0,Foggy,Village Road,Wet,Daylight,,43,35,Female,,Yes,Straight Road,3,9,9,1,3,1,3,2,1,5,5,0,0,3.94,23.6517,85.16605,NH19_Delhi_Kolkata,Uttar Pradesh / Bihar
Punjab,Unknown,2020,June,Tuesday,6:1,Minor,3,Cycle,5,5,Hazy,Village Road,Under Construction,Dawn,Police Checkpost,108,38,Female,Expired,No,Intersection,1,6,6,1,3,2,2,1,0,3,5,0,0,6.67,17.41712,75.41513,NH9_Pune_Hyderabad,Maharashtra / Telangana
Delhi,Dwarka,2021,June,Wednesday,17:21,Serious,2,Bus,10,4,Hazy,Village Road,Under Construction,Dusk,Police Checkpost,38,25,Male,,No,Straight Road,2,17,6,2,3,2,2,3,0,2,10,0,0,7.88,10.07495,76.90168,NH66_West_Coast,Maharashtra / Kerala
Sikkim,Unknown,2022,December,Thursday,22:34,Minor,3,Auto-Rickshaw,8,0,Rainy,Village Road,Damaged,Daylight,,87,18,Male,Expired,Yes,Curve,1,22,12,3,3,3,0,2,1,3,8,0,0,3.64,26.14408,91.79363,NH52_Barasat_Guwahati,West Bengal / Assam
Bihar,Unknown,2020,February,Saturday,20:55,Serious,1,Truck,7,2,Foggy,Village Road,Damaged,Dusk,Police Checkpost,58,53,Male,Expired,No,Curve,2,20,2,5,3,1,0,3,0,1,7,0,0,5.15,17.30177,76.20491,NH9_Pune_Hyderabad,Maharashtra / Telangana
Kerala,Unknown,2018,March,Wednesday,2:43,Fatal,2,Auto-Rickshaw,10,1,Stormy,Urban Road,Damaged,Dusk,Signals,112,31,Female,Expired,No,Curve,3,2,3,2,2,4,0,3,0,2,10,0,0,5.76,12.91376,77.63662,NH44_Hyderabad_Bangalore,Karnataka
Goa,Unknown,2019,December,Wednesday,14:41,Serious,2,Cycle,0,3,Stormy,State Highway,Dry,Dusk,Signs,92,30,Male,,No,Straight Road,2,14,12,2,1,4,1,3,0,2,0,0,0,3.94,22.9542,87.04241,NH19_Delhi_Kolkata,Uttar Pradesh / Bihar
Karnataka,Mysore,2020,August,Monday,7:7,Minor,3,Truck,2,1,Stormy,State Highway,Damaged,Daylight,Signs,107,44,Female,,Yes,Bridge,1,7,8,0,1,4,0,2,1,3,2,0,0,2.73,27.13879,77.96092,NH44_Delhi_Agra,Uttar Pradesh
Goa,Unknown,2020,February,Monday,1:57,Serious,1,Cycle,10,2,Clear,State Highway,Dry,Dark,Signs,102,68,Male,Valid,No,Bridge,2,1,2,0,1,0,1,0,0,1,10,0,0,6.06,19.2274,78.6054,NH44_Nagpur_Hyderabad,Telangana
Sikkim,Unknown,2022,May,Thursday,11:16,Minor,1,Two-Wheeler,7,1,Stormy,National Highway,Damaged,Dark,Signs,66,33,Female,Valid,Yes,Curve,1,11,5,3,0,4,0,0,1,1,7,0,0,4.24,22.56767,88.30395,NH16_Kolkata_Chennai,Odisha / Andhra Pradesh
Nagaland,Unknown,2022,February,Tuesday,6:0,Minor,5,Truck,10,4,Clear,National Highway,Damaged,Dawn,Police Checkpost,87,43,Female,Valid,No,Intersection,1,6,2,1,0,0,0,1,0,5,10,0,0,7.27,29.60414,78.17865,NH58_Delhi_Badrinath,Uttarakhand
Meghalaya,Unknown,2020,December,Friday,1:35,Fatal,1,Car,6,3,Stormy,State Highway,Dry,Dark,,56,62,Female,,Yes,Straight Road,3,1,12,4,1,4,1,0,1,1,6,0,0,6.97,28.55901,77.19829,NH48_Delhi_Mumbai,Rajasthan / Gujarat
Haryana,Unknown,2022,March,Friday,22:32,Serious,5,Auto-Rickshaw,9,4,Stormy,Urban Road,Damaged,Dawn,,120,21,Female,Valid,Yes,Intersection,2,22,3,4,2,4,0,1,1,5,9,0,0,8.18,22.52961,88.30767,NH19_Delhi_Kolkata,Uttar Pradesh / Bihar
Sikkim,Unknown,2023,October,Sunday,5:28,Serious,5,Pedestrian,1,4,Clear,Urban Road,Under Construction,Dawn,Signs,64,35,Male,,Yes,Bridge,2,5,10,6,2,0,2,1,1,5,1,0,0,5.76,24.54916,78.94009,NH44_Agra_Nagpur,Madhya Pradesh
Telangana,Unknown,2022,September,Tuesday,11:9,Minor,3,Cycle,3,5,Rainy,Village Road,Damaged,Dark,Signals,59,68,Male,Valid,No,Bridge,1,11,9,1,3,3,0,0,0,3,3,0,0,6.06,28.31822,77.1928,NH44_Delhi_Agra,Uttar Pradesh
Manipur,Unknown,2022,April,Saturday,7:34,Serious,3,Truck,4,1,Rainy,Village Road,Damaged,Dawn,Signs,59,53,Female,,Yes,Intersection,2,7,4,5,3,3,0,1,1,3,4,0,0,3.94,17.62547,83.23639,NH16_Kolkata_Chennai,Odisha / Andhra Pradesh
Tamil Nadu,Coimbatore,2022,April,Sunday,7:32,Serious,4,Bus,1,4,Hazy,Urban Road,Under Construction,Dark,Signs,34,43,Male,Expired,Yes,Intersection,2,7,4,6,2,2,2,0,1,4,1,0,0,5.76,26.86874,78.24373,NH44_Agra_Nagpur,Madhya Pradesh
Punjab,Unknown,2021,July,Thursday,15:42,Serious,4,Two-Wheeler,6,2,Foggy,Urban Road,Wet,Dawn,Police Checkpost,88,49,Male,Expired,No,Straight Road,2,15,7,3,2,1,3,1,0,4,6,0,0,4.85,30.21184,79.07868,NH58_Delhi_Badrinath,Uttarakhand
Jharkhand,Unknown,2019,March,Wednesday,3:58,Fatal,4,Truck,7,2,Hazy,Urban Road,Under Construction,Dawn,Signs,106,19,Female,Expired,No,Straight Road,3,3,3,2,2,2,2,1,0,4,7,0,0,5.76,34.15098,74.82314,NH44_North,Jammu & Kashmir
Mizoram,Unknown,2020,January,Thursday,13:35,Minor,5,Pedestrian,8,2,Clear,Urban Road,Under Construction,Dusk,Signals,115,56,Female,,Yes,Curve,1,13,1,3,2,0,2,3,1,5,8,0,0,5.45,19.2025,78.50431,NH44_Nagpur_Hyderabad,Telangana
Kerala,Unknown,2023,May,Wednesday,17:30,Serious,1,Two-Wheeler,5,3,Rainy,Urban Road,Dry,Dark,Signs,89,35,Female,Expired,Yes,Straight Road,2,17,5,2,2,3,1,0,1,1,5,0,0,6.06,31.4396,77.25229,NH22_Shimla_Manali,Himachal Pradesh
Sikkim,Unknown,2021,December,Sunday,19:59,Serious,5,Truck,2,4,Stormy,Urban Road,Wet,Daylight,Signals,69,55,Male,,No,Intersection,2,19,12,6,2,4,3,2,0,5,2,0,0,5.45,22.99445,72.6177,NH48_Delhi_Mumbai,Rajasthan / Gujarat
Puducherry,Unknown,2023,October,Thursday,5:8,Minor,3,Bus,2,1,Stormy,National Highway,Damaged,Daylight,Police Checkpost,119,35,Female,Valid,No,Bridge,1,5,10,3,0,4,0,2,0,3,2,0,0,2.12,13.51767,77.5194,NH7_Varanasi_Kanyakumari,MP / Karnataka / TN
Manipur,Unknown,2023,August,Sunday,8:51,Serious,4,Truck,1,0,Stormy,Village Road,Damaged,Dark,Signals,102,27,Female,Valid,Yes,Curve,2,8,8,6,3,4,0,0,1,4,1,0,0,2.12,21.1104,79.02842,NH44_Nagpur_Hyderabad,Telangana
Punjab,Unknown,2020,July,Wednesday,10:22,Fatal,1,Cycle,7,0,Hazy,National Highway,Under Construction,Dawn,Police Checkpost,101,70,Female,Expired,No,Bridge,3,10,7,2,0,2,2,1,0,1,7,0,0,3.94,13.05352,77.51976,NH44_Hyderabad_Bangalore,Karnataka
Madhya Pradesh,Unknown,2018,April,Saturday,14:41,Fatal,1,Truck,8,1,Stormy,Village Road,Wet,Dusk,Signals,80,47,Male,Valid,Yes,Intersection,3,14,4,5,3,4,3,3,1,1,8,0,0,5.76,26.37571,75.16794,NH48_Delhi_Mumbai,Rajasthan / Gujarat
Himachal Pradesh,Unknown,2022,October,Monday,1:45,Serious,2,Bus,2,2,Hazy,National Highway,Damaged,Dark,Signs,94,56,Female,Expired,No,Intersection,2,1,10,0,0,2,0,0,0,2,2,0,0,3.64,19.64808,73.17738,NH48_Delhi_Mumbai,Rajasthan / Gujarat
Gujarat,Surat,2020,October,Sunday,14:17,Fatal,1,Pedestrian,8,4,Stormy,State Highway,Damaged,Daylight,,55,28,Female,Expired,Yes,Bridge,3,14,10,6,1,4,0,2,1,1,8,0,0,8.48,17.89732,74.86273,NH9_Pune_Hyderabad,Maharashtra / Telangana
Goa,Unknown,2020,April,Tuesday,12:19,Minor,5,Car,7,4,Foggy,National Highway,Under Construction,Dawn,Signals,73,38,Female,Expired,No,Curve,1,12,4,1,0,1,2,1,0,5,7,0,0,6.36,25.80837,90.29134,NH52_Barasat_Guwahati,West Bengal / Assam
Karnataka,Mysore,2021,October,Sunday,2:31,Serious,1,Two-Wheeler,7,2,Stormy,Village Road,Under Construction,Dark,Signs,67,58,Male,Valid,Yes,Straight Road,2,2,10,6,3,4,2,0,1,1,7,0,0,5.76,12.90699,77.63277,NH44_Hyderabad_Bangalore,Karnataka
Telangana,Unknown,2019,July,Friday,21:14,Minor,1,Truck,10,1,Rainy,Urban Road,Wet,Dark,Police Checkpost,72,49,Female,Valid,Yes,Intersection,1,21,7,4,2,3,3,0,1,1,10,0,0,5.15,27.2028,78.01016,NH44_Delhi_Agra,Uttar Pradesh
Rajasthan,Jodhpur,2021,March,Monday,15:23,Fatal,2,Cycle,10,0,Foggy,Urban Road,Damaged,Dusk,Police Checkpost,114,39,Male,Valid,Yes,Intersection,3,15,3,0,2,1,0,3,1,2,10,0,0,5.45,17.4938,75.47422,NH9_Pune_Hyderabad,Maharashtra / Telangana
Arunachal Pradesh,Unknown,2018,September,Tuesday,15:1,Fatal,5,Bus,0,1,Stormy,Urban Road,Wet,Dusk,Police Checkpost,37,24,Female,,Yes,Straight Road,3,15,9,1,2,4,3,3,1,5,0,0,0,3.33,8.29901,77.18692,NH7_Varanasi_Kanyakumari,MP / Karnataka / TN
Meghalaya,Unknown,2018,December,Wednesday,16:28,Serious,1,Car,3,0,Clear,Village Road,Dry,Daylight,Signals,73,67,Female,Expired,Yes,Intersection,2,16,12,2,3,0,1,2,1,1,3,0,0,2.73,12.62204,77.92023,NH44_Bangalore_Chennai,Tamil Nadu
Himachal Pradesh,Unknown,2020,July,Monday,13:46,Serious,3,Bus,10,1,Stormy,Urban Road,Dry,Dusk,Signals,100,56,Female,,Yes,Bridge,2,13,7,0,2,4,1,3,1,3,10,0,0,5.76,24.56391,73.75439,NH48_Delhi_Mumbai,Rajasthan / Gujarat
Jammu and Kashmir,Unknown,2023,April,Sunday,18:27,Fatal,1,Bus,3,1,Clear,National Highway,Under Construction,Dawn,,32,62,Male,Expired,Yes,Bridge,3,18,4,6,0,0,2,1,1,1,3,0,0,4.24,14.48525,75.73485,NH48_Mumbai_Bangalore,Maharashtra / Karnataka
Chhattisgarh,Unknown,2020,January,Saturday,3:52,Minor,5,Pedestrian,5,4,Hazy,State Highway,Under Construction,Dark,Police Checkpost,38,70,Male,,No,Bridge,1,3,1,5,1,2,2,0,0,5,5,0,0,5.76,22.95641,79.39581,NH44_Agra_Nagpur,Madhya Pradesh
Delhi,Dwarka,2022,January,Wednesday,22:53,Minor,1,Truck,10,5,Hazy,Village Road,Dry,Dusk,,104,35,Male,Expired,No,Straight Road,1,22,1,2,3,2,1,3,0,1,10,0,0,8.18,27.04385,78.16311,NH44_Delhi_Agra,Uttar Pradesh
Puducherry,Unknown,2019,April,Sunday,10:56,Serious,4,Bus,6,2,Clear,State Highway,Wet,Dark,Police Checkpost,96,36,Male,,No,Curve,2,10,4,6,1,0,3,0,0,4,6,0,0,4.85,18.70201,78.31342,NH44_Nagpur_Hyderabad,Telangana
Delhi,Dwarka,2019,November,Friday,0:37,Serious,5,Auto-Rickshaw,6,1,Stormy,National Highway,Under Construction,Daylight,Signs,91,54,Female,Valid,Yes,Straight Road,2,0,11,4,0,4,2,2,1,5,6,0,0,4.55,16.46435,80.59657,NH16_Kolkata_Chennai,Odisha / Andhra Pradesh
Jharkhand,Unknown,2020,December,Tuesday,14:3,Serious,3,Car,3,3,Rainy,State Highway,Under Construction,Daylight,Signs,63,27,Male,Valid,Yes,Intersection,2,14,12,1,1,3,2,2,1,3,3,0,0,5.45,15.40389,74.99851,NH48_Mumbai_Bangalore,Maharashtra / Karnataka
Delhi,New Delhi,2019,June,Wednesday,15:46,Minor,3,Bus,2,5,Rainy,State Highway,Dry,Dusk,Signals,118,21,Female,Valid,Yes,Curve,1,15,6,2,1,3,1,3,1,3,2,0,0,6.36,12.34143,78.16725,NH44_Bangalore_Chennai,Tamil Nadu
Andhra Pradesh,Visakhapatnam,2019,October,Thursday,20:34,Minor,3,Car,3,5,Stormy,Urban Road,Under Construction,Daylight,Police Checkpost,55,24,Female,Valid,Yes,Bridge,1,20,10,3,2,4,2,2,1,3,3,0,0,6.67,23.44064,86.17774,NH19_Delhi_Kolkata,Uttar Pradesh / Bihar
Punjab,Unknown,2020,September,Wednesday,0:37,Fatal,3,Bus,0,5,Rainy,Urban Road,Damaged,Dark,Police Checkpost,90,37,Female,Expired,No,Curve,3,0,9,2,2,3,0,0,0,3,0,0,0,6.36,23.4706,83.8942,NH30_Patna_Visakhapatnam,Chhattisgarh
Sikkim,Unknown,2020,January,Thursday,21:32,Serious,3,Auto-Rickshaw,5,1,Foggy,Urban Road,Wet,Dawn,Signals,75,52,Male,,Yes,Straight Road,2,21,1,3,2,1,3,1,1,3,5,0,0,4.24,27.3991,76.47533,NH48_Delhi_Mumbai,Rajasthan / Gujarat
Rajasthan,Udaipur,2018,January,Monday,19:53,Fatal,3,Two-Wheeler,5,3,Clear,Village Road,Dry,Daylight,,95,24,Male,Valid,Yes,Straight Road,3,19,1,0,3,0,1,2,1,3,5,0,0,6.67,31.86895,77.43434,NH22_Shimla_Manali,Himachal Pradesh
Uttar Pradesh,Varanasi,2022,December,Monday,12:29,Minor,2,Truck,10,4,Hazy,Village Road,Wet,Dusk,Police Checkpost,117,51,Female,,Yes,Straight Road,1,12,12,0,3,2,3,3,1,2,10,0,0,7.88,22.36548,79.18727,NH44_Agra_Nagpur,Madhya Pradesh
Chhattisgarh,Unknown,2019,December,Wednesday,1:3,Serious,4,Auto-Rickshaw,1,0,Stormy,National Highway,Wet,Dark,Police Checkpost,77,37,Male,,No,Straight Road,2,1,12,2,0,4,3,0,0,4,1,0,0,1.52,22.36293,79.10995,NH44_Agra_Nagpur,Madhya Pradesh
Uttar Pradesh,Varanasi,2021,October,Saturday,3:39,Fatal,3,Pedestrian,8,0,Stormy,National Highway,Dry,Dawn,Signs,75,49,Female,,Yes,Curve,3,3,10,5,0,4,1,1,1,3,8,0,0,4.85,14.90257,74.29637,NH66_West_Coast,Maharashtra / Kerala
Telangana,Unknown,2019,April,Saturday,0:14,Minor,4,Cycle,8,1,Stormy,Urban Road,Damaged,Dusk,Police Checkpost,95,26,Female,Valid,No,Intersection,1,0,4,5,2,4,0,3,0,4,8,0,0,3.94,13.22776,77.45852,NH48_Mumbai_Bangalore,Maharashtra / Karnataka
Mizoram,Unknown,2019,September,Saturday,10:10,Serious,4,Auto-Rickshaw,4,1,Hazy,Urban Road,Under Construction,Dark,,57,52,Male,Expired,No,Intersection,2,10,9,5,2,2,2,0,0,4,4,0,0,3.33,32.7605,74.80737,NH44_North,Jammu & Kashmir
Jharkhand,Unknown,2020,July,Wednesday,16:37,Serious,1,Cycle,0,0,Clear,Urban Road,Wet,Dawn,Signals,87,45,Male,,No,Intersection,2,16,7,2,2,0,3,1,0,1,0,0,0,1.21,31.06662,77.21084,NH22_Shimla_Manali,Himachal Pradesh
Karnataka,Bangalore,2022,February,Wednesday,0:25,Minor,1,Cycle,0,5,Rainy,National Highway,Under Construction,Dusk,,72,38,Female,Expired,Yes,Straight Road,1,0,2,2,0,3,2,3,1,1,0,0,0,5.76,24.85524,89.86763,NH52_Barasat_Guwahati,West Bengal / Assam
Meghalaya,Unknown,2021,February,Wednesday,4:22,Fatal,5,Truck,7,2,Hazy,Village Road,Wet,Dark,Signs,70,63,Female,Valid,No,Straight Road,3,4,2,2,3,2,3,0,0,5,7,0,0,5.76,28.50219,77.17416,NH44_Delhi_Agra,Uttar Pradesh
Chandigarh,Unknown,2019,November,Thursday,10:51,Minor,2,Cycle,4,4,Foggy,Urban Road,Damaged,Dusk,,39,44,Male,,Yes,Straight Road,1,10,11,3,2,1,0,3,1,2,4,0,0,6.06,31.10977,77.10441,NH22_Shimla_Manali,Himachal Pradesh
Uttarakhand,Unknown,2022,July,Monday,13:15,Fatal,2,Truck,8,2,Hazy,Village Road,Dry,Dusk,Signals,98,54,Female,Expired,Yes,Intersection,3,13,7,0,3,2,1,3,1,2,8,0,0,6.67,19.31375,84.76922,NH16_Kolkata_Chennai,Odisha / Andhra Pradesh
Tripura,Unknown,2020,October,Thursday,3:11,Minor,1,Truck,2,5,Hazy,Village Road,Under Construction,Daylight,Signs,119,64,Female,,No,Intersection,1,3,10,3,3,2,2,2,0,1,2,0,0,5.76,13.44781,77.40429,NH7_Varanasi_Kanyakumari,MP / Karnataka / TN
Sikkim,Unknown,2019,November,Thursday,8:1,Serious,3,Auto-Rickshaw,4,5,Foggy,Village Road,Damaged,Daylight,Signals,68,64,Male,Valid,Yes,Intersection,2,8,11,3,3,1,0,2,1,3,4,0,0,7.58,14.91811,76.53616,NH44_Hyderabad_Bangalore,Karnataka
Odisha,Unknown,2023,August,Thursday,8:19,Fatal,2,Two-Wheeler,8,1,Foggy,Village Road,Damaged,Daylight,,112,59,Male,Expired,Yes,Curve,3,8,8,3,3,1,0,2,1,2,8,0,0,5.76,13.6647,79.43962,NH16_Kolkata_Chennai,Odisha / Andhra Pradesh
Odisha,Unknown,2020,November,Wednesday,5:40,Minor,2,Car,2,5,Clear,Urban Road,Under Construction,Dark,Police Checkpost,77,21,Female,,No,Intersection,1,5,11,2,2,0,2,0,0,2,2,0,0,5.76,27.37641,77.79208,NH44_Delhi_Agra,Uttar Pradesh
Haryana,Unknown,2020,April,Sunday,13:29,Serious,3,Cycle,6,5,Rainy,Urban Road,Dry,Dusk,Signals,36,56,Female,,Yes,Intersection,2,13,4,6,2,3,1,3,1,3,6,0,0,8.18,12.23216,79.29489,NH44_Bangalore_Chennai,Tamil Nadu
Jharkhand,Unknown,2019,May,Monday,22:18,Minor,5,Pedestrian,2,5,Hazy,National Highway,Under Construction,Dark,Signals,80,32,Female,,Yes,Bridge,1,22,5,0,0,2,2,0,1,5,2,0,0,6.36,17.93511,73.63661,NH48_Mumbai_Bangalore,Maharashtra / Karnataka
Goa,Unknown,2019,July,Thursday,10:0,Minor,3,Two-Wheeler,5,4,Rainy,Village Road,Damaged,Dusk,Police Checkpost,80,58,Male,,No,Intersection,1,10,7,3,3,3,0,3,0,3,5,0,0,5.76,27.67422,77.51743,NH44_Delhi_Agra,Uttar Pradesh
Rajasthan,Udaipur,2019,March,Saturday,15:53,Minor,1,Cycle,2,0,Hazy,Village Road,Dry,Dawn,Signals,53,24,Male,Valid,No,Bridge,1,15,3,5,3,2,1,1,0,1,2,0,0,1.21,13.03604,80.25689,NH44_Bangalore_Chennai,Tamil Nadu
Rajasthan,Udaipur,2020,October,Tuesday,21:1,Minor,3,Auto-Rickshaw,4,1,Foggy,National Highway,Under Construction,Dark,,31,18,Female,Valid,No,Straight Road,1,21,10,1,0,1,2,0,0,3,4,0,0,2.73,17.93656,74.82353,NH9_Pune_Hyderabad,Maharashtra / Telangana
Manipur,Unknown,2021,April,Thursday,5:32,Fatal,2,Car,3,0,Rainy,Urban Road,Dry,Daylight,Signals,74,35,Female,Expired,No,Intersection,3,5,4,3,2,3,1,2,0,2,3,0,0,2.73,24.19084,73.4793,NH48_Delhi_Mumbai,Rajasthan / Gujarat
Rajasthan,Udaipur,2021,July,Sunday,9:58,Minor,1,Two-Wheeler,8,5,Clear,Village Road,Wet,Dawn,,107,23,Male,Valid,No,Curve,1,9,7,6,3,0,3,1,0,1,8,0,0,7.58,17.04209,78.33518,NH44_Hyderabad_Bangalore,Karnataka
Puducherry,Unknown,2018,January,Thursday,21:50,Fatal,3,Auto-Rickshaw,5,3,Clear,National Highway,Under Construction,Dusk,Police Checkpost,95,21,Female,Expired,Yes,Curve,3,21,1,3,0,0,2,3,1,3,5,0,0,6.67,12.13203,78.95752,NH44_Bangalore_Chennai,Tamil Nadu
Andhra Pradesh,Visakhapatnam,2019,December,Wednesday,13:8,Fatal,1,Truck,3,1,Stormy,Village Road,Damaged,Dusk,,81,58,Male,Valid,Yes,Straight Road,3,13,12,2,3,4,0,3,1,1,3,0,0,4.24,28.63828,77.22503,NH19_Delhi_Kolkata,Uttar Pradesh / Bihar
Chandigarh,Unknown,2019,November,Sunday,19:43,Serious,1,Car,10,3,Foggy,State Highway,Dry,Dusk,Signals,56,64,Female,,Yes,Bridge,2,19,11,6,1,1,1,3,1,1,10,0,0,7.58,17.23528,76.16745,NH9_Pune_Hyderabad,Maharashtra / Telangana
Punjab,Unknown,2020,February,Saturday,13:28,Fatal,2,Two-Wheeler,7,4,Rainy,Village Road,Dry,Daylight,Signals,62,54,Male,Valid,No,Straight Road,3,13,2,5,3,3,1,2,0,2,7,0,0,7.58,27.99166,76.94544,NH48_Delhi_Mumbai,Rajasthan / Gujarat
Kerala,Unknown,2022,July,Thursday,7:31,Fatal,1,Cycle,5,1,Rainy,Village Road,Dry,Dusk,Signals,43,70,Female,Expired,Yes,Curve,3,7,7,3,3,3,1,3,1,1,5,0,0,4.85,24.25294,84.16982,NH30_Patna_Visakhapatnam,Chhattisgarh
Tripura,Unknown,2022,September,Wednesday,12:7,Minor,1,Truck,0,2,Stormy,Urban Road,Damaged,Daylight,Police Checkpost,117,57,Male,Expired,Yes,Curve,1,12,9,2,2,4,0,2,1,1,0,0,0,3.03,21.07775,79.14212,NH44_Nagpur_Hyderabad,Telangana
Delhi,New Delhi,2022,March,Tuesday,23:47,Minor,4,Pedestrian,2,0,Stormy,Urban Road,Dry,Dusk,,45,66,Male,Expired,Yes,Straight Road,1,23,3,1,2,4,1,3,1,4,2,0,0,1.82,23.85339,81.16499,NH7_Varanasi_Kanyakumari,MP / Karnataka / TN
Chhattisgarh,Unknown,2021,February,Sunday,9:52,Fatal,2,Cycle,3,3,Rainy,National Highway,Wet,Dark,Signs,119,69,Female,Expired,No,Straight Road,3,9,2,6,0,3,3,0,0,2,3,0,0,5.45,20.44311,86.30124,NH16_Kolkata_Chennai,Odisha / Andhra Pradesh
Kerala,Unknown,2023,September,Friday,20:48,Fatal,5,Truck,1,0,Hazy,State Highway,Wet,Daylight,Police Checkpost,34,38,Female,Valid,Yes,Straight Road,3,20,9,4,1,2,3,2,1,5,1,0,0,2.73,14.39041,75.62502,NH48_Mumbai_Bangalore,Maharashtra / Karnataka
Maharashtra,Mumbai,2018,June,Saturday,21:29,Fatal,2,Cycle,8,5,Hazy,State Highway,Wet,Dark,Police Checkpost,85,41,Male,Valid,No,Bridge,3,21,6,5,1,2,3,0,0,2,8,0,0,8.79,18.50262,73.89176,NH48_Mumbai_Bangalore,Maharashtra / Karnataka
Tripura,Unknown,2022,June,Sunday,8:53,Fatal,2,Two-Wheeler,3,5,Hazy,State Highway,Wet,Dawn,Signals,111,65,Male,Valid,Yes,Bridge,3,8,6,6,1,2,3,1,1,2,3,0,0,7.88,23.03519,83.4055,NH30_Patna_Visakhapatnam,Chhattisgarh
Andhra Pradesh,Tirupati,2020,March,Sunday,6:45,Serious,4,Truck,5,2,Hazy,National Highway,Wet,Daylight,Signals,88,21,Male,Expired,No,Straight Road,2,6,3,6,0,2,3,2,0,4,5,0,0,4.55,26.12074,86.51165,NH27_East_West,Rajasthan / MP / UP
Nagaland,Unknown,2023,December,Monday,10:23,Fatal,3,Pedestrian,7,5,Foggy,Urban Road,Under Construction,Dawn,Police Checkpost,89,64,Male,Valid,No,Intersection,3,10,12,0,2,1,2,1,0,3,7,0,0,8.48,18.29511,74.27957,NH9_Pune_Hyderabad,Maharashtra / Telangana
Arunachal Pradesh,Unknown,2018,May,Monday,9:9,Fatal,1,Two-Wheeler,5,2,Clear,National Highway,Under Construction,Dusk,Police Checkpost,37,31,Male,Valid,Yes,Straight Road,3,9,5,0,0,0,2,3,1,1,5,0,0,5.76,20.65988,81.94155,NH30_Patna_Visakhapatnam,Chhattisgarh
Goa,Unknown,2021,April,Friday,12:1,Fatal,5,Truck,1,3,Rainy,State Highway,Wet,Dusk,Police Checkpost,84,51,Male,,Yes,Curve,3,12,4,4,1,3,3,3,1,5,1,0,0,5.45,23.99732,79.05998,NH44_Agra_Nagpur,Madhya Pradesh
Rajasthan,Jodhpur,2018,September,Thursday,0:9,Minor,1,Two-Wheeler,2,2,Rainy,State Highway,Under Construction,Dusk,Signals,46,60,Male,Valid,Yes,Intersection,1,0,9,3,1,3,2,3,1,1,2,0,0,3.64,22.37709,79.0913,NH44_Agra_Nagpur,Madhya Pradesh
Meghalaya,Unknown,2019,April,Wednesday,19:54,Minor,4,Bus,1,5,Rainy,State Highway,Damaged,Dusk,Signs,92,63,Female,Valid,No,Curve,1,19,4,2,1,3,0,3,0,4,1,0,0,5.45,19.29845,72.92324,NH48_Delhi_Mumbai,Rajasthan / Gujarat
Jammu and Kashmir,Unknown,2022,August,Thursday,17:38,Minor,5,Cycle,1,5,Foggy,National Highway,Dry,Dusk,Signals,48,66,Male,,No,Curve,1,17,8,3,0,1,1,3,0,5,1,0,0,5.45,26.24119,78.38801,NH44_Agra_Nagpur,Madhya Pradesh
Gujarat,Vadodara,2019,November,Friday,13:48,Minor,4,Car,7,4,Foggy,Village Road,Wet,Dawn,Police Checkpost,90,37,Male,,No,Curve,1,13,11,4,3,1,3,1,0,4,7,0,0,6.36,27.72517,77.49386,NH44_Delhi_Agra,Uttar Pradesh
West Bengal,Siliguri,2020,November,Monday,10:8,Fatal,2,Pedestrian,4,3,Hazy,Urban Road,Dry,Daylight,Signs,94,39,Male,,No,Curve,3,10,11,0,2,2,1,2,0,2,4,0,0,5.76,25.90592,88.27854,NH27_East_West,Rajasthan / MP / UP
Meghalaya,Unknown,2019,May,Tuesday,5:37,Serious,4,Bus,6,5,Foggy,National Highway,Damaged,Daylight,Police Checkpost,42,29,Male,,Yes,Intersection,2,5,5,1,0,1,0,2,1,4,6,0,0,8.18,15.87645,80.27112,NH16_Kolkata_Chennai,Odisha / Andhra Pradesh
Nagaland,Unknown,2021,September,Friday,16:0,Fatal,5,Two-Wheeler,9,5,Stormy,National Highway,Wet,Daylight,Police Checkpost,41,68,Male,Valid,Yes,Intersection,3,16,9,4,0,4,3,2,1,5,9,0,0,9.7,24.27869,84.54811,NH19_Delhi_Kolkata,Uttar Pradesh / Bihar
Jharkhand,Unknown,2019,June,Saturday,10:41,Fatal,4,Pedestrian,5,5,Hazy,Village Road,Dry,Dusk,Signs,72,47,Female,Valid,No,Curve,3,10,6,5,3,2,1,3,0,4,5,0,0,7.88,31.89184,77.40801,NH22_Shimla_Manali,Himachal Pradesh
Jharkhand,Unknown,2018,February,Wednesday,21:18,Minor,3,Pedestrian,1,1,Stormy,National Highway,Wet,Dawn,Signals,109,58,Male,Expired,Yes,Straight Road,1,21,2,2,0,4,3,1,1,3,1,0,0,2.42,9.91275,77.46789,NH7_Varanasi_Kanyakumari,MP / Karnataka / TN
Nagaland,Unknown,2020,September,Friday,12:50,Fatal,1,Two-Wheeler,4,0,Clear,National Highway,Dry,Dawn,Signs,44,43,Female,Valid,Yes,Straight Road,3,12,9,4,0,0,1,1,1,1,4,0,0,3.64,13.16552,77.6115,NH44_Hyderabad_Bangalore,Karnataka
Puducherry,Unknown,2023,September,Friday,2:5,Minor,4,Pedestrian,5,2,Foggy,Village Road,Wet,Dawn,Police Checkpost,30,38,Male,Expired,No,Intersection,1,2,9,4,3,1,3,1,0,4,5,0,0,3.94,21.86969,80.26949,NH7_Varanasi_Kanyakumari,MP / Karnataka / TN
Jammu and Kashmir,Unknown,2022,December,Saturday,11:40,Fatal,4,Pedestrian,7,5,Clear,Village Road,Damaged,Dark,Police Checkpost,106,21,Male,,No,Bridge,3,11,12,5,3,0,0,0,0,4,7,0,0,8.48,26.2367,78.5001,NH44_Agra_Nagpur,Madhya Pradesh
Delhi,New Delhi,2023,July,Tuesday,9:22,Fatal,4,Cycle,4,1,Foggy,State Highway,Wet,Daylight,Signs,100,33,Male,Expired,Yes,Straight Road,3,9,7,1,1,1,3,2,1,4,4,0,0,4.55,18.70346,78.37086,NH44_Nagpur_Hyderabad,Telangana
Sikkim,Unknown,2020,October,Wednesday,11:59,Fatal,2,Truck,8,5,Foggy,State Highway,Dry,Daylight,Signals,32,26,Male,Valid,No,Bridge,3,11,10,2,1,1,1,2,0,2,8,0,0,8.79,27.04904,78.06407,NH44_Delhi_Agra,Uttar Pradesh
Kerala,Unknown,2022,October,Sunday,10:57,Minor,3,Cycle,2,2,Foggy,Urban Road,Under Construction,Dark,Signals,69,34,Female,Valid,Yes,Straight Road,1,10,10,6,2,1,2,0,1,3,2,0,0,3.64,24.9068,83.82016,NH19_Delhi_Kolkata,Uttar Pradesh / Bihar
Puducherry,Unknown,2018,June,Friday,0:2,Serious,4,Two-Wheeler,8,4,Stormy,Village Road,Under Construction,Dark,,39,45,Male,,No,Straight Road,2,0,6,4,3,4,2,0,0,4,8,0,0,7.27,13.2904,77.48355,NH48_Mumbai_Bangalore,Maharashtra / Karnataka
Telangana,Unknown,2018,October,Monday,10:13,Fatal,1,Two-Wheeler,1,3,Rainy,State Highway,Damaged,Dusk,Police Checkpost,84,70,Male,Valid,Yes,Bridge,3,10,10,0,1,3,0,3,1,1,1,0,0,5.45,27.643,77.59191,NH44_Delhi_Agra,Uttar Pradesh
Assam,Unknown,2023,March,Saturday,2:18,Minor,5,Car,7,4,Rainy,State Highway,Under Construction,Dark,Signs,57,55,Male,,No,Straight Road,1,2,3,5,1,3,2,0,0,5,7,0,0,6.36,31.08791,77.1555,NH22_Shimla_Manali,Himachal Pradesh
Manipur,Unknown,2023,December,Monday,8:6,Minor,4,Cycle,9,5,Foggy,State Highway,Wet,Dark,Signals,86,66,Female,Valid,Yes,Straight Road,1,8,12,0,1,1,3,0,1,4,9,0,0,8.48,27.16986,77.89752,NH44_Delhi_Agra,Uttar Pradesh
Puducherry,Unknown,2021,September,Wednesday,21:7,Fatal,3,Cycle,3,1,Foggy,Urban Road,Damaged,Dawn,,72,51,Female,,Yes,Curve,3,21,9,2,2,1,0,1,1,3,3,0,0,4.24,17.74244,83.30338,NH16_Kolkata_Chennai,Odisha / Andhra Pradesh
West Bengal,Durgapur,2021,December,Friday,7:28,Fatal,5,Truck,6,1,Stormy,State Highway,Wet,Dark,Police Checkpost,45,25,Female,,No,Straight Road,3,7,12,4,1,4,3,0,0,5,6,0,0,4.55,27.74106,77.56389,NH44_Delhi_Agra,Uttar Pradesh
Puducherry,Unknown,2020,January,Monday,10:22,Fatal,4,Cycle,5,4,Foggy,State Highway,Damaged,Daylight,,70,66,Male,Valid,Yes,Intersection,3,10,1,0,1,1,0,2,1,4,5,0,0,7.58,8.21919,77.28275,NH7_Varanasi_Kanyakumari,MP / Karnataka / TN
Arunachal Pradesh,Unknown,2020,March,Wednesday,17:30,Fatal,1,Auto-Rickshaw,8,4,Hazy,Village Road,Damaged,Dark,Police Checkpost,55,58,Male,Valid,No,Bridge,3,17,3,2,3,2,0,0,0,1,8,0,0,7.88,22.61477,88.34141,NH19_Delhi_Kolkata,Uttar Pradesh / Bihar
Haryana,Unknown,2019,November,Saturday,23:41,Serious,2,Auto-Rickshaw,7,5,Clear,State Highway,Wet,Dawn,Signs,47,51,Male,Valid,Yes,Intersection,2,23,11,5,1,0,3,1,1,2,7,0,0,8.48,26.99849,78.09966,NH44_Delhi_Agra,Uttar Pradesh
Uttarakhand,Unknown,2019,June,Monday,2:45,Serious,4,Two-Wheeler,8,0,Rainy,State Highway,Damaged,Daylight,Police Checkpost,76,65,Female,,Yes,Curve,2,2,6,0,1,3,0,2,1,4,8,0,0,4.24,28.67249,77.26617,NH19_Delhi_Kolkata,Uttar Pradesh / Bihar
Tripura,Unknown,2019,September,Sunday,18:10,Fatal,3,Car,10,2,Stormy,State Highway,Under Construction,Daylight,Signals,115,42,Male,Expired,Yes,Curve,3,18,9,6,1,4,2,2,1,3,10,0,0,7.27,23.43277,88.82095,NH52_Barasat_Guwahati,West Bengal / Assam
Madhya Pradesh,Unknown,2020,December,Tuesday,12:44,Fatal,4,Cycle,3,5,Foggy,State Highway,Wet,Dark,,34,24,Female,Expired,No,Bridge,3,12,12,1,1,1,3,0,0,4,3,0,0,7.27,18.59888,78.35998,NH44_Nagpur_Hyderabad,Telangana
Madhya Pradesh,Unknown,2022,June,Wednesday,15:53,Fatal,5,Two-Wheeler,3,1,Clear,Village Road,Damaged,Dark,Signals,92,18,Female,Expired,Yes,Straight Road,3,15,6,2,3,0,0,0,1,5,3,0,0,4.24,26.74892,78.20924,NH44_Agra_Nagpur,Madhya Pradesh
Nagaland,Unknown,2023,July,Saturday,2:34,Minor,4,Car,8,0,Rainy,Urban Road,Dry,Dawn,Police Checkpost,78,42,Male,Valid,Yes,Intersection,1,2,7,5,2,3,1,1,1,4,8,0,0,3.64,25.73048,79.42779,NH27_East_West,Rajasthan / MP / UP
Puducherry,Unknown,2020,April,Saturday,0:40,Fatal,3,Two-Wheeler,6,2,Hazy,Village Road,Under Construction,Daylight,,82,27,Female,,No,Bridge,3,0,4,5,3,2,2,2,0,3,6,0,0,5.45,13.61683,79.38915,NH16_Kolkata_Chennai,Odisha / Andhra Pradesh
Madhya Pradesh,Unknown,2018,April,Monday,1:57,Minor,1,Auto-Rickshaw,8,1,Hazy,Village Road,Under Construction,Dawn,,97,45,Female,Expired,Yes,Intersection,1,1,4,0,3,2,2,1,1,1,8,0,0,4.55,17.35363,78.51934,NH44_Nagpur_Hyderabad,Telangana
Telangana,Unknown,2021,October,Saturday,6:59,Minor,4,Truck,2,3,Rainy,Urban Road,Wet,Dawn,Signals,60,46,Male,Expired,No,Bridge,1,6,10,5,2,3,3,1,0,4,2,0,0,3.94,27.61296,77.55065,NH44_Delhi_Agra,Uttar Pradesh
Sikkim,Unknown,2023,April,Sunday,23:32,Serious,3,Car,9,4,Hazy,State Highway,Under Construction,Dawn,Signals,118,27,Female,Valid,Yes,Bridge,2,23,4,6,1,2,2,1,1,3,9,0,0,8.18,25.62519,85.19934,NH30_Patna_Visakhapatnam,Chhattisgarh
Mizoram,Unknown,2022,April,Wednesday,12:57,Fatal,1,Auto-Rickshaw,2,0,Clear,State Highway,Damaged,Dawn,Signals,54,19,Female,Expired,No,Curve,3,12,4,2,1,0,0,1,0,1,2,0,0,2.42,17.32232,78.53636,NH9_Pune_Hyderabad,Maharashtra / Telangana
Maharashtra,Pune,2018,July,Saturday,8:57,Minor,3,Car,10,4,Stormy,National Highway,Damaged,Dawn,Signals,42,54,Female,Expired,No,Bridge,1,8,7,5,0,4,0,1,0,3,10,0,0,7.27,18.0787,78.50093,NH44_Nagpur_Hyderabad,Telangana
Nagaland,Unknown,2022,September,Tuesday,22:21,Fatal,2,Truck,1,0,Clear,National Highway,Under Construction,Dusk,Police Checkpost,109,65,Male,Valid,Yes,Curve,3,22,9,1,0,0,2,3,1,2,1,0,0,2.73,24.09045,73.45869,NH48_Delhi_Mumbai,Rajasthan / Gujarat
Chandigarh,Unknown,2018,June,Tuesday,11:30,Fatal,5,Cycle,3,2,Rainy,Urban Road,Damaged,Dawn,Police Checkpost,32,46,Female,Valid,Yes,Curve,3,11,6,1,2,3,0,1,1,5,3,0,0,5.15,20.52444,79.04913,NH44_Nagpur_Hyderabad,Telangana
Telangana,Unknown,2021,April,Thursday,5:49,Serious,4,Pedestrian,1,5,Foggy,State Highway,Dry,Daylight,Police Checkpost,77,52,Male,,No,Bridge,2,5,4,3,1,1,1,2,0,4,1,0,0,6.06,15.43101,77.16885,NH7_Varanasi_Kanyakumari,MP / Karnataka / TN
Tripura,Unknown,2023,December,Monday,22:35,Serious,1,Bus,2,1,Clear,State Highway,Under Construction,Dark,,80,39,Male,,Yes,Bridge,2,22,12,0,1,0,2,0,1,1,2,0,0,3.33,23.96234,79.14525,NH44_Agra_Nagpur,Madhya Pradesh
Chandigarh,Unknown,2020,August,Thursday,0:11,Minor,5,Truck,4,4,Rainy,Urban Road,Under Construction,Dawn,,116,67,Male,,Yes,Bridge,1,0,8,3,2,3,2,1,1,5,4,0,0,6.06,23.01901,80.45993,NH7_Varanasi_Kanyakumari,MP / Karnataka / TN
Chhattisgarh,Unknown,2019,May,Friday,7:19,Minor,5,Truck,4,4,Rainy,Urban Road,Under Construction,Dusk,,35,58,Female,Valid,Yes,Intersection,1,7,5,4,2,3,2,3,1,5,4,0,0,6.06,19.16455,78.61292,NH44_Nagpur_Hyderabad,Telangana
Punjab,Unknown,2019,November,Wednesday,9:56,Serious,5,Cycle,6,0,Foggy,State Highway,Under Construction,Dusk,Signs,97,45,Male,Valid,Yes,Intersection,2,9,11,2,1,1,2,3,1,5,6,0,0,3.64,21.45736,82.42801,NH30_Patna_Visakhapatnam,Chhattisgarh
Madhya Pradesh,Unknown,2019,November,Thursday,10:0,Minor,1,Auto-Rickshaw,8,5,Hazy,Village Road,Dry,Dark,Police Checkpost,100,69,Female,Expired,Yes,Curve,1,10,11,3,3,2,1,0,1,1,8,0,0,8.18,23.8921,79.17622,NH44_Agra_Nagpur,Madhya Pradesh
Puducherry,Unknown,2018,July,Tuesday,13:41,Minor,5,Car,1,1,Stormy,Village Road,Damaged,Dawn,Police Checkpost,49,35,Female,,No,Curve,1,13,7,1,3,4,0,1,0,5,1,0,0,1.82,26.22988,78.47537,NH44_Agra_Nagpur,Madhya Pradesh
Gujarat,Surat,2022,July,Sunday,2:41,Minor,3,Auto-Rickshaw,1,0,Hazy,Urban Road,Wet,Daylight,,46,62,Female,Valid,No,Bridge,1,2,7,6,2,2,3,2,0,3,1,0,0,0.91,18.67324,84.27626,NH16_Kolkata_Chennai,Odisha / Andhra Pradesh
West Bengal,Siliguri,2018,December,Sunday,19:34,Minor,5,Auto-Rickshaw,5,0,Hazy,Urban Road,Dry,Dark,,106,24,Male,Expired,Yes,Bridge,1,19,12,6,2,2,1,0,1,5,5,0,0,2.73,24.94335,83.90965,NH19_Delhi_Kolkata,Uttar Pradesh / Bihar
Telangana,Unknown,2021,March,Saturday,10:31,Fatal,1,Pedestrian,1,0,Foggy,Village Road,Damaged,Dusk,Signals,41,52,Male,,No,Bridge,3,10,3,5,3,1,0,3,0,1,1,0,0,2.12,28.26654,77.16972,NH44_Delhi_Agra,Uttar Pradesh
Bihar,Unknown,2023,November,Monday,14:2,Fatal,3,Cycle,3,2,Stormy,National Highway,Dry,Dark,Signs,104,45,Male,Valid,No,Straight Road,3,14,11,0,0,4,1,0,0,3,3,0,0,4.55,27.5251,78.18848,NH19_Delhi_Kolkata,Uttar Pradesh / Bihar
Sikkim,Unknown,2020,March,Sunday,6:42,Minor,5,Two-Wheeler,4,2,Clear,Village Road,Dry,Dusk,Police Checkpost,50,45,Female,Valid,Yes,Bridge,1,6,3,6,3,0,1,3,1,5,4,0,0,4.24,20.39305,86.17281,NH16_Kolkata_Chennai,Odisha / Andhra Pradesh
Rajasthan,Udaipur,2022,April,Friday,22:3,Serious,4,Car,7,5,Foggy,State Highway,Under Construction,Dark,,37,38,Male,Valid,Yes,Straight Road,2,22,4,4,1,1,2,0,1,4,7,0,0,8.48,22.9454,79.49039,NH44_Agra_Nagpur,Madhya Pradesh
Nagaland,Unknown,2018,May,Saturday,2:24,Fatal,1,Auto-Rickshaw,7,4,Clear,Urban Road,Under Construction,Daylight,Police Checkpost,88,40,Female,Expired,No,Curve,3,2,5,5,2,0,2,2,0,1,7,0,0,7.58,21.14409,79.14824,NH7_Varanasi_Kanyakumari,MP / Karnataka / TN
Arunachal Pradesh,Unknown,2019,October,Tuesday,19:51,Minor,4,Car,3,3,Clear,State Highway,Damaged,Daylight,,90,62,Male,Valid,Yes,Straight Road,1,19,10,1,1,0,0,2,1,4,3,0,0,4.85,32.70812,74.82265,NH44_North,Jammu & Kashmir
Kerala,Unknown,2020,October,Saturday,0:47,Fatal,1,Cycle,2,5,Stormy,Village Road,Wet,Daylight,Signals,108,40,Male,,No,Bridge,3,0,10,5,3,4,3,2,0,1,2,0,0,6.97,24.19266,84.55231,NH19_Delhi_Kolkata,Uttar Pradesh / Bihar
Tripura,Unknown,2023,January,Sunday,9:9,Minor,1,Cycle,9,2,Hazy,National Highway,Wet,Dusk,Signals,79,63,Male,Expired,Yes,Straight Road,1,9,1,6,0,2,3,3,1,1,9,0,0,5.76,18.4584,73.87162,NH48_Mumbai_Bangalore,Maharashtra / Karnataka
Telangana,Unknown,2022,May,Thursday,4:55,Minor,5,Two-Wheeler,7,0,Clear,Village Road,Damaged,Dark,Signs,64,22,Male,Valid,Yes,Bridge,1,4,5,3,3,0,0,0,1,5,7,0,0,3.33,27.94634,77.36798,NH44_Delhi_Agra,Uttar Pradesh
Sikkim,Unknown,2021,November,Thursday,0:26,Minor,5,Auto-Rickshaw,3,2,Clear,Urban Road,Damaged,Daylight,Police Checkpost,96,57,Female,Valid,Yes,Straight Road,1,0,11,3,2,0,0,2,1,5,3,0,0,3.94,33.39904,75.28743,NH44_North,Jammu & Kashmir
Haryana,Unknown,2023,July,Friday,17:35,Minor,5,Two-Wheeler,3,1,Rainy,Village Road,Wet,Dawn,Signs,45,29,Male,Expired,No,Intersection,1,17,7,4,3,3,3,1,0,5,3,0,0,2.42,8.87588,77.40142,NH66_West_Coast,Maharashtra / Kerala
Gujarat,Vadodara,2021,March,Sunday,19:43,Serious,2,Cycle,6,4,Rainy,National Highway,Under Construction,Daylight,Signals,52,44,Female,Valid,Yes,Straight Road,2,19,3,6,0,3,2,2,1,2,6,0,0,7.27,20.0552,73.43641,NH48_Delhi_Mumbai,Rajasthan / Gujarat
Sikkim,Unknown,2022,October,Sunday,3:1,Fatal,2,Car,10,4,Stormy,Urban Road,Damaged,Daylight,Police Checkpost,107,46,Female,Expired,No,Intersection,3,3,10,6,2,4,0,2,0,2,10,0,0,8.48,27.94439,77.34164,NH44_Delhi_Agra,Uttar Pradesh
Nagaland,Unknown,2018,October,Saturday,14:7,Fatal,5,Truck,10,5,Rainy,Urban Road,Wet,Dark,Police Checkpost,62,25,Male,Valid,Yes,Intersection,3,14,10,5,2,3,3,0,1,5,10,0,0,10.0,18.59098,73.78431,NH48_Mumbai_Bangalore,Maharashtra / Karnataka
Gujarat,Vadodara,2021,October,Tuesday,2:46,Serious,1,Auto-Rickshaw,5,4,Foggy,Village Road,Damaged,Dark,,33,66,Male,Valid,No,Curve,2,2,10,1,3,1,0,0,0,1,5,0,0,6.36,14.95108,75.28191,NH48_Mumbai_Bangalore,Maharashtra / Karnataka
Haryana,Unknown,2023,September,Thursday,16:51,Fatal,1,Truck,8,0,Stormy,National Highway,Under Construction,Dawn,Police Checkpost,96,40,Female,Valid,No,Straight Road,3,16,9,3,0,4,2,1,0,1,8,0,0,4.24,19.24953,78.47318,NH44_Nagpur_Hyderabad,Telangana
Maharashtra,Nagpur,2023,March,Tuesday,11:29,Fatal,2,Bus,4,3,Stormy,State Highway,Under Construction,Daylight,Signs,30,22,Male,Expired,Yes,Curve,3,11,3,1,1,4,2,2,1,2,4,0,0,6.36,17.89704,74.81866,NH9_Pune_Hyderabad,Maharashtra / Telangana
Sikkim,Unknown,2021,November,Monday,5:22,Serious,2,Pedestrian,9,2,Hazy,National Highway,Wet,Dark,Signs,63,57,Female,Valid,Yes,Bridge,2,5,11,0,0,2,3,0,1,2,9,0,0,6.36,9.87372,77.43018,NH7_Varanasi_Kanyakumari,MP / Karnataka / TN
Madhya Pradesh,Unknown,2018,November,Tuesday,7:47,Serious,3,Truck,5,3,Clear,Village Road,Dry,Dark,Signs,109,52,Female,,No,Intersection,2,7,11,1,3,0,1,0,0,3,5,0,0,5.45,20.65351,81.82326,NH30_Patna_Visakhapatnam,Chhattisgarh
Kerala,Unknown,2019,November,Friday,15:44,Minor,3,Cycle,5,0,Hazy,State Highway,Damaged,Dawn,Signals,47,55,Male,Expired,No,Bridge,1,15,11,4,1,2,0,1,0,3,5,0,0,2.12,27.4942,76.58544,NH48_Delhi_Mumbai,Rajasthan / Gujarat
West Bengal,Siliguri,2021,April,Friday,4:4,Serious,2,Two-Wheeler,2,2,Clear,Urban Road,Dry,Dark,,36,26,Male,Expired,No,Curve,2,4,4,4,2,0,1,0,0,2,2,0,0,3.64,22.9962,79.38814,NH44_Agra_Nagpur,Madhya Pradesh
Karnataka,Mangalore,2019,September,Thursday,16:40,Minor,5,Pedestrian,8,4,Clear,Village Road,Wet,Dark,Signs,117,37,Male,,Yes,Straight Road,1,16,9,3,3,0,3,0,1,5,8,0,0,7.27,21.48501,82.41265,NH30_Patna_Visakhapatnam,Chhattisgarh
Nagaland,Unknown,2019,September,Sunday,10:32,Serious,2,Pedestrian,3,4,Hazy,Village Road,Under Construction,Dawn,Police Checkpost,86,48,Male,Valid,No,Straight Road,2,10,9,6,3,2,2,1,0,2,3,0,0,5.76,21.8307,72.18683,NH48_Delhi_Mumbai,Rajasthan / Gujarat
Jammu and Kashmir,Unknown,2020,December,Sunday,22:39,Serious,3,Bus,0,5,Hazy,National Highway,Under Construction,Dark,,51,34,Male,Expired,Yes,Bridge,2,22,12,6,0,2,2,0,1,3,0,0,0,6.36,27.80763,77.467,NH44_Delhi_Agra,Uttar Pradesh
Mizoram,Unknown,2021,August,Sunday,21:33,Minor,1,Cycle,3,0,Rainy,State Highway,Damaged,Dusk,Signals,86,70,Male,Expired,No,Curve,1,21,8,6,1,3,0,3,0,1,3,0,0,1.52,17.87616,74.85973,NH9_Pune_Hyderabad,Maharashtra / Telangana
Rajasthan,Udaipur,2021,June,Wednesday,8:32,Fatal,4,Two-Wheeler,2,2,Clear,Urban Road,Damaged,Dawn,,105,64,Male,Valid,Yes,Curve,3,8,6,2,2,0,0,1,1,4,2,0,0,4.85,23.89619,81.2551,NH7_Varanasi_Kanyakumari,MP / Karnataka / TN
Haryana,Unknown,2020,September,Friday,6:33,Minor,4,Auto-Rickshaw,6,1,Clear,Village Road,Wet,Daylight,Signals,56,43,Male,Expired,Yes,Intersection,1,6,9,4,3,0,3,2,1,4,6,0,0,3.94,32.41617,77.19495,NH22_Shimla_Manali,Himachal Pradesh
West Bengal,Kolkata,2022,January,Wednesday,1:43,Minor,1,Truck,8,5,Foggy,Village Road,Wet,Dusk,Signals,95,41,Female,,No,Bridge,1,1,1,2,3,1,3,3,0,1,8,0,0,7.58,13.91197,74.89094,NH66_West_Coast,Maharashtra / Kerala
Assam,Unknown,2021,October,Saturday,6:52,Fatal,1,Truck,2,5,Hazy,Urban Road,Damaged,Dusk,Signs,37,42,Female,,Yes,Bridge,3,6,10,5,2,2,0,3,1,1,2,0,0,7.58,21.78682,79.03106,NH44_Agra_Nagpur,Madhya Pradesh
Uttar Pradesh,Kanpur,2020,March,Friday,12:31,Minor,5,Cycle,0,2,Foggy,Village Road,Damaged,Dusk,Signals,108,33,Male,Expired,Yes,Straight Road,1,12,3,4,3,1,0,3,1,5,0,0,0,3.03,25.3052,82.98288,NH19_Delhi_Kolkata,Uttar Pradesh / Bihar
Bihar,Unknown,2018,April,Thursday,20:43,Minor,5,Auto-Rickshaw,6,5,Clear,State Highway,Wet,Dark,Police Checkpost,55,47,Female,Valid,Yes,Intersection,1,20,4,3,1,0,3,0,1,5,6,0,0,7.58,27.82998,77.47274,NH44_Delhi_Agra,Uttar Pradesh
Mizoram,Unknown,2023,October,Saturday,17:58,Minor,3,Car,7,1,Foggy,State Highway,Wet,Dusk,,117,28,Male,,No,Intersection,1,17,10,5,1,1,3,3,0,3,7,0,0,3.64,22.6256,88.36022,NH16_Kolkata_Chennai,Odisha / Andhra Pradesh
Himachal Pradesh,Unknown,2018,November,Sunday,7:5,Minor,3,Truck,7,0,Rainy,State Highway,Wet,Dusk,Signals,109,30,Male,,No,Straight Road,1,7,11,6,1,3,3,3,0,3,7,0,0,2.73,23.52247,73.28196,NH27_East_West,Rajasthan / MP / UP
Tamil Nadu,Madurai,2021,May,Wednesday,21:47,Minor,4,Bus,4,1,Clear,National Highway,Damaged,Dawn,Signals,40,70,Female,Expired,No,Intersection,1,21,5,2,0,0,0,1,0,4,4,0,0,2.73,25.8399,82.21173,NH19_Delhi_Kolkata,Uttar Pradesh / Bihar
Goa,Unknown,2022,October,Tuesday,20:31,Fatal,5,Truck,6,0,Rainy,State Highway,Under Construction,Daylight,Signals,94,44,Female,,Yes,Intersection,3,20,10,1,1,3,2,2,1,5,6,0,0,4.24,17.855,74.93597,NH9_Pune_Hyderabad,Maharashtra / Telangana
Goa,Unknown,2020,November,Wednesday,17:25,Minor,1,Two-Wheeler,7,3,Stormy,State Highway,Under Construction,Dusk,Police Checkpost,55,36,Female,Valid,No,Intersection,1,17,11,2,1,4,2,3,0,1,7,0,0,5.45,28.56098,77.27263,NH44_Delhi_Agra,Uttar Pradesh
Puducherry,Unknown,2023,September,Thursday,5:38,Serious,1,Auto-Rickshaw,6,0,Rainy,State Highway,Damaged,Daylight,Signals,52,33,Male,Expired,Yes,Intersection,2,5,9,3,1,3,0,2,1,1,6,0,0,3.64,22.21504,83.03512,NH30_Patna_Visakhapatnam,Chhattisgarh
Tamil Nadu,Madurai,2023,December,Monday,1:56,Fatal,1,Bus,3,5,Rainy,State Highway,Damaged,Dusk,Signals,87,28,Female,Expired,No,Intersection,3,1,12,0,1,3,0,3,0,1,3,0,0,7.27,22.35454,79.12424,NH44_Agra_Nagpur,Madhya Pradesh
Tamil Nadu,Madurai,2019,September,Thursday,22:5,Fatal,3,Bus,4,5,Stormy,Village Road,Under Construction,Dusk,Signals,51,54,Female,,Yes,Intersection,3,22,9,3,3,4,2,3,1,3,4,0,0,8.18,27.78205,77.46563,NH44_Delhi_Agra,Uttar Pradesh
Nagaland,Unknown,2020,June,Wednesday,17:9,Minor,5,Cycle,10,2,Stormy,Urban Road,Dry,Daylight,Police Checkpost,54,58,Female,,No,Intersection,1,17,6,2,2,4,1,2,0,5,10,0,0,5.45,32.09197,77.05392,NH22_Shimla_Manali,Himachal Pradesh
Punjab,Unknown,2019,September,Wednesday,1:43,Serious,2,Two-Wheeler,1,0,Clear,Urban Road,Wet,Daylight,,87,49,Male,Valid,Yes,Straight Road,2,1,9,2,2,0,3,2,1,2,1,0,0,2.12,12.55152,79.51924,NH44_Bangalore_Chennai,Tamil Nadu
Uttarakhand,Unknown,2022,September,Saturday,21:34,Serious,2,Truck,3,0,Foggy,Village Road,Damaged,Dark,Police Checkpost,71,28,Female,,No,Curve,2,21,9,5,3,1,0,0,0,2,3,0,0,2.12,12.15077,78.42713,NH44_Bangalore_Chennai,Tamil Nadu
Tamil Nadu,Coimbatore,2023,September,Wednesday,0:21,Minor,5,Bus,4,3,Stormy,State Highway,Dry,Dark,Signals,62,55,Female,Valid,No,Intersection,1,0,9,2,1,4,1,0,0,5,4,0,0,4.55,16.49204,80.54848,NH16_Kolkata_Chennai,Odisha / Andhra Pradesh
Sikkim,Unknown,2019,June,Sunday,17:0,Serious,5,Car,4,5,Rainy,National Highway,Damaged,Dark,Signals,118,34,Female,,Yes,Bridge,2,17,6,6,0,3,0,0,1,5,4,0,0,7.58,17.69094,83.33091,NH16_Kolkata_Chennai,Odisha / Andhra Pradesh
Punjab,Unknown,2021,April,Friday,15:48,Minor,4,Pedestrian,10,0,Rainy,National Highway,Damaged,Dusk,Signs,79,39,Female,Expired,No,Curve,1,15,4,4,0,3,0,3,0,4,10,0,0,3.64,26.90367,75.77043,NH48_Delhi_Mumbai,Rajasthan / Gujarat
Assam,Unknown,2018,February,Saturday,20:2,Minor,4,Bus,10,3,Clear,Urban Road,Under Construction,Dawn,Police Checkpost,59,52,Female,,Yes,Bridge,1,20,2,5,2,0,2,1,1,4,10,0,0,6.97,26.1718,86.51041,NH27_East_West,Rajasthan / MP / UP
Punjab,Unknown,2019,May,Friday,19:5,Fatal,5,Two-Wheeler,6,5,Stormy,State Highway,Wet,Dawn,Signals,80,66,Female,Valid,Yes,Intersection,3,19,5,4,1,4,3,1,1,5,6,0,0,8.79,25.75672,82.20285,NH19_Delhi_Kolkata,Uttar Pradesh / Bihar
Himachal Pradesh,Unknown,2020,May,Friday,18:56,Minor,5,Car,3,1,Hazy,State Highway,Wet,Dawn,Signals,33,68,Female,Valid,No,Intersection,1,18,5,4,1,2,3,1,0,5,3,0,0,2.42,8.24267,77.20804,NH7_Varanasi_Kanyakumari,MP / Karnataka / TN
Meghalaya,Unknown,2023,November,Wednesday,1:34,Minor,5,Truck,8,1,Foggy,Urban Road,Under Construction,Dawn,Signals,81,58,Male,,Yes,Bridge,1,1,11,2,2,1,2,1,1,5,8,0,0,4.55,27.42853,77.73533,NH44_Delhi_Agra,Uttar Pradesh
Himachal Pradesh,Unknown,2021,May,Tuesday,0:37,Minor,2,Car,7,0,Clear,Village Road,Dry,Dark,,64,69,Male,,No,Straight Road,1,0,5,1,3,0,1,0,0,2,7,0,0,2.73,26.83468,80.92593,NH27_East_West,Rajasthan / MP / UP
Jammu and Kashmir,Unknown,2018,May,Saturday,15:16,Serious,5,Two-Wheeler,10,3,Foggy,National Highway,Dry,Daylight,Police Checkpost,83,68,Female,Expired,No,Intersection,2,15,5,5,0,1,1,2,0,5,10,0,0,6.97,15.86322,80.22934,NH16_Kolkata_Chennai,Odisha / Andhra Pradesh
Delhi,Dwarka,2018,November,Wednesday,10:45,Serious,1,Truck,7,3,Stormy,Urban Road,Under Construction,Daylight,Signals,105,67,Female,Valid,Yes,Bridge,2,10,11,2,2,4,2,2,1,1,7,0,0,6.67,28.58105,77.19209,NH44_Delhi_Agra,Uttar Pradesh
Goa,Unknown,2023,March,Thursday,13:47,Minor,5,Truck,1,2,Stormy,National Highway,Wet,Dusk,Signals,75,34,Female,,No,Straight Road,1,13,3,3,0,4,3,3,0,5,1,0,0,2.73,15.30904,77.02127,NH44_Hyderabad_Bangalore,Karnataka
Puducherry,Unknown,2020,February,Wednesday,18:48,Fatal,1,Car,10,0,Foggy,Urban Road,Wet,Dark,Police Checkpost,106,48,Female,Expired,Yes,Bridge,3,18,2,2,2,1,3,0,1,1,10,0,0,5.45,22.34874,79.17904,NH44_Agra_Nagpur,Madhya Pradesh
Jammu and Kashmir,Unknown,2019,November,Sunday,0:51,Serious,2,Auto-Rickshaw,8,2,Clear,Village Road,Dry,Dawn,,50,33,Male,Expired,Yes,Straight Road,2,0,11,6,3,0,1,1,1,2,8,0,0,6.06,20.47633,86.25514,NH16_Kolkata_Chennai,Odisha / Andhra Pradesh
Arunachal Pradesh,Unknown,2021,December,Wednesday,9:40,Fatal,4,Auto-Rickshaw,2,0,Foggy,Village Road,Dry,Dark,,51,63,Female,Expired,No,Intersection,3,9,12,2,3,1,1,0,0,4,2,0,0,2.42,29.69953,78.28555,NH58_Delhi_Badrinath,Uttarakhand
Karnataka,Mangalore,2019,July,Friday,22:19,Fatal,2,Truck,3,2,Foggy,National Highway,Under Construction,Daylight,Signals,72,28,Female,Valid,Yes,Bridge,3,22,7,4,0,1,2,2,1,2,3,0,0,5.15,28.58156,77.27891,NH48_Delhi_Mumbai,Rajasthan / Gujarat
Goa,Unknown,2022,May,Wednesday,6:36,Fatal,4,Bus,0,0,Clear,National Highway,Dry,Dark,Signs,91,29,Female,,No,Straight Road,3,6,5,2,0,0,1,0,0,4,0,0,0,1.82,22.92225,79.46569,NH44_Agra_Nagpur,Madhya Pradesh
Delhi,New Delhi,2023,March,Tuesday,22:57,Minor,2,Bus,7,1,Rainy,State Highway,Damaged,Dark,,65,65,Male,Valid,Yes,Bridge,1,22,3,1,1,3,0,0,1,2,7,0,0,4.24,18.23968,74.22815,NH9_Pune_Hyderabad,Maharashtra / Telangana
Chhattisgarh,Unknown,2022,October,Friday,0:30,Serious,5,Cycle,7,5,Foggy,National Highway,Under Construction,Dawn,Police Checkpost,55,63,Male,Expired,No,Curve,2,0,10,4,0,1,2,1,0,5,7,0,0,7.88,19.83527,79.50479,NH7_Varanasi_Kanyakumari,MP / Karnataka / TN
Haryana,Unknown,2019,December,Sunday,23:51,Minor,2,Auto-Rickshaw,0,2,Rainy,Village Road,Dry,Dawn,Police Checkpost,53,25,Female,Valid,No,Curve,1,23,12,6,3,3,1,1,0,2,0,0,0,2.42,18.22977,74.22777,NH9_Pune_Hyderabad,Maharashtra / Telangana
Haryana,Unknown,2019,January,Friday,15:2,Minor,3,Two-Wheeler,2,1,Foggy,Village Road,Under Construction,Daylight,Signals,40,54,Male,Valid,Yes,Straight Road,1,15,1,4,3,1,2,2,1,3,2,0,0,2.73,24.2525,89.23449,NH52_Barasat_Guwahati,West Bengal / Assam
Assam,Unknown,2023,February,Saturday,19:28,Minor,4,Car,5,4,Rainy,National Highway,Damaged,Dusk,,115,32,Female,Valid,No,Intersection,1,19,2,5,0,3,0,3,0,4,5,0,0,5.76,28.33596,77.14537,NH44_Delhi_Agra,Uttar Pradesh
Madhya Pradesh,Unknown,2023,June,Friday,15:24,Minor,2,Pedestrian,10,2,Clear,National Highway,Under Construction,Dawn,Signals,110,28,Female,,No,Straight Road,1,15,6,4,0,0,2,1,0,2,10,0,0,5.45,11.23761,77.90653,NH7_Varanasi_Kanyakumari,MP / Karnataka / TN
Meghalaya,Unknown,2022,August,Thursday,11:47,Minor,4,Cycle,7,0,Stormy,National Highway,Damaged,Dark,,107,45,Female,Expired,Yes,Straight Road,1,11,8,3,0,4,0,0,1,4,7,0,0,3.33,25.5215,90.04158,NH52_Barasat_Guwahati,West Bengal / Assam
Chandigarh,Unknown,2022,March,Thursday,16:43,Fatal,2,Auto-Rickshaw,8,5,Clear,National Highway,Damaged,Dusk,Signs,95,64,Male,Expired,No,Straight Road,3,16,3,3,0,0,0,3,0,2,8,0,0,8.79,24.90262,89.89638,NH52_Barasat_Guwahati,West Bengal / Assam
Rajasthan,Udaipur,2020,May,Monday,22:59,Fatal,1,Pedestrian,1,1,Clear,National Highway,Dry,Daylight,Signals,111,55,Female,Valid,Yes,Straight Road,3,22,5,0,0,0,1,2,1,1,1,0,0,3.64,17.40299,78.49502,NH9_Pune_Hyderabad,Maharashtra / Telangana
Punjab,Unknown,2021,February,Wednesday,11:35,Fatal,4,Auto-Rickshaw,6,0,Rainy,State Highway,Damaged,Dark,,79,52,Female,Valid,No,Curve,3,11,2,2,1,3,0,0,0,4,6,0,0,3.64,16.70065,73.75475,NH66_West_Coast,Maharashtra / Kerala
Assam,Unknown,2020,October,Monday,4:48,Minor,4,Cycle,9,1,Hazy,Village Road,Under Construction,Daylight,Police Checkpost,113,47,Female,Valid,Yes,Bridge,1,4,10,0,3,2,2,2,1,4,9,0,0,4.85,17.38002,73.48308,NH48_Mumbai_Bangalore,Maharashtra / Karnataka
Telangana,Unknown,2022,June,Friday,17:52,Fatal,4,Pedestrian,1,5,Hazy,National Highway,Damaged,Daylight,,101,30,Male,Valid,Yes,Bridge,3,17,6,4,0,2,0,2,1,4,1,0,0,7.27,11.21013,77.86768,NH7_Varanasi_Kanyakumari,MP / Karnataka / TN
Uttarakhand,Unknown,2022,November,Wednesday,15:48,Serious,1,Cycle,7,0,Clear,State Highway,Damaged,Daylight,Signals,90,31,Male,,Yes,Curve,2,15,11,2,1,0,0,2,1,1,7,0,0,3.94,31.11083,77.20848,NH22_Shimla_Manali,Himachal Pradesh
Karnataka,Bangalore,2021,March,Wednesday,3:38,Minor,3,Car,7,4,Rainy,Village Road,Damaged,Dusk,Police Checkpost,86,48,Male,Expired,Yes,Bridge,1,3,3,2,3,3,0,3,1,3,7,0,0,6.97,22.78745,88.54618,NH52_Barasat_Guwahati,West Bengal / Assam
Delhi,New Delhi,2018,November,Wednesday,9:22,Fatal,4,Cycle,9,4,Stormy,Village Road,Dry,Dawn,Signals,79,58,Male,Valid,Yes,Curve,3,9,11,2,3,4,1,1,1,4,9,0,0,8.79,32.91769,75.1957,NH44_North,Jammu & Kashmir
Maharashtra,Pune,2018,November,Tuesday,0:40,Fatal,4,Auto-Rickshaw,4,0,Hazy,Village Road,Wet,Dusk,Police Checkpost,113,55,Female,Valid,Yes,Intersection,3,0,11,1,3,2,3,3,1,4,4,0,0,3.64,27.78173,77.41253,NH44_Delhi_Agra,Uttar Pradesh
Uttarakhand,Unknown,2018,October,Wednesday,23:54,Serious,5,Auto-Rickshaw,3,2,Rainy,Village Road,Dry,Daylight,Signals,62,51,Female,Expired,No,Straight Road,2,23,10,2,3,3,1,2,0,5,3,0,0,3.94,27.16947,77.92898,NH44_Delhi_Agra,Uttar Pradesh
Himachal Pradesh,Unknown,2023,October,Sunday,7:45,Minor,2,Auto-Rickshaw,6,3,Clear,State Highway,Wet,Dawn,Signals,39,23,Male,Valid,No,Intersection,1,7,10,6,1,0,3,1,0,2,6,0,0,5.15,18.27563,74.20172,NH9_Pune_Hyderabad,Maharashtra / Telangana
Odisha,Unknown,2019,September,Sunday,20:20,Serious,5,Two-Wheeler,10,3,Stormy,Urban Road,Dry,Dawn,Signals,95,60,Male,,Yes,Intersection,2,20,9,6,2,4,1,1,1,5,10,0,0,7.58,17.39415,75.42272,NH9_Pune_Hyderabad,Maharashtra / Telangana
Tamil Nadu,Coimbatore,2021,September,Tuesday,4:20,Fatal,4,Bus,6,0,Hazy,Village Road,Wet,Dusk,,72,46,Female,,Yes,Intersection,3,4,9,1,3,2,3,3,1,4,6,0,0,4.24,26.29666,81.49336,NH19_Delhi_Kolkata,Uttar Pradesh / Bihar
Haryana,Unknown,2019,August,Monday,14:16,Minor,4,Bus,5,4,Hazy,State Highway,Dry,Daylight,Signs,69,36,Male,,Yes,Straight Road,1,14,8,0,1,2,1,2,1,4,5,0,0,6.36,12.93132,77.62287,NH44_Hyderabad_Bangalore,Karnataka
Kerala,Unknown,2021,February,Sunday,5:8,Fatal,1,Bus,4,0,Rainy,Village Road,Under Construction,Dawn,Signs,43,42,Female,Expired,No,Straight Road,3,5,2,6,3,3,2,1,0,1,4,0,0,3.03,21.14713,79.12745,NH44_Nagpur_Hyderabad,Telangana
Odisha,Unknown,2022,June,Tuesday,22:37,Fatal,1,Truck,9,4,Rainy,Urban Road,Wet,Daylight,Police Checkpost,111,30,Female,Valid,No,Intersection,3,22,6,1,2,3,3,2,0,1,9,0,0,8.18,23.43901,73.29762,NH27_East_West,Rajasthan / MP / UP
Goa,Unknown,2023,March,Thursday,14:5,Fatal,1,Car,7,5,Clear,National Highway,Under Construction,Daylight,,100,67,Male,,Yes,Straight Road,3,14,3,3,0,0,2,2,1,1,7,0,0,9.09,32.05464,77.04495,NH22_Shimla_Manali,Himachal Pradesh
Assam,Unknown,2022,August,Wednesday,15:59,Fatal,5,Bus,4,0,Hazy,Urban Road,Under Construction,Daylight,Signals,35,50,Male,,No,Bridge,3,15,8,2,2,2,2,2,0,5,4,0,0,3.03,10.80234,76.23949,NH66_West_Coast,Maharashtra / Kerala
Nagaland,Unknown,2021,September,Sunday,2:15,Fatal,2,Truck,8,0,Rainy,Urban Road,Dry,Dark,Signals,78,60,Male,Valid,Yes,Straight Road,3,2,9,6,2,3,1,0,1,2,8,0,0,4.85,17.37534,78.45734,NH7_Varanasi_Kanyakumari,MP / Karnataka / TN
Arunachal Pradesh,Unknown,2021,January,Thursday,14:23,Fatal,1,Truck,7,4,Rainy,State Highway,Dry,Dawn,Signs,114,69,Female,,No,Curve,3,14,1,3,1,3,1,1,0,1,7,0,0,7.58,23.52556,88.86625,NH52_Barasat_Guwahati,West Bengal / Assam
Rajasthan,Udaipur,2022,June,Wednesday,2:29,Minor,3,Bus,2,5,Stormy,State Highway,Dry,Daylight,Signals,78,65,Male,,Yes,Straight Road,1,2,6,2,1,4,1,2,1,3,2,0,0,6.36,12.83277,79.89216,NH44_Bangalore_Chennai,Tamil Nadu
Chandigarh,Unknown,2018,March,Wednesday,20:2,Serious,2,Two-Wheeler,1,3,Clear,National Highway,Wet,Dusk,,92,21,Male,Expired,Yes,Straight Road,2,20,3,2,0,0,3,3,1,2,1,0,0,4.85,26.37093,75.30147,NH48_Delhi_Mumbai,Rajasthan / Gujarat
Himachal Pradesh,Unknown,2021,August,Monday,21:34,Serious,4,Bus,5,1,Stormy,State Highway,Damaged,Dark,Police Checkpost,91,69,Female,Expired,Yes,Curve,2,21,8,0,1,4,0,0,1,4,5,0,0,4.24,22.63475,88.36215,NH16_Kolkata_Chennai,Odisha / Andhra Pradesh
Goa,Unknown,2023,October,Wednesday,19:24,Minor,1,Auto-Rickshaw,0,1,Stormy,State Highway,Under Construction,Dark,Police Checkpost,75,50,Female,Valid,Yes,Bridge,1,19,10,2,1,4,2,0,1,1,0,0,0,2.12,13.06293,80.2366,NH16_Kolkata_Chennai,Odisha / Andhra Pradesh
Tripura,Unknown,2020,February,Friday,11:9,Fatal,2,Bus,3,2,Stormy,Village Road,Wet,Dusk,Signs,105,65,Male,Valid,No,Curve,3,11,2,4,3,4,3,3,0,2,3,0,0,4.55,19.83676,79.44887,NH7_Varanasi_Kanyakumari,MP / Karnataka / TN
Chandigarh,Unknown,2021,June,Wednesday,17:17,Minor,4,Truck,1,5,Rainy,National Highway,Damaged,Dark,Signs,93,67,Male,Valid,No,Curve,1,17,6,2,0,3,0,0,0,4,1,0,0,5.45,19.48595,81.29345,NH30_Patna_Visakhapatnam,Chhattisgarh
Madhya Pradesh,Unknown,2021,February,Friday,22:52,Fatal,1,Bus,2,5,Rainy,Urban Road,Dry,Dark,Signs,93,18,Male,,No,Straight Road,3,22,2,4,2,3,1,0,0,1,2,0,0,6.97,25.79461,79.49095,NH27_East_West,Rajasthan / MP / UP
Meghalaya,Unknown,2021,April,Thursday,13:59,Minor,5,Pedestrian,5,3,Foggy,Urban Road,Dry,Daylight,,113,56,Male,,Yes,Curve,1,13,4,3,2,1,1,2,1,5,5,0,0,5.45,17.98455,73.47316,NH66_West_Coast,Maharashtra / Kerala
Puducherry,Unknown,2019,August,Friday,21:34,Serious,2,Car,9,1,Rainy,National Highway,Under Construction,Dawn,Police Checkpost,35,35,Female,Valid,No,Curve,2,21,8,4,0,3,2,1,0,2,9,0,0,4.85,32.86173,75.10159,NH44_North,Jammu & Kashmir
Jharkhand,Unknown,2023,November,Monday,19:39,Fatal,5,Car,2,5,Foggy,Urban Road,Under Construction,Dark,Police Checkpost,90,35,Male,Valid,Yes,Intersection,3,19,11,0,2,1,2,0,1,5,2,0,0,7.58,23.44541,86.15306,NH19_Delhi_Kolkata,Uttar Pradesh / Bihar
Chandigarh,Unknown,2021,February,Wednesday,2:28,Minor,2,Auto-Rickshaw,2,4,Rainy,State Highway,Damaged,Daylight,Police Checkpost,100,56,Female,,Yes,Curve,1,2,2,2,1,3,0,2,1,2,2,0,0,5.45,23.48484,88.83935,NH52_Barasat_Guwahati,West Bengal / Assam
Tamil Nadu,Madurai,2022,September,Wednesday,15:18,Minor,3,Truck,0,5,Rainy,State Highway,Wet,Dark,Police Checkpost,110,52,Male,Valid,No,Bridge,1,15,9,2,1,3,3,0,0,3,0,0,0,5.15,26.97578,75.77659,NH48_Delhi_Mumbai,Rajasthan / Gujarat
Telangana,Unknown,2018,March,Thursday,2:18,Fatal,1,Truck,5,5,Foggy,Urban Road,Under Construction,Daylight,,39,60,Male,,No,Bridge,3,2,3,3,2,1,2,2,0,1,5,0,0,7.88,26.87881,78.24908,NH44_Agra_Nagpur,Madhya Pradesh
Jharkhand,Unknown,2020,April,Wednesday,9:34,Fatal,2,Car,10,3,Clear,State Highway,Dry,Dawn,Signs,95,63,Male,Valid,Yes,Curve,3,9,4,2,1,0,1,1,1,2,10,0,0,8.18,17.3164,78.42887,NH7_Varanasi_Kanyakumari,MP / Karnataka / TN
West Bengal,Siliguri,2022,March,Wednesday,22:37,Serious,3,Cycle,4,5,Foggy,State Highway,Wet,Dark,Signs,39,28,Female,,Yes,Bridge,2,22,3,2,1,1,3,0,1,3,4,0,0,7.58,23.46435,83.84511,NH30_Patna_Visakhapatnam,Chhattisgarh
Uttar Pradesh,Lucknow,2020,May,Saturday,0:39,Fatal,1,Auto-Rickshaw,4,5,Foggy,National Highway,Damaged,Dark,,79,67,Female,Valid,Yes,Straight Road,3,0,5,5,0,1,0,0,1,1,4,0,0,8.18,12.00433,79.0266,NH44_Bangalore_Chennai,Tamil Nadu
Nagaland,Unknown,2022,September,Tuesday,6:45,Minor,3,Truck,4,3,Hazy,National Highway,Damaged,Dark,Signals,94,35,Male,,No,Curve,1,6,9,1,0,2,0,0,0,3,4,0,0,4.55,30.39872,79.50565,NH58_Delhi_Badrinath,Uttarakhand
Jammu and Kashmir,Unknown,2023,December,Wednesday,3:51,Fatal,2,Cycle,9,0,Stormy,National Highway,Under Construction,Dawn,,95,56,Female,Expired,No,Bridge,3,3,12,2,0,4,2,1,0,2,9,0,0,4.55,18.48032,73.85919,NH48_Mumbai_Bangalore,Maharashtra / Karnataka
Maharashtra,Mumbai,2023,April,Sunday,8:15,Fatal,5,Two-Wheeler,8,5,Stormy,Village Road,Damaged,Dark,Signals,105,20,Female,Expired,Yes,Curve,3,8,4,6,3,4,0,0,1,5,8,0,0,9.39,17.30465,74.02796,NH66_West_Coast,Maharashtra / Kerala
Mizoram,Unknown,2019,January,Sunday,16:11,Serious,5,Auto-Rickshaw,5,0,Stormy,State Highway,Damaged,Dark,,88,26,Male,Valid,Yes,Bridge,2,16,1,6,1,4,0,0,1,5,5,0,0,3.33,24.0038,79.05647,NH44_Agra_Nagpur,Madhya Pradesh
Uttarakhand,Unknown,2020,June,Sunday,3:49,Minor,2,Pedestrian,4,1,Stormy,Village Road,Wet,Daylight,Signals,38,53,Female,,No,Curve,1,3,6,6,3,4,3,2,0,2,4,0,0,2.73,30.21433,79.17317,NH58_Delhi_Badrinath,Uttarakhand
Sikkim,Unknown,2019,May,Sunday,21:7,Minor,3,Pedestrian,9,2,Hazy,Urban Road,Dry,Dusk,Police Checkpost,30,33,Female,Valid,No,Curve,1,21,5,6,2,2,1,3,0,3,9,0,0,5.15,19.93567,78.69627,NH44_Nagpur_Hyderabad,Telangana
Goa,Unknown,2020,February,Monday,9:39,Serious,2,Auto-Rickshaw,9,4,Foggy,Urban Road,Under Construction,Dark,Signals,117,39,Male,Valid,Yes,Curve,2,9,2,0,2,1,2,0,1,2,9,0,0,8.18,27.23152,77.94496,NH44_Delhi_Agra,Uttar Pradesh
Nagaland,Unknown,2021,January,Monday,2:53,Minor,5,Cycle,5,3,Clear,State Highway,Wet,Daylight,Signals,115,19,Male,Expired,Yes,Intersection,1,2,1,0,1,0,3,2,1,5,5,0,0,5.45,28.32798,77.12439,NH44_Delhi_Agra,Uttar Pradesh
Karnataka,Mysore,2022,June,Friday,21:24,Minor,5,Cycle,7,0,Stormy,National Highway,Damaged,Dusk,Signals,53,21,Male,Expired,Yes,Straight Road,1,21,6,4,0,4,0,3,1,5,7,0,0,3.33,22.9641,83.45866,NH30_Patna_Visakhapatnam,Chhattisgarh
Himachal Pradesh,Unknown,2020,May,Monday,8:26,Minor,1,Bus,4,2,Hazy,State Highway,Damaged,Dusk,Signals,88,45,Male,Valid,No,Straight Road,1,8,5,0,1,2,0,3,0,1,4,0,0,3.64,25.34328,83.00739,NH7_Varanasi_Kanyakumari,MP / Karnataka / TN
Telangana,Unknown,2018,February,Monday,20:53,Fatal,3,Car,7,3,Stormy,State Highway,Under Construction,Daylight,Signs,63,43,Female,Expired,No,Straight Road,3,20,2,0,1,4,2,2,0,3,7,0,0,6.67,26.78842,78.23172,NH44_Agra_Nagpur,Madhya Pradesh
Kerala,Unknown,2022,March,Wednesday,9:37,Fatal,4,Bus,5,1,Rainy,National Highway,Damaged,Dawn,Signs,46,38,Female,Expired,Yes,Intersection,3,9,3,2,0,3,0,1,1,4,5,0,0,4.85,16.15954,77.26382,NH44_Hyderabad_Bangalore,Karnataka
Haryana,Unknown,2021,October,Wednesday,7:58,Fatal,5,Truck,1,5,Clear,State Highway,Under Construction,Dusk,Signals,95,62,Male,,Yes,Intersection,3,7,10,2,1,0,2,3,1,5,1,0,0,7.27,21.91169,72.18672,NH48_Delhi_Mumbai,Rajasthan / Gujarat
Delhi,Rohini,2020,November,Monday,22:58,Serious,5,Two-Wheeler,6,4,Foggy,State Highway,Dry,Dark,Police Checkpost,105,61,Male,,No,Intersection,2,22,11,0,1,1,1,0,0,5,6,0,0,6.67,18.1381,78.44247,NH44_Nagpur_Hyderabad,Telangana
Himachal Pradesh,Unknown,2019,February,Tuesday,4:1,Minor,3,Truck,2,0,Rainy,National Highway,Wet,Dawn,Police Checkpost,79,34,Male,Valid,No,Bridge,1,4,2,1,0,3,3,1,0,3,2,0,0,1.21,19.85587,85.48358,NH16_Kolkata_Chennai,Odisha / Andhra Pradesh
Arunachal Pradesh,Unknown,2021,September,Sunday,11:21,Fatal,3,Pedestrian,0,1,Clear,State Highway,Wet,Dark,Police Checkpost,112,32,Male,Valid,No,Bridge,3,11,9,6,1,0,3,0,0,3,0,0,0,2.73,23.43376,73.26865,NH27_East_West,Rajasthan / MP / UP
Assam,Unknown,2022,May,Sunday,2:28,Serious,5,Bus,1,5,Foggy,State Highway,Wet,Dark,Signals,90,45,Male,,Yes,Straight Road,2,2,5,6,1,1,3,0,1,5,1,0,0,6.67,21.58299,69.66238,NH27_East_West,Rajasthan / MP / UP
Kerala,Unknown,2023,March,Monday,2:43,Fatal,1,Bus,8,1,Clear,National Highway,Damaged,Daylight,Signals,105,38,Male,Valid,Yes,Bridge,3,2,3,0,0,0,0,2,1,1,8,0,0,5.76,27.05758,78.0614,NH44_Delhi_Agra,Uttar Pradesh
Punjab,Unknown,2020,September,Friday,11:11,Minor,4,Two-Wheeler,7,5,Foggy,National Highway,Under Construction,Dark,,52,70,Female,Valid,No,Bridge,1,11,9,4,0,1,2,0,0,4,7,0,0,7.27,25.24365,74.59644,NH48_Delhi_Mumbai,Rajasthan / Gujarat
Jharkhand,Unknown,2021,February,Friday,6:55,Minor,4,Pedestrian,3,0,Hazy,National Highway,Dry,Dawn,Signals,63,47,Male,Expired,No,Bridge,1,6,2,4,0,2,1,1,0,4,3,0,0,1.52,21.08713,79.11268,NH7_Varanasi_Kanyakumari,MP / Karnataka / TN
Punjab,Unknown,2018,July,Thursday,5:6,Minor,5,Truck,1,2,Clear,Urban Road,Wet,Dark,Signs,120,24,Female,,Yes,Bridge,1,5,7,3,2,0,3,0,1,5,1,0,0,3.33,22.28188,72.19075,NH48_Delhi_Mumbai,Rajasthan / Gujarat
Jharkhand,Unknown,2020,September,Monday,0:7,Fatal,3,Truck,2,2,Stormy,State Highway,Under Construction,Dark,Signals,108,61,Male,,No,Bridge,3,0,9,0,1,4,2,0,0,3,2,0,0,4.24,20.68132,81.89227,NH30_Patna_Visakhapatnam,Chhattisgarh
Gujarat,Vadodara,2018,March,Friday,13:47,Serious,5,Two-Wheeler,3,2,Stormy,Village Road,Dry,Dark,,45,46,Female,Expired,No,Curve,2,13,3,4,3,4,1,0,0,5,3,0,0,3.94,27.42412,78.18045,NH19_Delhi_Kolkata,Uttar Pradesh / Bihar
Goa,Unknown,2018,May,Wednesday,13:46,Serious,2,Bus,4,0,Rainy,Village Road,Under Construction,Dusk,,99,68,Male,Expired,No,Intersection,2,13,5,2,3,3,2,3,0,2,4,0,0,2.42,18.71027,78.31349,NH44_Nagpur_Hyderabad,Telangana
Uttar Pradesh,Lucknow,2022,December,Thursday,8:30,Serious,2,Truck,0,0,Stormy,Village Road,Dry,Dawn,,115,43,Male,Valid,Yes,Bridge,2,8,12,3,3,4,1,1,1,2,0,0,0,1.82,24.85724,77.27699,NH27_East_West,Rajasthan / MP / UP
Sikkim,Unknown,2018,December,Friday,11:49,Fatal,4,Truck,7,5,Foggy,Urban Road,Under Construction,Daylight,Signals,117,60,Female,Expired,No,Straight Road,3,11,12,4,2,1,2,2,0,4,7,0,0,8.48,27.20017,82.5006,NH27_East_West,Rajasthan / MP / UP
Maharashtra,Pune,2020,October,Thursday,20:1,Fatal,2,Auto-Rickshaw,8,5,Rainy,Urban Road,Under Construction,Dawn,Police Checkpost,45,53,Male,Expired,No,Intersection,3,20,10,3,2,3,2,1,0,2,8,0,0,8.79,17.42917,75.50774,NH9_Pune_Hyderabad,Maharashtra / Telangana
Mizoram,Unknown,2021,September,Saturday,21:8,Serious,3,Two-Wheeler,2,1,Foggy,Village Road,Dry,Dark,Signs,111,25,Male,,No,Curve,2,21,9,5,3,1,1,0,0,3,2,0,0,2.73,11.17199,75.9002,NH66_West_Coast,Maharashtra / Kerala
Odisha,Unknown,2018,October,Monday,16:24,Fatal,2,Auto-Rickshaw,0,0,Rainy,State Highway,Under Construction,Dusk,Signs,82,62,Male,Valid,Yes,Intersection,3,16,10,0,1,3,2,3,1,2,0,0,0,2.42,26.80295,80.91598,NH27_East_West,Rajasthan / MP / UP
Uttarakhand,Unknown,2018,March,Tuesday,21:54,Minor,4,Cycle,10,3,Rainy,State Highway,Under Construction,Dawn,Police Checkpost,109,65,Female,,No,Intersection,1,21,3,1,1,3,2,1,0,4,10,0,0,6.36,27.4288,78.23743,NH19_Delhi_Kolkata,Uttar Pradesh / Bihar
Madhya Pradesh,Unknown,2022,November,Sunday,16:53,Minor,2,Two-Wheeler,7,4,Stormy,State Highway,Wet,Dawn,,100,33,Male,Expired,No,Straight Road,1,16,11,6,1,4,3,1,0,2,7,0,0,6.36,17.99272,73.69857,NH48_Mumbai_Bangalore,Maharashtra / Karnataka
Chhattisgarh,Unknown,2021,October,Sunday,18:38,Serious,1,Car,6,0,Foggy,Village Road,Under Construction,Dawn,Signs,105,18,Female,Valid,No,Curve,2,18,10,6,3,1,2,1,0,1,6,0,0,3.03,23.483,79.35282,NH44_Agra_Nagpur,Madhya Pradesh
Meghalaya,Unknown,2023,February,Saturday,1:24,Fatal,4,Bus,7,4,Clear,Urban Road,Dry,Dark,Signs,74,31,Male,,Yes,Bridge,3,1,2,5,2,0,1,0,1,4,7,0,0,8.18,13.67849,79.42991,NH16_Kolkata_Chennai,Odisha / Andhra Pradesh
Goa,Unknown,2020,April,Wednesday,20:41,Fatal,5,Truck,7,0,Foggy,National Highway,Dry,Dawn,Police Checkpost,62,47,Female,Expired,Yes,Bridge,3,20,4,2,0,1,1,1,1,5,7,0,0,4.55,15.47551,77.21132,NH7_Varanasi_Kanyakumari,MP / Karnataka / TN
Puducherry,Unknown,2023,April,Sunday,1:25,Fatal,5,Cycle,5,3,Rainy,Village Road,Dry,Dark,Signs,79,47,Male,,Yes,Intersection,3,1,4,6,3,3,1,0,1,5,5,0,0,6.67,17.35082,78.47399,NH9_Pune_Hyderabad,Maharashtra / Telangana
Tamil Nadu,Chennai,2022,November,Tuesday,4:4,Serious,1,Truck,0,0,Foggy,State Highway,Dry,Dawn,Police Checkpost,38,22,Male,Expired,Yes,Bridge,2,4,11,1,1,1,1,1,1,1,0,0,0,1.82,20.47028,86.26164,NH16_Kolkata_Chennai,Odisha / Andhra Pradesh
Punjab,Unknown,2022,May,Friday,21:28,Fatal,1,Bus,9,1,Foggy,Village Road,Wet,Dawn,Signs,110,67,Male,,No,Bridge,3,21,5,4,3,1,3,1,0,1,9,0,0,5.45,27.98148,77.3698,NH44_Delhi_Agra,Uttar Pradesh
Telangana,Unknown,2018,September,Tuesday,15:13,Serious,2,Car,6,0,Foggy,Urban Road,Dry,Dark,Signals,119,31,Male,,Yes,Straight Road,2,15,9,1,2,1,1,0,1,2,6,0,0,3.64,17.43991,78.47733,NH9_Pune_Hyderabad,Maharashtra / Telangana
Maharashtra,Nagpur,2020,January,Monday,15:32,Fatal,2,Car,4,1,Stormy,Urban Road,Wet,Dawn,,65,67,Female,,No,Straight Road,3,15,1,0,2,4,3,1,0,2,4,0,0,3.94,20.54189,78.94197,NH44_Nagpur_Hyderabad,Telangana
Uttarakhand,Unknown,2020,January,Friday,5:14,Minor,1,Pedestrian,10,1,Hazy,Village Road,Dry,Daylight,,95,19,Female,,No,Intersection,1,5,1,4,3,2,1,2,0,1,10,0,0,4.55,20.56996,78.93797,NH44_Nagpur_Hyderabad,Telangana
Punjab,Unknown,2021,August,Monday,7:16,Serious,4,Bus,8,0,Foggy,State Highway,Under Construction,Dawn,Signs,73,33,Male,,Yes,Straight Road,2,7,8,0,1,1,2,1,1,4,8,0,0,4.24,27.65146,77.57212,NH44_Delhi_Agra,Uttar Pradesh
Telangana,Unknown,2018,September,Sunday,2:51,Minor,2,Cycle,9,5,Rainy,Urban Road,Wet,Dusk,Signals,111,67,Male,,Yes,Bridge,1,2,9,6,2,3,3,3,1,2,9,0,0,8.48,28.21833,77.91744,NH19_Delhi_Kolkata,Uttar Pradesh / Bihar
Gujarat,Ahmedabad,2019,January,Monday,22:17,Minor,3,Truck,7,5,Stormy,National Highway,Damaged,Dawn,,104,23,Male,Expired,Yes,Bridge,1,22,1,0,0,4,0,1,1,3,7,0,0,7.88,12.09948,78.49022,NH44_Bangalore_Chennai,Tamil Nadu
Andhra Pradesh,Tirupati,2018,May,Wednesday,2:35,Fatal,5,Auto-Rickshaw,0,2,Stormy,Urban Road,Under Construction,Dawn,Signs,101,66,Female,Valid,No,Straight Road,3,2,5,2,2,4,2,1,0,5,0,0,0,3.64,26.83449,78.28626,NH44_Agra_Nagpur,Madhya Pradesh
West Bengal,Siliguri,2021,April,Thursday,22:58,Serious,2,Pedestrian,6,2,Rainy,National Highway,Under Construction,Dark,Signs,94,48,Female,Expired,No,Bridge,2,22,4,3,0,3,2,0,0,2,6,0,0,4.85,27.77144,77.50622,NH44_Delhi_Agra,Uttar Pradesh
Kerala,Unknown,2023,June,Monday,7:25,Fatal,1,Car,10,2,Clear,State Highway,Wet,Dawn,,117,42,Female,Expired,Yes,Straight Road,3,7,6,0,1,0,3,1,1,1,10,0,0,7.27,15.03943,75.17008,NH48_Mumbai_Bangalore,Maharashtra / Karnataka
Uttarakhand,Unknown,2021,August,Monday,13:32,Fatal,3,Truck,7,1,Hazy,Village Road,Wet,Dusk,Signs,104,24,Female,Valid,No,Intersection,3,13,8,0,3,2,3,3,0,3,7,0,0,4.85,16.97465,78.39602,NH44_Hyderabad_Bangalore,Karnataka
Maharashtra,Mumbai,2018,February,Thursday,4:9,Minor,1,Pedestrian,8,0,Hazy,National Highway,Wet,Dark,,62,49,Female,,Yes,Straight Road,1,4,2,3,0,2,3,0,1,1,8,0,0,3.64,12.07114,78.97312,NH44_Bangalore_Chennai,Tamil Nadu
Karnataka,Bangalore,2019,July,Tuesday,5:40,Minor,5,Truck,5,0,Clear,Village Road,Damaged,Dark,Signs,52,36,Male,Expired,Yes,Straight Road,1,5,7,1,3,0,0,0,1,5,5,0,0,2.73,16.06318,77.27462,NH44_Hyderabad_Bangalore,Karnataka
Odisha,Unknown,2019,February,Sunday,7:43,Serious,3,Two-Wheeler,7,1,Foggy,State Highway,Under Construction,Dawn,Signs,85,29,Male,Expired,Yes,Intersection,2,7,2,6,1,1,2,1,1,3,7,0,0,4.85,17.6237,78.53674,NH44_Nagpur_Hyderabad,Telangana
Rajasthan,Jodhpur,2021,January,Tuesday,16:38,Fatal,3,Truck,2,4,Hazy,Urban Road,Wet,Daylight,Signs,61,58,Female,Valid,No,Curve,3,16,1,1,2,2,3,2,0,3,2,0,0,6.06,23.67666,85.21377,NH19_Delhi_Kolkata,Uttar Pradesh / Bihar
Jharkhand,Unknown,2023,September,Saturday,7:48,Serious,4,Bus,7,1,Clear,Urban Road,Damaged,Dusk,,44,59,Male,Expired,Yes,Bridge,2,7,9,5,2,0,0,3,1,4,7,0,0,4.85,24.84863,84.80948,NH30_Patna_Visakhapatnam,Chhattisgarh
Goa,Unknown,2021,November,Tuesday,7:0,Fatal,3,Pedestrian,9,2,Hazy,State Highway,Dry,Dusk,Signals,53,35,Male,Valid,No,Intersection,3,7,11,1,1,2,1,3,0,3,9,0,0,6.36,32.2669,74.99418,NH44_North,Jammu & Kashmir
Madhya Pradesh,Unknown,2019,May,Sunday,17:41,Fatal,3,Pedestrian,6,0,Hazy,Urban Road,Under Construction,Dusk,Signs,53,21,Female,Valid,Yes,Bridge,3,17,5,6,2,2,2,3,1,3,6,0,0,4.24,23.46231,83.89861,NH30_Patna_Visakhapatnam,Chhattisgarh
Odisha,Unknown,2022,January,Sunday,9:58,Minor,3,Bus,3,2,Foggy,Village Road,Dry,Dawn,,100,45,Male,,Yes,Straight Road,1,9,1,6,3,1,1,1,1,3,3,0,0,3.94,17.45575,75.44741,NH9_Pune_Hyderabad,Maharashtra / Telangana
West Bengal,Durgapur,2018,February,Wednesday,14:56,Fatal,2,Cycle,6,5,Rainy,Urban Road,Wet,Daylight,Police Checkpost,90,40,Female,Valid,Yes,Curve,3,14,2,2,2,3,3,2,1,2,6,0,0,8.79,20.61698,78.97512,NH44_Nagpur_Hyderabad,Telangana
Tamil Nadu,Madurai,2021,November,Friday,1:42,Minor,5,Truck,7,5,Foggy,National Highway,Damaged,Dark,Signs,39,23,Male,,No,Curve,1,1,11,4,0,1,0,0,0,5,7,0,0,7.27,27.37611,77.7296,NH44_Delhi_Agra,Uttar Pradesh
Haryana,Unknown,2018,February,Saturday,0:28,Serious,4,Car,10,1,Stormy,State Highway,Dry,Daylight,Police Checkpost,103,26,Male,Valid,Yes,Bridge,2,0,2,5,1,4,1,2,1,4,10,0,0,5.76,24.17457,89.27986,NH52_Barasat_Guwahati,West Bengal / Assam
Punjab,Unknown,2021,November,Monday,6:22,Serious,1,Cycle,1,0,Hazy,Urban Road,Under Construction,Daylight,Police Checkpost,67,53,Male,,Yes,Curve,2,6,11,0,2,2,2,2,1,1,1,0,0,2.12,20.13351,73.49612,NH48_Delhi_Mumbai,Rajasthan / Gujarat
Andhra Pradesh,Vijayawada,2021,August,Wednesday,6:12,Minor,1,Car,2,2,Rainy,Village Road,Under Construction,Dawn,,48,43,Male,Expired,Yes,Bridge,1,6,8,2,3,3,2,1,1,1,2,0,0,3.64,34.13309,74.79337,NH44_North,Jammu & Kashmir
Nagaland,Unknown,2021,December,Monday,6:37,Minor,2,Bus,2,4,Hazy,State Highway,Dry,Dark,Signals,40,66,Male,Expired,Yes,Straight Road,1,6,12,0,1,2,1,0,1,2,2,0,0,5.45,32.26833,74.8967,NH44_North,Jammu & Kashmir
Gujarat,Ahmedabad,2021,September,Saturday,21:47,Fatal,1,Cycle,8,3,Stormy,State Highway,Dry,Daylight,Police Checkpost,109,43,Female,Valid,No,Straight Road,3,21,9,5,1,4,1,2,0,1,8,0,0,6.97,15.8309,80.28839,NH16_Kolkata_Chennai,Odisha / Andhra Pradesh
Delhi,Rohini,2023,February,Friday,16:58,Fatal,4,Truck,5,3,Rainy,State Highway,Under Construction,Dark,Police Checkpost,31,39,Female,,No,Intersection,3,16,2,4,1,3,2,0,0,4,5,0,0,6.06,28.651,77.2496,NH19_Delhi_Kolkata,Uttar Pradesh / Bihar
Jammu and Kashmir,Unknown,2023,December,Tuesday,6:12,Serious,3,Cycle,1,2,Foggy,Urban Road,Damaged,Dusk,Signs,107,64,Male,Valid,No,Curve,2,6,12,1,2,1,0,3,0,3,1,0,0,3.33,15.4528,75.05624,NH48_Mumbai_Bangalore,Maharashtra / Karnataka
Punjab,Unknown,2019,December,Tuesday,10:39,Serious,2,Cycle,6,3,Rainy,National Highway,Dry,Dawn,Signs,89,43,Male,Valid,Yes,Bridge,2,10,12,1,0,3,1,1,1,2,6,0,0,6.36,13.11766,80.33997,NH16_Kolkata_Chennai,Odisha / Andhra Pradesh
Arunachal Pradesh,Unknown,2021,April,Friday,7:7,Minor,5,Auto-Rickshaw,7,0,Stormy,State Highway,Wet,Dawn,,53,24,Female,Expired,Yes,Bridge,1,7,4,4,1,4,3,1,1,5,7,0,0,3.33,13.88823,74.83039,NH66_West_Coast,Maharashtra / Kerala
Rajasthan,Jodhpur,2019,December,Sunday,14:13,Fatal,2,Auto-Rickshaw,7,1,Hazy,National Highway,Damaged,Dusk,Signs,51,36,Female,Expired,Yes,Curve,3,14,12,6,0,2,0,3,1,2,7,0,0,5.45,11.28116,77.88612,NH7_Varanasi_Kanyakumari,MP / Karnataka / TN
West Bengal,Siliguri,2023,April,Monday,23:45,Serious,5,Auto-Rickshaw,8,3,Hazy,Urban Road,Wet,Dawn,Signs,112,28,Female,Valid,Yes,Curve,2,23,4,0,2,2,3,1,1,5,8,0,0,6.97,9.81485,77.46975,NH7_Varanasi_Kanyakumari,MP / Karnataka / TN
Odisha,Unknown,2022,November,Sunday,18:49,Serious,3,Truck,5,1,Clear,State Highway,Dry,Dawn,Signals,37,32,Male,,No,Intersection,2,18,11,6,1,0,1,1,0,3,5,0,0,3.64,25.42593,90.028,NH52_Barasat_Guwahati,West Bengal / Assam
Uttar Pradesh,Kanpur,2018,June,Monday,5:40,Fatal,4,Bus,1,0,Foggy,Village Road,Wet,Dark,Signs,32,58,Male,Expired,No,Intersection,3,5,6,0,3,1,3,0,0,4,1,0,0,2.12,17.12582,77.2495,NH9_Pune_Hyderabad,Maharashtra / Telangana
Odisha,Unknown,2018,June,Tuesday,10:28,Fatal,3,Cycle,2,4,Clear,Village Road,Under Construction,Dusk,Signs,54,34,Male,Valid,Yes,Straight Road,3,10,6,1,3,0,2,3,1,3,2,0,0,6.67,15.8218,77.1748,NH44_Hyderabad_Bangalore,Karnataka
Himachal Pradesh,Unknown,2023,February,Friday,8:10,Serious,2,Auto-Rickshaw,1,3,Rainy,National Highway,Under Construction,Dark,Police Checkpost,115,69,Female,Valid,Yes,Bridge,2,8,2,4,0,3,2,0,1,2,1,0,0,4.85,16.13748,74.49895,NH48_Mumbai_Bangalore,Maharashtra / Karnataka
Puducherry,Unknown,2023,August,Wednesday,18:16,Fatal,3,Cycle,2,3,Stormy,Village Road,Damaged,Dark,Signals,120,27,Male,,No,Intersection,3,18,8,2,3,4,0,0,0,3,2,0,0,5.15,23.92748,79.1915,NH44_Agra_Nagpur,Madhya Pradesh
Tripura,Unknown,2021,August,Sunday,14:50,Serious,3,Truck,5,0,Clear,Village Road,Damaged,Dark,Signs,81,48,Male,Valid,No,Bridge,2,14,8,6,3,0,0,0,0,3,5,0,0,2.73,28.30266,77.17533,NH44_Delhi_Agra,Uttar Pradesh
Manipur,Unknown,2022,May,Friday,3:41,Fatal,1,Pedestrian,9,5,Foggy,State Highway,Damaged,Daylight,,49,24,Male,,Yes,Bridge,3,3,5,4,1,1,0,2,1,1,9,0,0,9.7,24.90809,89.92846,NH52_Barasat_Guwahati,West Bengal / Assam
Odisha,Unknown,2018,October,Friday,18:58,Minor,3,Auto-Rickshaw,9,1,Stormy,National Highway,Under Construction,Dusk,Police Checkpost,83,46,Female,,No,Bridge,1,18,10,4,0,4,2,3,0,3,9,0,0,4.24,9.92666,77.465,NH7_Varanasi_Kanyakumari,MP / Karnataka / TN
Jammu and Kashmir,Unknown,2021,July,Saturday,17:21,Fatal,2,Pedestrian,2,2,Hazy,National Highway,Wet,Dusk,Signs,51,29,Female,Valid,No,Straight Road,3,17,7,5,0,2,3,3,0,2,2,0,0,4.24,24.09549,73.44179,NH48_Delhi_Mumbai,Rajasthan / Gujarat
Himachal Pradesh,Unknown,2023,August,Thursday,15:14,Serious,2,Cycle,10,3,Rainy,Urban Road,Dry,Dark,Signals,96,47,Female,Valid,No,Curve,2,15,8,3,2,3,1,0,0,2,10,0,0,6.97,12.79965,77.74775,NH44_Bangalore_Chennai,Tamil Nadu
Uttar Pradesh,Varanasi,2018,November,Thursday,3:28,Minor,4,Two-Wheeler,8,4,Rainy,State Highway,Dry,Dusk,Signals,60,43,Male,,Yes,Curve,1,3,11,3,1,3,1,3,1,4,8,0,0,7.27,26.81775,78.17199,NH44_Agra_Nagpur,Madhya Pradesh
Telangana,Unknown,2018,October,Sunday,4:55,Minor,3,Two-Wheeler,9,1,Foggy,National Highway,Wet,Dawn,Signals,106,63,Male,Expired,No,Intersection,1,4,10,6,0,1,3,1,0,3,9,0,0,4.24,28.29413,77.17296,NH44_Delhi_Agra,Uttar Pradesh
Tripura,Unknown,2022,October,Saturday,22:25,Minor,3,Car,10,4,Stormy,Urban Road,Dry,Dusk,Signs,105,38,Female,Expired,Yes,Intersection,1,22,10,5,2,4,1,3,1,3,10,0,0,7.88,25.62753,85.12668,NH30_Patna_Visakhapatnam,Chhattisgarh
Goa,Unknown,2023,August,Wednesday,19:24,Fatal,5,Car,5,0,Clear,Urban Road,Wet,Dark,Police Checkpost,84,63,Female,Expired,Yes,Straight Road,3,19,8,2,2,0,3,0,1,5,5,0,0,3.94,12.69236,77.81329,NH44_Bangalore_Chennai,Tamil Nadu
Karnataka,Mysore,2021,October,Saturday,11:32,Minor,3,Car,1,3,Foggy,State Highway,Wet,Dusk,Police Checkpost,57,60,Female,Expired,Yes,Straight Road,1,11,10,5,1,1,3,3,1,3,1,0,0,4.24,33.43206,75.31222,NH44_North,Jammu & Kashmir
Arunachal Pradesh,Unknown,2022,May,Monday,19:2,Minor,5,Auto-Rickshaw,8,4,Clear,State Highway,Wet,Dark,Police Checkpost,103,66,Male,Expired,No,Straight Road,1,19,5,0,1,0,3,0,0,5,8,0,0,6.67,27.88355,77.50633,NH44_Delhi_Agra,Uttar Pradesh
Jammu and Kashmir,Unknown,2023,August,Sunday,23:23,Fatal,3,Pedestrian,1,5,Stormy,Village Road,Wet,Dawn,Signs,70,43,Female,,Yes,Straight Road,3,23,8,6,3,4,3,1,1,3,1,0,0,7.27,17.73502,83.3525,NH16_Kolkata_Chennai,Odisha / Andhra Pradesh
Andhra Pradesh,Vijayawada,2021,November,Friday,13:45,Serious,4,Auto-Rickshaw,9,5,Hazy,Urban Road,Wet,Dark,Police Checkpost,71,37,Female,Valid,Yes,Curve,2,13,11,4,2,2,3,0,1,4,9,0,0,9.09,22.19414,83.03055,NH30_Patna_Visakhapatnam,Chhattisgarh
Gujarat,Vadodara,2021,October,Thursday,18:39,Fatal,3,Bus,2,0,Foggy,Urban Road,Dry,Daylight,Police Checkpost,57,60,Male,Expired,Yes,Curve,3,18,10,3,2,1,1,2,1,3,2,0,0,3.03,26.8007,78.29442,NH44_Agra_Nagpur,Madhya Pradesh
Maharashtra,Mumbai,2019,January,Friday,14:28,Minor,3,Car,4,0,Rainy,Village Road,Wet,Dusk,Signals,39,23,Female,Expired,No,Intersection,1,14,1,4,3,3,3,3,0,3,4,0,0,1.82,27.65525,77.62292,NH44_Delhi_Agra,Uttar Pradesh
Madhya Pradesh,Unknown,2023,October,Thursday,5:8,Minor,5,Pedestrian,4,0,Stormy,Urban Road,Damaged,Daylight,Signs,103,40,Female,,No,Bridge,1,5,10,3,2,4,0,2,0,5,4,0,0,1.82,19.21533,73.00368,NH48_Delhi_Mumbai,Rajasthan / Gujarat
Delhi,Rohini,2023,March,Saturday,18:23,Minor,3,Bus,0,3,Clear,National Highway,Under Construction,Dark,Signs,96,49,Female,,Yes,Intersection,1,18,3,5,0,0,2,0,1,3,0,0,0,3.94,24.59798,78.99979,NH44_Agra_Nagpur,Madhya Pradesh
Telangana,Unknown,2022,February,Saturday,17:29,Fatal,5,Bus,10,3,Rainy,Village Road,Under Construction,Dawn,Police Checkpost,67,64,Male,,Yes,Curve,3,17,2,5,3,3,2,1,1,5,10,0,0,8.18,21.39796,87.29132,NH16_Kolkata_Chennai,Odisha / Andhra Pradesh
Tripura,Unknown,2020,February,Tuesday,21:53,Fatal,2,Bus,5,5,Clear,Urban Road,Dry,Daylight,Signs,118,54,Female,,Yes,Straight Road,3,21,2,1,2,0,1,2,1,2,5,0,0,8.48,22.97984,79.46986,NH44_Agra_Nagpur,Madhya Pradesh
Gujarat,Ahmedabad,2021,April,Thursday,6:45,Minor,5,Truck,7,5,Hazy,National Highway,Wet,Daylight,Police Checkpost,69,21,Female,,Yes,Curve,1,6,4,3,0,2,3,2,1,5,7,0,0,7.88,28.30347,77.15205,NH44_Delhi_Agra,Uttar Pradesh
Rajasthan,Udaipur,2018,March,Thursday,11:55,Minor,3,Truck,5,4,Clear,National Highway,Dry,Dawn,Signs,58,66,Female,,Yes,Intersection,1,11,3,3,0,0,1,1,1,3,5,0,0,6.36,20.38872,86.20978,NH16_Kolkata_Chennai,Odisha / Andhra Pradesh
Odisha,Unknown,2018,August,Friday,3:41,Serious,1,Pedestrian,0,1,Foggy,Village Road,Under Construction,Daylight,,91,68,Male,Expired,No,Bridge,2,3,8,4,3,1,2,2,0,1,0,0,0,2.12,14.51334,75.69674,NH48_Mumbai_Bangalore,Maharashtra / Karnataka
Assam,Unknown,2020,February,Monday,7:43,Serious,4,Two-Wheeler,10,5,Foggy,National Highway,Wet,Dusk,Signs,81,50,Male,Expired,No,Straight Road,2,7,2,0,0,1,3,3,0,4,10,0,0,8.79,27.4642,77.77804,NH44_Delhi_Agra,Uttar Pradesh
Chandigarh,Unknown,2023,February,Sunday,0:50,Fatal,2,Bus,9,4,Rainy,Urban Road,Under Construction,Dusk,Police Checkpost,69,28,Female,,Yes,Bridge,3,0,2,6,2,3,2,3,1,2,9,0,0,8.79,19.20647,78.528,NH44_Nagpur_Hyderabad,Telangana
Tamil Nadu,Coimbatore,2021,December,Friday,23:18,Serious,2,Cycle,2,1,Hazy,National Highway,Under Construction,Dark,Signs,59,66,Male,,Yes,Intersection,2,23,12,4,0,2,2,0,1,2,2,0,0,3.33,21.82012,79.08943,NH44_Agra_Nagpur,Madhya Pradesh
Mizoram,Unknown,2022,January,Monday,11:17,Serious,4,Car,7,1,Clear,Urban Road,Dry,Daylight,Police Checkpost,87,56,Male,,No,Curve,2,11,1,0,2,0,1,2,0,4,7,0,0,4.24,27.65708,77.538,NH44_Delhi_Agra,Uttar Pradesh
Uttarakhand,Unknown,2023,August,Tuesday,18:40,Minor,2,Pedestrian,6,1,Hazy,State Highway,Wet,Dawn,,31,20,Male,Valid,No,Bridge,1,18,8,1,1,2,3,1,0,2,6,0,0,3.33,16.49829,77.65199,NH44_Hyderabad_Bangalore,Karnataka
Madhya Pradesh,Unknown,2021,May,Monday,23:56,Fatal,3,Cycle,9,5,Rainy,Village Road,Wet,Dawn,Signals,104,22,Male,Expired,Yes,Bridge,3,23,5,0,3,3,3,1,1,3,9,0,0,9.7,19.33341,84.74782,NH16_Kolkata_Chennai,Odisha / Andhra Pradesh
Jharkhand,Unknown,2023,September,Saturday,5:14,Fatal,2,Bus,5,0,Rainy,Village Road,Wet,Dark,Signs,75,41,Female,Expired,No,Straight Road,3,5,9,5,3,3,3,0,0,2,5,0,0,3.33,12.39462,78.05368,NH44_Bangalore_Chennai,Tamil Nadu
Meghalaya,Unknown,2023,February,Wednesday,3:23,Serious,3,Bus,3,3,Clear,National Highway,Dry,Daylight,Signals,49,30,Female,,Yes,Curve,2,3,2,2,0,0,1,2,1,3,3,0,0,5.45,9.85615,77.40692,NH7_Varanasi_Kanyakumari,MP / Karnataka / TN
Manipur,Unknown,2021,July,Tuesday,16:37,Minor,1,Cycle,10,2,Stormy,National Highway,Wet,Daylight,Signs,101,45,Male,Valid,Yes,Straight Road,1,16,7,1,0,4,3,2,1,1,10,0,0,6.06,25.8775,88.23079,NH27_East_West,Rajasthan / MP / UP
Himachal Pradesh,Unknown,2023,September,Sunday,19:16,Minor,2,Truck,9,5,Rainy,National Highway,Under Construction,Dusk,Police Checkpost,86,21,Female,Expired,Yes,Straight Road,1,19,9,6,0,3,2,3,1,2,9,0,0,8.48,30.23284,79.17847,NH58_Delhi_Badrinath,Uttarakhand
Uttarakhand,Unknown,2019,February,Saturday,3:49,Minor,5,Two-Wheeler,5,1,Foggy,National Highway,Damaged,Dark,,60,33,Female,Expired,Yes,Bridge,1,3,2,5,0,1,0,0,1,5,5,0,0,3.64,18.27622,80.88011,NH30_Patna_Visakhapatnam,Chhattisgarh
Kerala,Unknown,2021,May,Wednesday,1:25,Serious,5,Truck,10,1,Foggy,Urban Road,Wet,Dark,Signs,79,57,Female,,Yes,Straight Road,2,1,5,2,2,1,3,0,1,5,10,0,0,5.76,22.52994,88.29929,NH19_Delhi_Kolkata,Uttar Pradesh / Bihar
Puducherry,Unknown,2019,March,Thursday,22:44,Fatal,5,Cycle,9,2,Clear,Village Road,Dry,Daylight,Police Checkpost,65,52,Female,,Yes,Intersection,3,22,3,3,3,0,1,2,1,5,9,0,0,6.97,18.02414,73.63388,NH48_Mumbai_Bangalore,Maharashtra / Karnataka
Puducherry,Unknown,2018,April,Friday,15:35,Fatal,1,Bus,1,1,Rainy,State Highway,Damaged,Dark,Police Checkpost,58,59,Male,,Yes,Bridge,3,15,4,4,1,3,0,0,1,1,1,0,0,3.64,16.10581,77.29047,NH44_Hyderabad_Bangalore,Karnataka
Maharashtra,Nagpur,2020,June,Sunday,12:28,Fatal,4,Car,5,0,Clear,Village Road,Damaged,Dark,Police Checkpost,87,69,Female,Valid,Yes,Bridge,3,12,6,6,3,0,0,0,1,4,5,0,0,3.94,26.97008,78.08315,NH44_Delhi_Agra,Uttar Pradesh
Bihar,Unknown,2020,November,Monday,20:49,Fatal,2,Bus,3,2,Foggy,Village Road,Damaged,Daylight,Police Checkpost,106,52,Female,Expired,Yes,Bridge,3,20,11,0,3,1,0,2,1,2,3,0,0,5.15,15.85911,77.18052,NH44_Hyderabad_Bangalore,Karnataka
Delhi,New Delhi,2022,August,Tuesday,11:9,Minor,2,Car,5,5,Hazy,Village Road,Wet,Dawn,Signs,60,64,Female,,No,Curve,1,11,8,1,3,2,3,1,0,2,5,0,0,6.67,13.02724,77.5441,NH48_Mumbai_Bangalore,Maharashtra / Karnataka
Odisha,Unknown,2018,December,Thursday,22:33,Minor,1,Bus,10,0,Stormy,State Highway,Wet,Daylight,Signs,51,59,Male,Valid,No,Curve,1,22,12,3,1,4,3,2,0,1,10,0,0,3.64,32.25018,77.05854,NH22_Shimla_Manali,Himachal Pradesh
West Bengal,Siliguri,2018,April,Wednesday,20:59,Serious,4,Cycle,10,1,Foggy,State Highway,Damaged,Dawn,Signals,37,35,Female,Expired,No,Curve,2,20,4,2,1,1,0,1,0,4,10,0,0,5.15,22.99045,72.61208,NH48_Delhi_Mumbai,Rajasthan / Gujarat
Madhya Pradesh,Unknown,2023,January,Thursday,23:47,Serious,2,Pedestrian,10,5,Foggy,State Highway,Under Construction,Daylight,Signals,35,21,Male,Valid,Yes,Intersection,2,23,1,3,1,1,2,2,1,2,10,0,0,9.39,31.39909,77.2238,NH22_Shimla_Manali,Himachal Pradesh
Sikkim,Unknown,2022,June,Monday,10:49,Serious,2,Cycle,10,0,Clear,National Highway,Wet,Dusk,Police Checkpost,72,24,Male,,Yes,Bridge,2,10,6,0,0,0,3,3,1,2,10,0,0,4.85,25.4134,78.50391,NH44_Agra_Nagpur,Madhya Pradesh
Puducherry,Unknown,2022,June,Saturday,23:43,Minor,5,Auto-Rickshaw,2,0,Clear,State Highway,Dry,Dark,Signals,78,58,Female,Valid,No,Straight Road,1,23,6,5,1,0,1,0,0,5,2,0,0,1.21,22.30771,70.2074,NH27_East_West,Rajasthan / MP / UP
Uttar Pradesh,Lucknow,2021,April,Wednesday,9:47,Fatal,3,Pedestrian,3,2,Stormy,State Highway,Under Construction,Dark,,54,24,Male,,Yes,Intersection,3,9,4,2,1,4,2,0,1,3,3,0,0,5.15,25.59928,85.06766,NH30_Patna_Visakhapatnam,Chhattisgarh
Uttar Pradesh,Lucknow,2022,May,Thursday,3:50,Serious,5,Truck,7,5,Foggy,Village Road,Wet,Dawn,,98,50,Female,Valid,No,Bridge,2,3,5,3,3,1,3,1,0,5,7,0,0,7.88,28.55086,77.15711,NH44_Delhi_Agra,Uttar Pradesh
Sikkim,Unknown,2018,June,Wednesday,16:31,Minor,3,Bus,4,1,Stormy,Urban Road,Damaged,Dawn,Signals,87,18,Male,Expired,Yes,Straight Road,1,16,6,2,2,4,0,1,1,3,4,0,0,3.33,19.94227,78.80568,NH44_Nagpur_Hyderabad,Telangana
Andhra Pradesh,Visakhapatnam,2018,April,Monday,20:13,Minor,2,Auto-Rickshaw,1,1,Foggy,Village Road,Dry,Daylight,,92,27,Female,Valid,Yes,Bridge,1,20,4,0,3,1,1,2,1,2,1,0,0,2.42,19.86855,78.69599,NH44_Nagpur_Hyderabad,Telangana
Rajasthan,Jaipur,2018,February,Monday,7:1,Serious,1,Pedestrian,4,5,Hazy,Urban Road,Under Construction,Dark,Signals,73,23,Male,Expired,Yes,Curve,2,7,2,0,2,2,2,0,1,1,4,0,0,7.58,30.76478,79.55491,NH58_Delhi_Badrinath,Uttarakhand
Andhra Pradesh,Tirupati,2021,January,Tuesday,3:21,Minor,1,Two-Wheeler,9,2,Stormy,State Highway,Under Construction,Dawn,,46,44,Male,Valid,No,Straight Road,1,3,1,1,1,4,2,1,0,1,9,0,0,5.15,17.01639,78.33096,NH44_Hyderabad_Bangalore,Karnataka
Karnataka,Mysore,2018,March,Sunday,3:39,Serious,2,Car,5,3,Foggy,Urban Road,Wet,Dark,Signals,118,55,Female,,Yes,Intersection,2,3,3,6,2,1,3,0,1,2,5,0,0,6.06,24.84774,82.4037,NH7_Varanasi_Kanyakumari,MP / Karnataka / TN
Haryana,Unknown,2023,November,Friday,6:15,Minor,4,Bus,3,2,Stormy,Village Road,Wet,Dawn,Signals,64,31,Female,Expired,No,Curve,1,6,11,4,3,4,3,1,0,4,3,0,0,3.33,28.66306,77.19701,NH58_Delhi_Badrinath,Uttarakhand
Uttar Pradesh,Varanasi,2021,August,Wednesday,9:3,Minor,3,Cycle,3,0,Clear,Village Road,Dry,Daylight,Signs,101,34,Female,Valid,No,Bridge,1,9,8,2,3,0,1,2,0,3,3,0,0,1.52,28.32724,77.1065,NH44_Delhi_Agra,Uttar Pradesh
Haryana,Unknown,2018,October,Monday,23:1,Minor,1,Car,9,1,Rainy,Urban Road,Damaged,Daylight,,120,46,Male,,No,Intersection,1,23,10,0,2,3,0,2,0,1,9,0,0,4.24,23.01205,72.61581,NH48_Delhi_Mumbai,Rajasthan / Gujarat
Bihar,Unknown,2023,October,Saturday,23:39,Serious,3,Two-Wheeler,5,1,Clear,Urban Road,Wet,Dawn,,83,24,Male,,Yes,Curve,2,23,10,5,2,0,3,1,1,3,5,0,0,4.24,30.18255,79.14712,NH58_Delhi_Badrinath,Uttarakhand
Haryana,Unknown,2019,October,Monday,20:38,Serious,4,Cycle,0,1,Stormy,State Highway,Dry,Daylight,Signs,31,44,Female,Expired,Yes,Straight Road,2,20,10,0,1,4,1,2,1,4,0,0,0,2.73,21.70288,69.65589,NH27_East_West,Rajasthan / MP / UP
Assam,Unknown,2019,March,Friday,14:15,Serious,4,Cycle,9,5,Clear,Village Road,Wet,Dawn,Police Checkpost,107,26,Male,Valid,No,Intersection,2,14,3,4,3,0,3,1,0,4,9,0,0,8.48,30.50884,79.39164,NH58_Delhi_Badrinath,Uttarakhand
Assam,Unknown,2022,May,Tuesday,1:19,Minor,1,Truck,2,3,Stormy,Village Road,Under Construction,Dawn,,54,55,Female,Valid,No,Intersection,1,1,5,1,3,4,2,1,0,1,2,0,0,3.94,22.16835,83.04957,NH30_Patna_Visakhapatnam,Chhattisgarh
Odisha,Unknown,2020,October,Thursday,3:13,Minor,5,Bus,0,0,Foggy,Urban Road,Under Construction,Dawn,Police Checkpost,76,62,Male,,Yes,Straight Road,1,3,10,3,2,1,2,1,1,5,0,0,0,1.21,18.15014,78.40835,NH44_Nagpur_Hyderabad,Telangana
Chandigarh,Unknown,2020,January,Monday,12:52,Minor,5,Auto-Rickshaw,10,1,Stormy,State Highway,Damaged,Dusk,Signals,100,66,Female,Valid,No,Intersection,1,12,1,0,1,4,0,3,0,5,10,0,0,4.55,17.40839,78.54462,NH9_Pune_Hyderabad,Maharashtra / Telangana
Maharashtra,Mumbai,2021,September,Tuesday,20:6,Serious,3,Bus,10,4,Clear,Village Road,Dry,Dark,,52,26,Female,Valid,Yes,Intersection,2,20,9,1,3,0,1,0,1,3,10,0,0,8.48,12.76943,77.63415,NH44_Bangalore_Chennai,Tamil Nadu
Uttar Pradesh,Varanasi,2023,September,Friday,20:13,Fatal,5,Pedestrian,5,1,Rainy,State Highway,Dry,Dusk,Signs,81,31,Male,,No,Bridge,3,20,9,4,1,3,1,3,0,5,5,0,0,4.24,30.4826,79.44021,NH58_Delhi_Badrinath,Uttarakhand
Manipur,Unknown,2023,April,Thursday,4:3,Minor,3,Car,2,1,Stormy,Urban Road,Dry,Daylight,,63,60,Male,Valid,No,Straight Road,1,4,4,3,2,4,1,2,0,3,2,0,0,2.12,12.01118,79.01162,NH44_Bangalore_Chennai,Tamil Nadu
Karnataka,Bangalore,2022,December,Tuesday,8:14,Minor,1,Truck,3,2,Clear,Village Road,Dry,Daylight,Signs,109,23,Female,Expired,No,Curve,1,8,12,1,3,0,1,2,0,1,3,0,0,3.33,21.18783,79.05815,NH44_Nagpur_Hyderabad,Telangana
Haryana,Unknown,2022,October,Monday,1:4,Serious,2,Truck,4,0,Stormy,Urban Road,Dry,Dusk,Police Checkpost,114,48,Male,Expired,No,Curve,2,1,10,0,2,4,1,3,0,2,4,0,0,2.42,22.91995,79.3911,NH44_Agra_Nagpur,Madhya Pradesh
Nagaland,Unknown,2023,October,Thursday,7:37,Fatal,1,Auto-Rickshaw,8,3,Foggy,Village Road,Dry,Dusk,Signs,84,18,Female,,No,Intersection,3,7,10,3,3,1,1,3,0,1,8,0,0,6.97,17.8559,74.91067,NH9_Pune_Hyderabad,Maharashtra / Telangana
Goa,Unknown,2022,January,Saturday,16:5,Fatal,3,Auto-Rickshaw,8,5,Foggy,State Highway,Wet,Dusk,Signs,98,59,Female,Expired,No,Intersection,3,16,1,5,1,1,3,3,0,3,8,0,0,8.79,21.61536,69.65923,NH27_East_West,Rajasthan / MP / UP
Uttarakhand,Unknown,2019,February,Sunday,18:6,Serious,1,Car,6,5,Rainy,State Highway,Under Construction,Daylight,,44,20,Male,Expired,No,Straight Road,2,18,2,6,1,3,2,2,0,1,6,0,0,7.58,17.69207,83.22761,NH16_Kolkata_Chennai,Odisha / Andhra Pradesh
Manipur,Unknown,2019,December,Wednesday,18:24,Minor,4,Car,9,2,Foggy,Urban Road,Wet,Dark,Police Checkpost,59,41,Female,Valid,No,Straight Road,1,18,12,2,2,1,3,0,0,4,9,0,0,5.15,25.26541,82.93832,NH7_Varanasi_Kanyakumari,MP / Karnataka / TN
Haryana,Unknown,2020,January,Wednesday,22:36,Fatal,3,Cycle,6,3,Hazy,Urban Road,Under Construction,Dawn,,32,26,Male,Expired,Yes,Bridge,3,22,1,2,2,2,2,1,1,3,6,0,0,6.97,23.46801,83.88815,NH30_Patna_Visakhapatnam,Chhattisgarh
Jammu and Kashmir,Unknown,2022,November,Saturday,14:16,Fatal,1,Cycle,6,1,Hazy,Village Road,Wet,Dark,Signals,31,43,Male,Expired,No,Bridge,3,14,11,5,3,2,3,0,0,1,6,0,0,4.55,23.04537,87.05655,NH19_Delhi_Kolkata,Uttar Pradesh / Bihar
Mizoram,Unknown,2023,April,Sunday,0:59,Fatal,3,Auto-Rickshaw,8,0,Clear,Urban Road,Damaged,Dusk,Signs,65,19,Female,Expired,Yes,Curve,3,0,4,6,2,0,0,3,1,3,8,0,0,4.85,24.55324,78.99971,NH44_Agra_Nagpur,Madhya Pradesh
Manipur,Unknown,2020,April,Monday,16:38,Fatal,2,Two-Wheeler,8,1,Clear,National Highway,Dry,Dark,Signals,93,32,Male,,No,Bridge,3,16,4,0,0,0,1,0,0,2,8,0,0,5.15,24.18509,84.60357,NH19_Delhi_Kolkata,Uttar Pradesh / Bihar
Andhra Pradesh,Tirupati,2018,November,Monday,9:44,Fatal,1,Pedestrian,3,1,Hazy,Urban Road,Damaged,Dark,Signs,98,22,Female,Expired,No,Straight Road,3,9,11,0,2,2,0,0,0,1,3,0,0,3.64,19.1159,72.91834,NH48_Delhi_Mumbai,Rajasthan / Gujarat
Andhra Pradesh,Vijayawada,2022,December,Friday,6:30,Serious,2,Bus,8,4,Rainy,National Highway,Dry,Dusk,Signals,59,56,Male,Expired,No,Curve,2,6,12,4,0,3,1,3,0,2,8,0,0,7.27,22.35812,79.09538,NH44_Agra_Nagpur,Madhya Pradesh
Andhra Pradesh,Visakhapatnam,2019,October,Monday,12:47,Minor,4,Truck,2,3,Stormy,National Highway,Wet,Dark,Police Checkpost,112,46,Female,,No,Curve,1,12,10,0,0,4,3,0,0,4,2,0,0,3.94,24.23266,84.48976,NH19_Delhi_Kolkata,Uttar Pradesh / Bihar
Delhi,Rohini,2021,July,Friday,6:50,Serious,1,Truck,0,0,Hazy,Village Road,Wet,Dark,Signs,92,41,Male,Expired,No,Curve,2,6,7,4,3,2,3,0,0,1,0,0,0,1.21,25.58056,85.13142,NH30_Patna_Visakhapatnam,Chhattisgarh
Tamil Nadu,Madurai,2021,December,Monday,0:51,Serious,1,Truck,10,3,Rainy,State Highway,Damaged,Dusk,Police Checkpost,30,51,Female,,Yes,Straight Road,2,0,12,0,1,3,0,3,1,1,10,0,0,7.58,32.53701,74.96429,NH44_North,Jammu & Kashmir
Bihar,Unknown,2022,January,Saturday,7:6,Fatal,1,Auto-Rickshaw,9,1,Foggy,Village Road,Damaged,Dark,Signals,32,69,Female,Expired,No,Curve,3,7,1,5,3,1,0,0,0,1,9,0,0,5.45,28.18568,76.96761,NH48_Delhi_Mumbai,Rajasthan / Gujarat
Kerala,Unknown,2020,December,Sunday,14:53,Fatal,1,Bus,2,5,Hazy,State Highway,Damaged,Daylight,Police Checkpost,96,43,Male,Expired,No,Curve,3,14,12,6,1,2,0,2,0,1,2,0,0,6.97,27.52221,76.504,NH48_Delhi_Mumbai,Rajasthan / Gujarat
Delhi,Rohini,2022,January,Wednesday,11:58,Fatal,5,Two-Wheeler,1,4,Hazy,National Highway,Wet,Dark,,84,21,Female,,No,Curve,3,11,1,2,0,2,3,0,0,5,1,0,0,5.76,23.46636,83.89524,NH30_Patna_Visakhapatnam,Chhattisgarh
Rajasthan,Udaipur,2021,June,Sunday,12:23,Minor,1,Auto-Rickshaw,2,1,Clear,State Highway,Under Construction,Dusk,Signs,80,34,Female,Expired,Yes,Intersection,1,12,6,6,1,0,2,3,1,1,2,0,0,2.73,21.57326,69.57509,NH27_East_West,Rajasthan / MP / UP
Odisha,Unknown,2022,March,Wednesday,0:15,Minor,2,Bus,9,4,Rainy,Urban Road,Damaged,Daylight,Signals,37,37,Male,,No,Bridge,1,0,3,2,2,3,0,2,0,2,9,0,0,6.97,22.34279,72.25473,NH48_Delhi_Mumbai,Rajasthan / Gujarat
Maharashtra,Nagpur,2021,July,Saturday,11:39,Minor,2,Cycle,0,4,Clear,Village Road,Under Construction,Dusk,Signs,101,36,Male,Valid,Yes,Straight Road,1,11,7,5,3,0,2,3,1,2,0,0,0,4.85,32.54738,74.95662,NH44_North,Jammu & Kashmir
Karnataka,Bangalore,2023,March,Tuesday,14:7,Fatal,3,Car,4,0,Hazy,National Highway,Under Construction,Dusk,Signals,42,30,Male,Expired,Yes,Curve,3,14,3,1,0,2,2,3,1,3,4,0,0,3.64,27.93673,77.37325,NH44_Delhi_Agra,Uttar Pradesh
Meghalaya,Unknown,2020,April,Wednesday,1:38,Minor,5,Cycle,5,2,Stormy,State Highway,Dry,Dusk,,49,28,Male,Expired,Yes,Intersection,1,1,4,2,1,4,1,3,1,5,5,0,0,4.55,22.50804,88.33734,NH16_Kolkata_Chennai,Odisha / Andhra Pradesh
Madhya Pradesh,Unknown,2021,August,Tuesday,7:36,Minor,5,Cycle,4,4,Foggy,State Highway,Damaged,Dusk,Signs,105,67,Male,,Yes,Intersection,1,7,8,1,1,1,0,3,1,5,4,0,0,6.06,12.67559,77.84456,NH44_Bangalore_Chennai,Tamil Nadu
Nagaland,Unknown,2021,April,Tuesday,21:37,Fatal,1,Bus,10,4,Clear,National Highway,Damaged,Daylight,,39,66,Male,Valid,Yes,Intersection,3,21,4,1,0,0,0,2,1,1,10,0,0,9.09,9.8342,77.52026,NH7_Varanasi_Kanyakumari,MP / Karnataka / TN
Andhra Pradesh,Visakhapatnam,2019,February,Saturday,3:59,Serious,5,Two-Wheeler,7,4,Stormy,Village Road,Dry,Dawn,Police Checkpost,77,49,Male,,No,Intersection,2,3,2,5,3,4,1,1,0,5,7,0,0,6.97,17.31878,73.45405,NH48_Mumbai_Bangalore,Maharashtra / Karnataka
Karnataka,Mangalore,2022,November,Tuesday,0:30,Minor,1,Bus,3,1,Hazy,Village Road,Damaged,Dark,Signs,31,57,Female,Valid,Yes,Straight Road,1,0,11,1,3,2,0,0,1,1,3,0,0,3.03,14.92941,79.97523,NH16_Kolkata_Chennai,Odisha / Andhra Pradesh
Manipur,Unknown,2022,April,Sunday,12:56,Minor,1,Truck,8,0,Hazy,Village Road,Dry,Dark,Signals,61,29,Male,Valid,Yes,Curve,1,12,4,6,3,2,1,0,1,1,8,0,0,3.64,17.63771,83.31838,NH16_Kolkata_Chennai,Odisha / Andhra Pradesh
Odisha,Unknown,2022,January,Thursday,7:51,Fatal,5,Two-Wheeler,10,2,Hazy,State Highway,Damaged,Dark,Signals,50,33,Male,Expired,No,Intersection,3,7,1,3,1,2,0,0,0,5,10,0,0,6.67,23.99113,79.16561,NH44_Agra_Nagpur,Madhya Pradesh
Delhi,Dwarka,2019,June,Friday,8:27,Minor,2,Car,5,0,Clear,National Highway,Damaged,Dark,,108,46,Male,Valid,No,Straight Road,1,8,6,4,0,0,0,0,0,2,5,0,0,2.12,28.34114,77.11386,NH44_Delhi_Agra,Uttar Pradesh
Puducherry,Unknown,2020,December,Sunday,19:38,Serious,4,Car,4,0,Stormy,National Highway,Wet,Daylight,Signs,85,26,Female,Valid,No,Intersection,2,19,12,6,0,4,3,2,0,4,4,0,0,2.42,20.65877,81.92912,NH30_Patna_Visakhapatnam,Chhattisgarh
Mizoram,Unknown,2019,March,Monday,8:13,Fatal,5,Truck,1,1,Rainy,Village Road,Under Construction,Dark,Signs,39,52,Female,Expired,No,Intersection,3,8,3,0,3,3,2,0,0,5,1,0,0,3.03,28.55386,77.17794,NH48_Delhi_Mumbai,Rajasthan / Gujarat
Odisha,Unknown,2023,March,Tuesday,14:28,Minor,4,Truck,6,0,Hazy,Village Road,Dry,Daylight,Police Checkpost,34,53,Female,Valid,Yes,Bridge,1,14,3,1,3,2,1,2,1,4,6,0,0,3.03,12.62357,77.87052,NH44_Bangalore_Chennai,Tamil Nadu
Arunachal Pradesh,Unknown,2021,February,Thursday,21:5,Serious,1,Two-Wheeler,3,0,Clear,Village Road,Wet,Dusk,Signals,75,52,Male,,Yes,Straight Road,2,21,2,3,3,0,3,3,1,1,3,0,0,2.73,17.72995,83.22271,NH16_Kolkata_Chennai,Odisha / Andhra Pradesh
Chhattisgarh,Unknown,2021,May,Saturday,17:7,Fatal,2,Two-Wheeler,6,0,Foggy,National Highway,Wet,Daylight,Signals,40,27,Female,Expired,Yes,Intersection,3,17,5,5,0,1,3,2,1,2,6,0,0,4.24,17.25168,76.25767,NH9_Pune_Hyderabad,Maharashtra / Telangana
Jammu and Kashmir,Unknown,2019,October,Thursday,14:47,Serious,3,Pedestrian,0,3,Clear,State Highway,Wet,Dark,Signs,96,32,Female,Valid,No,Straight Road,2,14,10,3,1,0,3,0,0,3,0,0,0,3.94,28.01587,77.31003,NH44_Delhi_Agra,Uttar Pradesh
Tripura,Unknown,2021,March,Wednesday,21:42,Serious,1,Pedestrian,1,3,Clear,National Highway,Damaged,Daylight,Signs,107,64,Female,,No,Bridge,2,21,3,2,0,0,0,2,0,1,1,0,0,4.24,23.5167,88.90679,NH52_Barasat_Guwahati,West Bengal / Assam
Delhi,New Delhi,2021,February,Thursday,18:19,Minor,2,Two-Wheeler,7,0,Clear,State Highway,Wet,Dusk,Police Checkpost,72,20,Female,,No,Intersection,1,18,2,3,1,0,3,3,0,2,7,0,0,2.73,15.87679,73.9278,NH66_West_Coast,Maharashtra / Kerala
West Bengal,Kolkata,2023,May,Tuesday,1:56,Fatal,3,Car,8,5,Foggy,Village Road,Damaged,Daylight,Signs,94,47,Male,,No,Bridge,3,1,5,1,3,1,0,2,0,3,8,0,0,8.79,12.28955,78.18773,NH44_Bangalore_Chennai,Tamil Nadu
Kerala,Unknown,2019,April,Thursday,22:28,Minor,3,Truck,3,0,Rainy,National Highway,Damaged,Daylight,Signals,35,50,Female,,Yes,Curve,1,22,4,3,0,3,0,2,1,3,3,0,0,2.12,17.43019,78.48957,NH9_Pune_Hyderabad,Maharashtra / Telangana
Uttarakhand,Unknown,2020,December,Friday,8:50,Fatal,3,Pedestrian,10,2,Foggy,National Highway,Wet,Dawn,,61,34,Male,Valid,No,Intersection,3,8,12,4,0,1,3,1,0,3,10,0,0,6.67,26.81528,80.96719,NH19_Delhi_Kolkata,Uttar Pradesh / Bihar
Punjab,Unknown,2018,August,Tuesday,7:41,Serious,4,Pedestrian,1,2,Foggy,Village Road,Damaged,Dawn,,30,69,Male,Expired,Yes,Intersection,2,7,8,1,3,1,0,1,1,4,1,0,0,3.94,28.33109,77.1959,NH44_Delhi_Agra,Uttar Pradesh
Telangana,Unknown,2021,November,Tuesday,21:7,Fatal,5,Bus,9,5,Foggy,Urban Road,Wet,Dawn,Signals,45,66,Female,,Yes,Intersection,3,21,11,1,2,1,3,1,1,5,9,0,0,9.7,13.65139,79.37148,NH16_Kolkata_Chennai,Odisha / Andhra Pradesh
Tamil Nadu,Coimbatore,2020,March,Thursday,11:18,Minor,2,Truck,3,2,Hazy,National Highway,Damaged,Dusk,Police Checkpost,115,54,Male,Valid,No,Curve,1,11,3,3,0,2,0,3,0,2,3,0,0,3.33,11.2785,75.85448,NH66_West_Coast,Maharashtra / Kerala
Tripura,Unknown,2023,January,Saturday,19:52,Fatal,5,Cycle,10,5,Hazy,National Highway,Dry,Daylight,Police Checkpost,35,55,Female,Valid,No,Straight Road,3,19,1,5,0,2,1,2,0,5,10,0,0,9.39,18.17755,80.87265,NH30_Patna_Visakhapatnam,Chhattisgarh
Punjab,Unknown,2019,May,Saturday,11:21,Fatal,4,Two-Wheeler,3,5,Hazy,Village Road,Damaged,Dawn,Signals,66,18,Female,Expired,No,Bridge,3,11,5,5,3,2,0,1,0,4,3,0,0,7.27,17.37885,78.47269,NH7_Varanasi_Kanyakumari,MP / Karnataka / TN
Manipur,Unknown,2018,December,Sunday,17:19,Minor,5,Bus,1,3,Hazy,Village Road,Wet,Dawn,Police Checkpost,34,42,Male,Valid,No,Intersection,1,17,12,6,3,2,3,1,0,5,1,0,0,3.64,12.11034,78.49521,NH44_Bangalore_Chennai,Tamil Nadu
Puducherry,Unknown,2019,May,Monday,19:1,Serious,3,Auto-Rickshaw,8,0,Foggy,Village Road,Damaged,Dark,Signals,99,43,Male,Expired,Yes,Curve,2,19,5,0,3,1,0,0,1,3,8,0,0,4.24,18.23092,80.87199,NH30_Patna_Visakhapatnam,Chhattisgarh
West Bengal,Durgapur,2023,January,Tuesday,1:53,Serious,4,Truck,5,0,Hazy,National Highway,Dry,Dawn,Signals,73,19,Female,Valid,Yes,Bridge,2,1,1,1,0,2,1,1,1,4,5,0,0,3.33,21.75627,79.10371,NH44_Agra_Nagpur,Madhya Pradesh
Jharkhand,Unknown,2023,March,Saturday,7:47,Fatal,5,Pedestrian,6,3,Foggy,National Highway,Under Construction,Dawn,Signals,59,42,Male,,No,Curve,3,7,3,5,0,1,2,1,0,5,6,0,0,6.36,26.88104,80.97006,NH27_East_West,Rajasthan / MP / UP
Chandigarh,Unknown,2021,February,Wednesday,21:34,Fatal,4,Pedestrian,4,0,Clear,State Highway,Damaged,Dawn,Signs,46,70,Male,Valid,Yes,Intersection,3,21,2,2,1,0,0,1,1,4,4,0,0,3.64,24.23985,84.18235,NH30_Patna_Visakhapatnam,Chhattisgarh
Chhattisgarh,Unknown,2018,December,Friday,23:26,Fatal,5,Bus,10,2,Clear,State Highway,Damaged,Dusk,Signals,85,39,Male,,Yes,Curve,3,23,12,4,1,0,0,3,1,5,10,0,0,7.27,14.84311,74.2668,NH66_West_Coast,Maharashtra / Kerala
Manipur,Unknown,2020,October,Wednesday,4:1,Minor,3,Car,0,1,Stormy,Urban Road,Under Construction,Dawn,Signals,98,66,Female,Valid,Yes,Bridge,1,4,10,2,2,4,2,1,1,3,0,0,0,2.12,15.45858,74.93277,NH48_Mumbai_Bangalore,Maharashtra / Karnataka
Tripura,Unknown,2023,July,Saturday,7:12,Fatal,1,Truck,5,0,Rainy,State Highway,Dry,Dawn,Police Checkpost,34,42,Female,Expired,Yes,Straight Road,3,7,7,5,1,3,1,1,1,1,5,0,0,3.94,21.84139,80.22093,NH7_Varanasi_Kanyakumari,MP / Karnataka / TN
Meghalaya,Unknown,2021,June,Wednesday,17:22,Serious,1,Pedestrian,0,5,Rainy,National Highway,Dry,Dark,Signals,79,23,Female,Expired,Yes,Curve,2,17,6,2,0,3,1,0,1,1,0,0,0,6.36,25.86988,74.94091,NH48_Delhi_Mumbai,Rajasthan / Gujarat
Haryana,Unknown,2020,August,Sunday,15:30,Minor,1,Auto-Rickshaw,3,3,Clear,Village Road,Damaged,Dawn,Police Checkpost,70,27,Male,Valid,Yes,Intersection,1,15,8,6,3,0,0,1,1,1,3,0,0,4.85,13.7036,77.49543,NH44_Hyderabad_Bangalore,Karnataka
Punjab,Unknown,2018,December,Saturday,21:33,Fatal,5,Bus,1,0,Stormy,Village Road,Under Construction,Dark,,112,34,Male,Expired,No,Curve,3,21,12,5,3,4,2,0,0,5,1,0,0,2.12,27.71006,77.62328,NH44_Delhi_Agra,Uttar Pradesh
Meghalaya,Unknown,2020,December,Thursday,23:40,Fatal,5,Cycle,9,0,Stormy,Urban Road,Dry,Dawn,Signs,103,56,Female,Valid,No,Curve,3,23,12,3,2,4,1,1,0,5,9,0,0,4.55,18.58728,73.84542,NH9_Pune_Hyderabad,Maharashtra / Telangana
Goa,Unknown,2021,June,Monday,1:18,Minor,1,Car,7,2,Hazy,State Highway,Wet,Dark,Signals,41,26,Male,Expired,Yes,Curve,1,1,6,0,1,2,3,0,1,1,7,0,0,5.15,27.28931,82.52209,NH27_East_West,Rajasthan / MP / UP
Goa,Unknown,2023,March,Wednesday,22:59,Minor,4,Two-Wheeler,2,3,Rainy,Village Road,Wet,Dawn,Police Checkpost,63,58,Female,Expired,Yes,Intersection,1,22,3,2,3,3,3,1,1,4,2,0,0,4.55,32.24373,77.10104,NH22_Shimla_Manali,Himachal Pradesh
Tamil Nadu,Coimbatore,2022,November,Friday,19:19,Serious,3,Auto-Rickshaw,1,0,Foggy,National Highway,Dry,Dawn,Police Checkpost,61,48,Male,Valid,No,Bridge,2,19,11,4,0,1,1,1,0,3,1,0,0,1.52,21.63394,69.54545,NH27_East_West,Rajasthan / MP / UP
Puducherry,Unknown,2021,October,Wednesday,22:23,Minor,2,Truck,2,0,Clear,National Highway,Wet,Dusk,Police Checkpost,93,67,Female,,Yes,Curve,1,22,10,2,0,0,3,3,1,2,2,0,0,1.82,24.8575,91.826,NH27_East_West,Rajasthan / MP / UP
Telangana,Unknown,2019,January,Monday,14:47,Minor,3,Cycle,1,1,Foggy,Urban Road,Damaged,Dusk,,117,61,Female,,No,Curve,1,14,1,0,2,1,0,3,0,3,1,0,0,1.82,14.91152,80.05254,NH16_Kolkata_Chennai,Odisha / Andhra Pradesh
Meghalaya,Unknown,2019,June,Monday,18:8,Minor,2,Truck,4,2,Hazy,Village Road,Dry,Dawn,,33,49,Female,Expired,No,Intersection,1,18,6,0,3,2,1,1,0,2,4,0,0,3.64,21.46998,82.48336,NH30_Patna_Visakhapatnam,Chhattisgarh
Uttar Pradesh,Varanasi,2020,August,Friday,5:52,Serious,3,Auto-Rickshaw,10,3,Stormy,Village Road,Wet,Dawn,Signals,97,63,Male,Valid,No,Bridge,2,5,8,4,3,4,3,1,0,3,10,0,0,6.97,30.2576,79.17379,NH58_Delhi_Badrinath,Uttarakhand
Uttarakhand,Unknown,2019,June,Wednesday,21:12,Minor,5,Auto-Rickshaw,1,4,Stormy,National Highway,Under Construction,Dark,Police Checkpost,115,48,Female,Valid,Yes,Curve,1,21,6,2,0,4,2,0,1,5,1,0,0,5.15,22.28714,79.11463,NH44_Agra_Nagpur,Madhya Pradesh
Jammu and Kashmir,Unknown,2019,January,Tuesday,18:58,Serious,5,Pedestrian,2,4,Rainy,Urban Road,Wet,Dark,Signals,70,53,Male,Valid,No,Curve,2,18,1,1,2,3,3,0,0,5,2,0,0,5.45,30.29055,79.09789,NH58_Delhi_Badrinath,Uttarakhand
Goa,Unknown,2018,February,Tuesday,7:25,Minor,3,Truck,5,2,Clear,National Highway,Under Construction,Dusk,Police Checkpost,65,59,Female,Valid,No,Curve,1,7,2,1,0,0,2,3,0,3,5,0,0,3.94,23.0885,72.64862,NH27_East_West,Rajasthan / MP / UP
Puducherry,Unknown,2022,April,Thursday,16:24,Minor,3,Car,10,3,Rainy,National Highway,Under Construction,Dusk,Signals,99,28,Female,Expired,No,Intersection,1,16,4,3,0,3,2,3,0,3,10,0,0,6.36,18.48688,73.81066,NH9_Pune_Hyderabad,Maharashtra / Telangana
Sikkim,Unknown,2022,May,Monday,15:38,Minor,5,Bus,5,0,Hazy,Village Road,Damaged,Dawn,Signs,102,48,Female,Expired,No,Curve,1,15,5,0,3,2,0,1,0,5,5,0,0,2.12,18.69682,84.17509,NH16_Kolkata_Chennai,Odisha / Andhra Pradesh
Uttar Pradesh,Lucknow,2019,July,Monday,7:5,Serious,5,Car,7,5,Clear,Urban Road,Damaged,Dusk,Signs,44,34,Female,,Yes,Curve,2,7,7,0,2,0,0,3,1,5,7,0,0,8.48,26.20571,78.44839,NH44_Agra_Nagpur,Madhya Pradesh
Uttarakhand,Unknown,2022,June,Sunday,15:11,Minor,1,Truck,1,0,Rainy,National Highway,Damaged,Dawn,Signs,42,67,Male,Valid,No,Intersection,1,15,6,6,0,3,0,1,0,1,1,0,0,0.91,18.29895,74.25382,NH9_Pune_Hyderabad,Maharashtra / Telangana
Uttarakhand,Unknown,2018,March,Sunday,19:29,Serious,2,Car,5,2,Foggy,State Highway,Damaged,Dawn,Police Checkpost,86,56,Female,Valid,Yes,Bridge,2,19,3,6,1,1,0,1,1,2,5,0,0,5.15,33.75138,74.84642,NH44_North,Jammu & Kashmir
Sikkim,Unknown,2022,February,Thursday,1:15,Serious,4,Pedestrian,6,1,Rainy,Village Road,Wet,Dusk,Signals,34,23,Male,,No,Intersection,2,1,2,3,3,3,3,3,0,4,6,0,0,3.94,19.09084,72.88684,NH66_West_Coast,Maharashtra / Kerala
Uttar Pradesh,Kanpur,2022,November,Friday,12:8,Fatal,2,Truck,3,5,Clear,State Highway,Damaged,Daylight,Police Checkpost,73,54,Female,Expired,Yes,Curve,3,12,11,4,1,0,0,2,1,2,3,0,0,7.88,28.04734,77.31785,NH44_Delhi_Agra,Uttar Pradesh
Madhya Pradesh,Unknown,2022,August,Sunday,1:6,Fatal,3,Truck,8,5,Rainy,National Highway,Wet,Dusk,Signals,114,41,Male,Expired,No,Bridge,3,1,8,6,0,3,3,3,0,3,8,0,0,8.79,28.62028,77.17869,NH58_Delhi_Badrinath,Uttarakhand
Telangana,Unknown,2023,January,Monday,7:41,Minor,1,Car,1,1,Hazy,State Highway,Dry,Daylight,Signals,75,38,Female,,No,Intersection,1,7,1,0,1,2,1,2,0,1,1,0,0,1.82,25.31274,83.07166,NH7_Varanasi_Kanyakumari,MP / Karnataka / TN
Meghalaya,Unknown,2021,September,Friday,9:1,Serious,2,Truck,10,3,Stormy,National Highway,Dry,Dark,,35,48,Male,,No,Bridge,2,9,9,4,0,4,1,0,0,2,10,0,0,6.97,21.64099,69.5615,NH27_East_West,Rajasthan / MP / UP
Tripura,Unknown,2018,September,Wednesday,5:5,Minor,2,Two-Wheeler,9,0,Clear,State Highway,Under Construction,Dusk,Police Checkpost,56,53,Male,,Yes,Straight Road,1,5,9,2,1,0,2,3,1,2,9,0,0,3.94,25.35645,82.98587,NH7_Varanasi_Kanyakumari,MP / Karnataka / TN
Puducherry,Unknown,2018,July,Monday,15:17,Minor,4,Cycle,3,3,Hazy,State Highway,Dry,Dawn,,70,58,Female,,Yes,Curve,1,15,7,0,1,2,1,1,1,4,3,0,0,4.85,15.40407,77.22424,NH7_Varanasi_Kanyakumari,MP / Karnataka / TN
Maharashtra,Pune,2021,January,Friday,12:58,Minor,1,Pedestrian,4,4,Hazy,Village Road,Wet,Dark,Police Checkpost,91,51,Male,,Yes,Curve,1,12,1,4,3,2,3,0,1,1,4,0,0,6.06,17.0358,78.28508,NH44_Hyderabad_Bangalore,Karnataka
Tamil Nadu,Coimbatore,2023,January,Monday,9:47,Fatal,5,Car,7,5,Clear,Village Road,Under Construction,Dusk,Police Checkpost,44,21,Female,Expired,No,Intersection,3,9,1,0,3,0,2,3,0,5,7,0,0,8.48,19.84766,78.8055,NH44_Nagpur_Hyderabad,Telangana
Chandigarh,Unknown,2021,March,Friday,9:14,Serious,3,Two-Wheeler,8,1,Foggy,Urban Road,Dry,Dusk,Signals,106,53,Male,Expired,No,Intersection,2,9,3,4,2,1,1,3,0,3,8,0,0,4.55,34.05546,74.77776,NH44_North,Jammu & Kashmir
Andhra Pradesh,Tirupati,2020,June,Monday,23:39,Fatal,2,Pedestrian,0,2,Foggy,Village Road,Under Construction,Dawn,,50,50,Male,Valid,No,Curve,3,23,6,0,3,1,2,1,0,2,0,0,0,3.64,27.74617,77.57696,NH44_Delhi_Agra,Uttar Pradesh
Chhattisgarh,Unknown,2020,August,Sunday,4:2,Serious,4,Bus,8,2,Foggy,State Highway,Dry,Dusk,Signs,74,47,Male,Valid,Yes,Intersection,2,4,8,6,1,1,1,3,1,4,8,0,0,6.06,27.07485,78.08744,NH44_Delhi_Agra,Uttar Pradesh
Mizoram,Unknown,2019,January,Saturday,5:6,Serious,3,Cycle,10,3,Rainy,Village Road,Dry,Dusk,,109,19,Male,Valid,Yes,Bridge,2,5,1,5,3,3,1,3,1,3,10,0,0,7.58,26.83137,80.8931,NH27_East_West,Rajasthan / MP / UP
Madhya Pradesh,Unknown,2018,June,Thursday,14:58,Minor,5,Auto-Rickshaw,9,2,Foggy,State Highway,Under Construction,Dawn,Signals,97,55,Female,Valid,No,Straight Road,1,14,6,3,1,1,2,1,0,5,9,0,0,5.15,22.19404,83.02034,NH30_Patna_Visakhapatnam,Chhattisgarh
Himachal Pradesh,Unknown,2019,February,Friday,18:24,Serious,2,Car,9,5,Hazy,National Highway,Under Construction,Dawn,,49,51,Female,Valid,Yes,Intersection,2,18,2,4,0,2,2,1,1,2,9,0,0,9.09,21.71237,79.02687,NH44_Agra_Nagpur,Madhya Pradesh
Bihar,Unknown,2018,July,Wednesday,12:55,Serious,5,Car,5,1,Foggy,State Highway,Wet,Dark,Signs,55,67,Male,Valid,Yes,Straight Road,2,12,7,2,1,1,3,0,1,5,5,0,0,4.24,27.64277,77.49897,NH44_Delhi_Agra,Uttar Pradesh
Tripura,Unknown,2023,June,Saturday,2:50,Serious,1,Pedestrian,7,4,Rainy,Village Road,Under Construction,Dark,Signals,89,55,Male,Expired,No,Straight Road,2,2,6,5,3,3,2,0,0,1,7,0,0,6.97,14.29848,76.18397,NH44_Hyderabad_Bangalore,Karnataka
Gujarat,Surat,2018,July,Tuesday,5:17,Minor,2,Cycle,7,5,Stormy,State Highway,Damaged,Dark,Signs,78,48,Female,,Yes,Straight Road,1,5,7,1,1,4,0,0,1,2,7,0,0,7.88,24.26114,75.87451,NH27_East_West,Rajasthan / MP / UP
West Bengal,Durgapur,2020,November,Thursday,6:19,Minor,1,Pedestrian,2,0,Stormy,Urban Road,Wet,Dark,,32,23,Female,,No,Bridge,1,6,11,3,2,4,3,0,0,1,2,0,0,1.21,25.40321,89.89274,NH27_East_West,Rajasthan / MP / UP
Andhra Pradesh,Tirupati,2020,April,Saturday,11:30,Fatal,5,Bus,5,4,Rainy,Village Road,Wet,Dusk,Police Checkpost,101,26,Female,Valid,Yes,Bridge,3,11,4,5,3,3,3,3,1,5,5,0,0,7.58,20.46394,86.25441,NH16_Kolkata_Chennai,Odisha / Andhra Pradesh
Arunachal Pradesh,Unknown,2020,July,Wednesday,22:14,Minor,5,Two-Wheeler,2,5,Hazy,National Highway,Dry,Dawn,Police Checkpost,35,29,Male,Valid,No,Curve,1,22,7,2,0,2,1,1,0,5,2,0,0,5.76,33.07558,75.60347,NH44_North,Jammu & Kashmir
Madhya Pradesh,Unknown,2020,April,Sunday,2:22,Serious,5,Cycle,10,4,Hazy,State Highway,Under Construction,Daylight,Police Checkpost,58,54,Female,Valid,No,Bridge,2,2,4,6,1,2,2,2,0,5,10,0,0,7.88,8.26434,77.26284,NH7_Varanasi_Kanyakumari,MP / Karnataka / TN
Andhra Pradesh,Visakhapatnam,2023,September,Tuesday,20:7,Fatal,3,Car,2,1,Stormy,National Highway,Wet,Dusk,Signs,91,38,Female,Expired,No,Bridge,3,20,9,1,0,4,3,3,0,3,2,0,0,3.33,19.22754,78.54869,NH44_Nagpur_Hyderabad,Telangana
Tamil Nadu,Coimbatore,2020,November,Monday,6:58,Fatal,4,Cycle,9,1,Foggy,Village Road,Damaged,Dusk,Signs,114,49,Male,,Yes,Curve,3,6,11,0,3,1,0,3,1,4,9,0,0,6.06,31.13644,77.11858,NH22_Shimla_Manali,Himachal Pradesh
Nagaland,Unknown,2023,December,Saturday,14:42,Minor,3,Pedestrian,5,1,Foggy,National Highway,Under Construction,Dawn,,74,19,Female,Valid,Yes,Intersection,1,14,12,5,0,1,2,1,1,3,5,0,0,3.64,31.83247,77.51213,NH22_Shimla_Manali,Himachal Pradesh
Bihar,Unknown,2018,July,Friday,8:1,Minor,4,Car,2,4,Hazy,Urban Road,Wet,Daylight,Signals,34,49,Male,,No,Intersection,1,8,7,4,2,2,3,2,0,4,2,0,0,4.85,13.05473,80.25916,NH16_Kolkata_Chennai,Odisha / Andhra Pradesh
Jharkhand,Unknown,2022,July,Wednesday,2:3,Serious,4,Auto-Rickshaw,10,3,Rainy,Village Road,Damaged,Dawn,Police Checkpost,87,54,Female,Expired,No,Curve,2,2,7,2,3,3,0,1,0,4,10,0,0,6.97,16.95302,78.34882,NH44_Hyderabad_Bangalore,Karnataka
Tripura,Unknown,2019,October,Friday,17:38,Serious,4,Truck,8,2,Foggy,State Highway,Damaged,Daylight,Signals,51,49,Female,,No,Bridge,2,17,10,4,1,1,0,2,0,4,8,0,0,5.45,19.25968,73.01274,NH48_Delhi_Mumbai,Rajasthan / Gujarat
Rajasthan,Jaipur,2018,January,Saturday,9:34,Minor,1,Auto-Rickshaw,0,5,Clear,National Highway,Under Construction,Dawn,Signs,94,26,Male,,No,Bridge,1,9,1,5,0,0,2,1,0,1,0,0,0,5.15,25.85719,82.24256,NH19_Delhi_Kolkata,Uttar Pradesh / Bihar
Tripura,Unknown,2020,April,Monday,0:36,Serious,1,Pedestrian,2,1,Rainy,National Highway,Wet,Dark,Signals,85,19,Female,,No,Straight Road,2,0,4,0,0,3,3,0,0,1,2,0,0,2.73,13.6036,79.47828,NH16_Kolkata_Chennai,Odisha / Andhra Pradesh
Mizoram,Unknown,2023,December,Saturday,1:53,Serious,3,Two-Wheeler,1,4,Rainy,National Highway,Under Construction,Dawn,,53,50,Female,Valid,Yes,Intersection,2,1,12,5,0,3,2,1,1,3,1,0,0,5.76,32.74698,74.79046,NH44_North,Jammu & Kashmir
Jammu and Kashmir,Unknown,2018,March,Monday,7:46,Minor,3,Pedestrian,7,3,Foggy,Village Road,Dry,Daylight,Signals,57,70,Female,Expired,No,Intersection,1,7,3,0,3,1,1,2,0,3,7,0,0,5.45,22.92563,83.40875,NH30_Patna_Visakhapatnam,Chhattisgarh
Haryana,Unknown,2021,September,Tuesday,19:9,Fatal,4,Truck,8,4,Hazy,Village Road,Under Construction,Dusk,Signals,104,55,Female,Expired,No,Straight Road,3,19,9,1,3,2,2,3,0,4,8,0,0,7.88,17.14955,77.20619,NH9_Pune_Hyderabad,Maharashtra / Telangana
Jammu and Kashmir,Unknown,2022,July,Wednesday,4:35,Serious,3,Bus,1,1,Hazy,State Highway,Damaged,Dusk,Signals,93,50,Male,Expired,Yes,Curve,2,4,7,2,1,2,0,3,1,3,1,0,0,3.03,12.98614,77.57663,NH48_Mumbai_Bangalore,Maharashtra / Karnataka
Uttar Pradesh,Lucknow,2021,December,Thursday,6:25,Fatal,3,Pedestrian,7,2,Foggy,State Highway,Wet,Dark,Police Checkpost,51,49,Male,Expired,Yes,Straight Road,3,6,12,3,1,1,3,0,1,3,7,0,0,6.36,27.45784,76.5424,NH48_Delhi_Mumbai,Rajasthan / Gujarat
Arunachal Pradesh,Unknown,2022,November,Wednesday,14:43,Serious,2,Truck,8,1,Rainy,Urban Road,Under Construction,Dawn,,76,23,Female,,No,Bridge,2,14,11,2,2,3,2,1,0,2,8,0,0,4.55,13.0966,80.25939,NH44_Bangalore_Chennai,Tamil Nadu
Uttarakhand,Unknown,2018,December,Monday,16:47,Minor,2,Auto-Rickshaw,9,2,Rainy,National Highway,Dry,Dawn,Police Checkpost,90,19,Female,Expired,No,Curve,1,16,12,0,0,3,1,1,0,2,9,0,0,5.15,22.98926,86.95968,NH19_Delhi_Kolkata,Uttar Pradesh / Bihar
Chhattisgarh,Unknown,2022,July,Thursday,0:49,Fatal,1,Bus,8,5,Clear,Urban Road,Under Construction,Daylight,,33,52,Female,,No,Curve,3,0,7,3,2,0,2,2,0,1,8,0,0,8.79,13.60667,79.37845,NH16_Kolkata_Chennai,Odisha / Andhra Pradesh
Bihar,Unknown,2019,October,Thursday,18:48,Serious,2,Auto-Rickshaw,7,5,Hazy,State Highway,Damaged,Dawn,Signs,42,39,Female,,Yes,Curve,2,18,10,3,1,2,0,1,1,2,7,0,0,8.48,28.32928,77.16014,NH44_Delhi_Agra,Uttar Pradesh
Manipur,Unknown,2020,November,Wednesday,2:53,Fatal,1,Two-Wheeler,10,3,Stormy,National Highway,Wet,Daylight,Signals,33,23,Female,,No,Straight Road,3,2,11,2,0,4,3,2,0,1,10,0,0,7.58,23.88479,79.1306,NH44_Agra_Nagpur,Madhya Pradesh
Chandigarh,Unknown,2021,January,Thursday,6:37,Fatal,3,Truck,3,4,Rainy,Urban Road,Under Construction,Dark,Police Checkpost,117,41,Male,Expired,Yes,Curve,3,6,1,3,2,3,2,0,1,3,3,0,0,6.97,26.09635,86.47892,NH27_East_West,Rajasthan / MP / UP
Andhra Pradesh,Tirupati,2019,October,Thursday,6:21,Fatal,1,Pedestrian,0,0,Hazy,National Highway,Dry,Dark,,53,68,Female,Expired,No,Curve,3,6,10,3,0,2,1,0,0,1,0,0,0,1.82,21.41626,87.18968,NH16_Kolkata_Chennai,Odisha / Andhra Pradesh
Haryana,Unknown,2021,March,Tuesday,14:20,Minor,3,Truck,7,0,Stormy,State Highway,Dry,Dusk,Signs,84,40,Male,Valid,No,Curve,1,14,3,1,1,4,1,3,0,3,7,0,0,2.73,23.38923,86.17854,NH19_Delhi_Kolkata,Uttar Pradesh / Bihar
Manipur,Unknown,2022,January,Tuesday,10:5,Fatal,5,Auto-Rickshaw,8,0,Hazy,State Highway,Dry,Dusk,Signs,78,58,Female,Valid,Yes,Intersection,3,10,1,1,1,2,1,3,1,5,8,0,0,4.85,18.58476,78.25592,NH44_Nagpur_Hyderabad,Telangana
Manipur,Unknown,2020,August,Sunday,2:36,Serious,3,Cycle,1,5,Foggy,Village Road,Dry,Dusk,Police Checkpost,64,59,Female,Valid,No,Curve,2,2,8,6,3,1,1,3,0,3,1,0,0,6.06,18.17452,74.18279,NH9_Pune_Hyderabad,Maharashtra / Telangana
Tamil Nadu,Chennai,2019,May,Friday,6:32,Serious,5,Bus,9,4,Stormy,Urban Road,Damaged,Daylight,Signals,55,39,Male,Expired,No,Straight Road,2,6,5,4,2,4,0,2,0,5,9,0,0,7.58,16.16109,74.50393,NH48_Mumbai_Bangalore,Maharashtra / Karnataka
Tamil Nadu,Chennai,2018,March,Sunday,10:54,Serious,3,Car,5,3,Clear,Village Road,Dry,Dark,,120,39,Male,Valid,No,Bridge,2,10,3,6,3,0,1,0,0,3,5,0,0,5.45,17.36612,73.93328,NH66_West_Coast,Maharashtra / Kerala
Odisha,Unknown,2021,January,Tuesday,5:21,Serious,5,Bus,2,5,Hazy,National Highway,Wet,Daylight,Signals,101,58,Male,,Yes,Curve,2,5,1,1,0,2,3,2,1,5,2,0,0,6.97,26.83921,80.95878,NH27_East_West,Rajasthan / MP / UP
Chhattisgarh,Unknown,2020,December,Tuesday,6:33,Serious,2,Truck,9,1,Rainy,Village Road,Wet,Daylight,Police Checkpost,80,70,Male,,Yes,Curve,2,6,12,1,3,3,3,2,1,2,9,0,0,5.45,22.64185,88.37909,NH19_Delhi_Kolkata,Uttar Pradesh / Bihar
Kerala,Unknown,2022,August,Thursday,23:34,Fatal,5,Bus,2,3,Rainy,State Highway,Wet,Dawn,,53,54,Male,Valid,Yes,Straight Road,3,23,8,3,1,3,3,1,1,5,2,0,0,5.76,19.30348,73.03538,NH48_Delhi_Mumbai,Rajasthan / Gujarat
Madhya Pradesh,Unknown,2021,June,Wednesday,22:30,Fatal,4,Auto-Rickshaw,4,2,Clear,National Highway,Under Construction,Dark,,33,57,Male,Valid,Yes,Straight Road,3,22,6,2,0,0,2,0,1,4,4,0,0,5.45,13.21556,77.43828,NH48_Mumbai_Bangalore,Maharashtra / Karnataka
Chhattisgarh,Unknown,2018,January,Sunday,8:45,Fatal,3,Bus,6,2,Stormy,Urban Road,Damaged,Dawn,,108,37,Female,,Yes,Intersection,3,8,1,6,2,4,0,1,1,3,6,0,0,6.06,20.16982,73.50262,NH48_Delhi_Mumbai,Rajasthan / Gujarat
Chhattisgarh,Unknown,2023,July,Thursday,11:29,Fatal,4,Auto-Rickshaw,0,5,Clear,National Highway,Wet,Dark,Signs,55,18,Female,,Yes,Curve,3,11,7,3,0,0,3,0,1,4,0,0,0,6.97,22.61651,88.29937,NH16_Kolkata_Chennai,Odisha / Andhra Pradesh
Chhattisgarh,Unknown,2021,July,Friday,0:17,Minor,5,Pedestrian,10,0,Foggy,State Highway,Damaged,Dark,Signs,76,70,Female,Expired,No,Straight Road,1,0,7,4,1,1,0,0,0,5,10,0,0,3.64,31.11556,77.19484,NH22_Shimla_Manali,Himachal Pradesh
Tripura,Unknown,2021,September,Thursday,14:12,Fatal,1,Cycle,3,3,Stormy,National Highway,Wet,Dusk,,70,67,Male,,Yes,Curve,3,14,9,3,0,4,3,3,1,1,3,0,0,6.06,31.46219,77.16512,NH22_Shimla_Manali,Himachal Pradesh
Delhi,New Delhi,2022,June,Sunday,5:0,Serious,3,Auto-Rickshaw,10,3,Clear,National Highway,Wet,Dark,Signals,46,32,Female,,No,Intersection,2,5,6,6,0,0,3,0,0,3,10,0,0,6.97,27.77235,77.44753,NH44_Delhi_Agra,Uttar Pradesh
Himachal Pradesh,Unknown,2023,October,Sunday,5:31,Fatal,4,Cycle,5,3,Clear,Urban Road,Under Construction,Dawn,Police Checkpost,42,43,Female,Expired,Yes,Intersection,3,5,10,6,2,0,2,1,1,4,5,0,0,6.67,22.59701,88.35293,NH19_Delhi_Kolkata,Uttar Pradesh / Bihar
Uttarakhand,Unknown,2022,October,Sunday,14:59,Fatal,3,Cycle,3,1,Clear,State Highway,Damaged,Dawn,,52,33,Male,,No,Curve,3,14,10,6,1,0,0,1,0,3,3,0,0,3.64,23.92973,81.29467,NH7_Varanasi_Kanyakumari,MP / Karnataka / TN
Delhi,New Delhi,2021,February,Friday,9:33,Serious,4,Cycle,4,4,Stormy,State Highway,Wet,Dusk,Police Checkpost,36,69,Male,Valid,Yes,Curve,2,9,2,4,1,4,3,3,1,4,4,0,0,6.67,32.43316,77.24373,NH22_Shimla_Manali,Himachal Pradesh
Punjab,Unknown,2023,June,Monday,10:40,Serious,4,Truck,5,4,Rainy,National Highway,Dry,Dawn,Police Checkpost,60,67,Male,Valid,No,Curve,2,10,6,0,0,3,1,1,0,4,5,0,0,6.36,32.39616,77.28304,NH22_Shimla_Manali,Himachal Pradesh
Mizoram,Unknown,2020,July,Thursday,12:43,Minor,3,Auto-Rickshaw,0,2,Foggy,Urban Road,Damaged,Daylight,Signals,41,62,Male,Valid,Yes,Straight Road,1,12,7,3,2,1,0,2,1,3,0,0,0,3.03,17.37168,78.48789,NH44_Nagpur_Hyderabad,Telangana
Andhra Pradesh,Vijayawada,2018,December,Thursday,18:18,Serious,5,Cycle,3,2,Stormy,Village Road,Damaged,Dawn,Police Checkpost,58,33,Male,Expired,No,Curve,2,18,12,3,3,4,0,1,0,5,3,0,0,3.94,15.40417,77.24195,NH7_Varanasi_Kanyakumari,MP / Karnataka / TN
Chhattisgarh,Unknown,2020,January,Wednesday,7:24,Minor,5,Two-Wheeler,0,3,Clear,Village Road,Under Construction,Dark,,98,25,Female,Valid,No,Intersection,1,7,1,2,3,0,2,0,0,5,0,0,0,3.33,22.95251,80.50972,NH7_Varanasi_Kanyakumari,MP / Karnataka / TN
Nagaland,Unknown,2022,July,Thursday,8:45,Serious,1,Car,1,3,Foggy,Urban Road,Wet,Daylight,Signs,93,61,Female,Expired,No,Intersection,2,8,7,3,2,1,3,2,0,1,1,0,0,4.24,25.83617,79.52537,NH27_East_West,Rajasthan / MP / UP
Sikkim,Unknown,2021,March,Wednesday,0:5,Minor,4,Pedestrian,7,5,Clear,State Highway,Damaged,Dawn,Police Checkpost,87,18,Male,Expired,No,Intersection,1,0,3,2,1,0,0,1,0,4,7,0,0,7.27,32.72436,74.83428,NH44_North,Jammu & Kashmir
Uttarakhand,Unknown,2023,April,Thursday,4:30,Minor,4,Auto-Rickshaw,2,5,Rainy,State Highway,Wet,Dark,,117,52,Male,Valid,Yes,Curve,1,4,4,3,1,3,3,0,1,4,2,0,0,6.36,21.68218,69.54689,NH27_East_West,Rajasthan / MP / UP
Bihar,Unknown,2021,August,Sunday,9:25,Minor,4,Cycle,7,1,Clear,National Highway,Wet,Dark,Signals,113,50,Male,Expired,No,Intersection,1,9,8,6,0,0,3,0,0,4,7,0,0,3.64,24.60809,73.75128,NH48_Delhi_Mumbai,Rajasthan / Gujarat
Goa,Unknown,2018,February,Thursday,23:59,Minor,5,Truck,7,0,Rainy,State Highway,Damaged,Daylight,Police Checkpost,116,37,Female,Valid,No,Intersection,1,23,2,3,1,3,0,2,0,5,7,0,0,2.73,8.24978,77.24595,NH7_Varanasi_Kanyakumari,MP / Karnataka / TN
Assam,Unknown,2023,October,Sunday,14:3,Serious,1,Bus,1,2,Clear,State Highway,Dry,Daylight,,41,25,Male,Valid,No,Intersection,2,14,10,6,1,0,1,2,0,1,1,0,0,3.33,25.86585,88.20211,NH27_East_West,Rajasthan / MP / UP
Madhya Pradesh,Unknown,2019,September,Monday,20:41,Fatal,2,Pedestrian,2,5,Hazy,Village Road,Wet,Daylight,Signs,42,24,Male,,No,Straight Road,3,20,9,0,3,2,3,2,0,2,2,0,0,6.97,21.14881,72.82786,NH48_Delhi_Mumbai,Rajasthan / Gujarat
Jharkhand,Unknown,2019,October,Wednesday,22:16,Minor,1,Cycle,6,5,Rainy,State Highway,Under Construction,Daylight,Signs,74,38,Female,Expired,No,Curve,1,22,10,2,1,3,2,2,0,1,6,0,0,6.97,26.27447,81.43514,NH19_Delhi_Kolkata,Uttar Pradesh / Bihar
Mizoram,Unknown,2022,August,Monday,19:57,Fatal,3,Auto-Rickshaw,6,2,Clear,National Highway,Under Construction,Dusk,Signs,37,50,Male,Expired,Yes,Bridge,3,19,8,0,0,0,2,3,1,3,6,0,0,6.06,24.55694,73.73949,NH48_Delhi_Mumbai,Rajasthan / Gujarat
Rajasthan,Jodhpur,2022,June,Thursday,7:52,Minor,5,Bus,8,5,Clear,State Highway,Wet,Dawn,Signals,112,23,Female,Expired,Yes,Straight Road,1,7,6,3,1,0,3,1,1,5,8,0,0,8.18,23.52449,83.82936,NH30_Patna_Visakhapatnam,Chhattisgarh
Nagaland,Unknown,2023,July,Monday,2:39,Fatal,2,Car,1,0,Foggy,State Highway,Wet,Dusk,Signs,116,22,Female,,No,Bridge,3,2,7,0,1,1,3,3,0,2,1,0,0,2.12,27.78638,77.51785,NH44_Delhi_Agra,Uttar Pradesh
Nagaland,Unknown,2020,October,Wednesday,6:32,Minor,2,Auto-Rickshaw,1,0,Hazy,Village Road,Under Construction,Dusk,,90,55,Female,,Yes,Bridge,1,6,10,2,3,2,2,3,1,2,1,0,0,1.52,26.20739,91.72325,NH52_Barasat_Guwahati,West Bengal / Assam
Nagaland,Unknown,2022,December,Tuesday,5:43,Serious,3,Auto-Rickshaw,2,0,Foggy,National Highway,Wet,Dusk,Signs,76,22,Female,,No,Curve,2,5,12,1,0,1,3,3,0,3,2,0,0,1.82,14.9913,75.19973,NH48_Mumbai_Bangalore,Maharashtra / Karnataka
Gujarat,Surat,2022,February,Tuesday,18:52,Serious,1,Bus,9,5,Rainy,State Highway,Damaged,Daylight,Signs,97,30,Female,,No,Bridge,2,18,2,1,1,3,0,2,0,1,9,0,0,8.48,13.63511,79.427,NH16_Kolkata_Chennai,Odisha / Andhra Pradesh
Andhra Pradesh,Visakhapatnam,2021,May,Saturday,22:24,Minor,2,Two-Wheeler,5,0,Stormy,Village Road,Wet,Daylight,Signals,102,62,Female,,No,Intersection,1,22,5,5,3,4,3,2,0,2,5,0,0,2.12,20.588,81.89432,NH30_Patna_Visakhapatnam,Chhattisgarh
Arunachal Pradesh,Unknown,2020,May,Thursday,17:29,Fatal,1,Auto-Rickshaw,3,1,Foggy,State Highway,Dry,Dusk,Police Checkpost,108,48,Male,Valid,No,Bridge,3,17,5,3,1,1,1,3,0,1,3,0,0,3.64,22.99888,72.62751,NH48_Delhi_Mumbai,Rajasthan / Gujarat
Rajasthan,Udaipur,2020,January,Thursday,8:27,Serious,2,Two-Wheeler,3,2,Rainy,National Highway,Under Construction,Dawn,,67,29,Female,Expired,Yes,Straight Road,2,8,1,3,0,3,2,1,1,2,3,0,0,4.55,14.81917,76.6062,NH44_Hyderabad_Bangalore,Karnataka
Chhattisgarh,Unknown,2018,March,Monday,21:10,Minor,2,Two-Wheeler,3,0,Stormy,State Highway,Damaged,Dawn,,72,59,Female,Valid,Yes,Curve,1,21,3,0,1,4,0,1,1,2,3,0,0,2.12,19.11048,72.80817,NH48_Mumbai_Bangalore,Maharashtra / Karnataka
Karnataka,Bangalore,2020,September,Monday,15:31,Fatal,2,Auto-Rickshaw,9,3,Foggy,National Highway,Under Construction,Dusk,Signals,94,62,Female,,No,Straight Road,3,15,9,0,0,1,2,3,0,2,9,0,0,7.27,24.6188,78.96895,NH44_Agra_Nagpur,Madhya Pradesh
Assam,Unknown,2018,October,Saturday,2:38,Fatal,5,Bus,1,3,Rainy,State Highway,Under Construction,Dusk,Signs,56,38,Female,Valid,Yes,Bridge,3,2,10,5,1,3,2,3,1,5,1,0,0,5.45,15.82282,80.23884,NH16_Kolkata_Chennai,Odisha / Andhra Pradesh
Himachal Pradesh,Unknown,2019,September,Monday,22:11,Serious,5,Auto-Rickshaw,5,1,Foggy,National Highway,Wet,Daylight,Signals,45,53,Male,,Yes,Straight Road,2,22,9,0,0,1,3,2,1,5,5,0,0,4.24,16.47109,80.66145,NH16_Kolkata_Chennai,Odisha / Andhra Pradesh
Odisha,Unknown,2019,August,Saturday,16:58,Serious,4,Car,4,0,Hazy,National Highway,Dry,Dawn,Signals,57,25,Female,Expired,No,Bridge,2,16,8,5,0,2,1,1,0,4,4,0,0,2.42,12.93288,77.6376,NH48_Mumbai_Bangalore,Maharashtra / Karnataka
Madhya Pradesh,Unknown,2020,January,Sunday,8:5,Minor,4,Two-Wheeler,6,5,Clear,National Highway,Damaged,Dawn,,100,19,Male,Valid,No,Curve,1,8,1,6,0,0,0,1,0,4,6,0,0,6.97,8.30366,77.28817,NH66_West_Coast,Maharashtra / Kerala
Nagaland,Unknown,2022,November,Monday,11:58,Serious,3,Auto-Rickshaw,1,4,Stormy,National Highway,Under Construction,Dark,Signals,36,21,Male,Expired,Yes,Straight Road,2,11,11,0,0,4,2,0,1,3,1,0,0,5.76,20.58565,81.94564,NH30_Patna_Visakhapatnam,Chhattisgarh
Haryana,Unknown,2023,November,Monday,6:32,Minor,3,Pedestrian,0,5,Foggy,Urban Road,Wet,Dark,Signs,106,58,Female,Valid,No,Bridge,1,6,11,0,2,1,3,0,0,3,0,0,0,5.15,13.60865,77.49611,NH44_Hyderabad_Bangalore,Karnataka
Tamil Nadu,Chennai,2022,November,Thursday,10:22,Serious,5,Pedestrian,2,4,Stormy,Village Road,Dry,Daylight,Signals,74,44,Female,Expired,No,Bridge,2,10,11,3,3,4,1,2,0,5,2,0,0,5.45,12.70169,77.92467,NH44_Bangalore_Chennai,Tamil Nadu
Nagaland,Unknown,2020,August,Saturday,7:53,Minor,5,Bus,6,4,Rainy,State Highway,Under Construction,Dusk,,35,31,Female,Valid,Yes,Intersection,1,7,8,5,1,3,2,3,1,5,6,0,0,6.67,22.2768,83.00135,NH30_Patna_Visakhapatnam,Chhattisgarh
Bihar,Unknown,2023,May,Sunday,12:26,Minor,4,Pedestrian,10,1,Hazy,Village Road,Damaged,Dawn,Police Checkpost,63,21,Female,,Yes,Intersection,1,12,5,6,3,2,0,1,1,4,10,0,0,5.15,13.17068,77.5632,NH44_Hyderabad_Bangalore,Karnataka
Delhi,New Delhi,2019,June,Monday,12:29,Fatal,2,Auto-Rickshaw,4,1,Rainy,Urban Road,Under Construction,Daylight,,63,47,Male,Valid,No,Bridge,3,12,6,0,2,3,2,2,0,2,4,0,0,3.94,27.65488,77.59622,NH44_Delhi_Agra,Uttar Pradesh
Sikkim,Unknown,2019,September,Monday,7:5,Minor,5,Pedestrian,0,3,Hazy,Urban Road,Damaged,Daylight,Signals,80,63,Female,,Yes,Intersection,1,7,9,0,2,2,0,2,1,5,0,0,0,3.94,15.41253,77.25869,NH7_Varanasi_Kanyakumari,MP / Karnataka / TN
Delhi,Dwarka,2020,November,Thursday,22:27,Serious,4,Car,0,3,Foggy,Village Road,Damaged,Dusk,,35,36,Male,,Yes,Intersection,2,22,11,3,3,1,0,3,1,4,0,0,0,4.55,28.02069,77.31588,NH44_Delhi_Agra,Uttar Pradesh
Gujarat,Surat,2022,August,Sunday,13:32,Serious,1,Truck,10,1,Rainy,National Highway,Wet,Dusk,Police Checkpost,83,28,Male,Expired,Yes,Bridge,2,13,8,6,0,3,3,3,1,1,10,0,0,5.76,12.92638,77.57686,NH48_Mumbai_Bangalore,Maharashtra / Karnataka
Kerala,Unknown,2022,March,Thursday,4:53,Fatal,3,Two-Wheeler,8,5,Clear,Urban Road,Damaged,Dark,Police Checkpost,46,55,Female,Expired,Yes,Intersection,3,4,3,3,2,0,0,0,1,3,8,0,0,9.39,27.9924,77.32845,NH44_Delhi_Agra,Uttar Pradesh
Assam,Unknown,2023,April,Sunday,4:58,Serious,2,Auto-Rickshaw,6,4,Rainy,National Highway,Damaged,Dawn,Signals,104,41,Female,Expired,Yes,Straight Road,2,4,4,6,0,3,0,1,1,2,6,0,0,7.27,12.3923,78.17659,NH44_Bangalore_Chennai,Tamil Nadu
Mizoram,Unknown,2022,October,Saturday,19:23,Serious,4,Cycle,0,3,Hazy,State Highway,Under Construction,Dawn,,47,23,Female,,No,Straight Road,2,19,10,5,1,2,2,1,0,4,0,0,0,3.94,18.25126,74.17189,NH9_Pune_Hyderabad,Maharashtra / Telangana
Manipur,Unknown,2020,June,Friday,15:56,Serious,4,Pedestrian,3,5,Foggy,National Highway,Wet,Dark,Signals,42,36,Male,,No,Straight Road,2,15,6,4,0,1,3,0,0,4,3,0,0,6.67,32.34641,74.88148,NH44_North,Jammu & Kashmir
Uttarakhand,Unknown,2019,December,Thursday,8:29,Fatal,3,Car,8,5,Stormy,Urban Road,Dry,Dawn,Signals,73,38,Female,Expired,Yes,Intersection,3,8,12,3,2,4,1,1,1,3,8,0,0,9.39,26.87406,75.81548,NH48_Delhi_Mumbai,Rajasthan / Gujarat
Mizoram,Unknown,2018,November,Friday,4:30,Minor,4,Bus,9,3,Clear,State Highway,Wet,Dawn,Signs,108,46,Female,Valid,No,Bridge,1,4,11,4,1,0,3,1,0,4,9,0,0,6.06,23.01869,72.60696,NH27_East_West,Rajasthan / MP / UP
Himachal Pradesh,Unknown,2020,March,Saturday,13:59,Minor,3,Two-Wheeler,5,2,Hazy,Village Road,Damaged,Daylight,,63,43,Female,Expired,Yes,Intersection,1,13,3,5,3,2,0,2,1,3,5,0,0,4.55,24.82664,84.81625,NH30_Patna_Visakhapatnam,Chhattisgarh
Uttarakhand,Unknown,2021,April,Saturday,15:14,Minor,2,Truck,7,0,Stormy,Village Road,Wet,Dark,Signs,39,21,Female,Valid,Yes,Curve,1,15,4,5,3,4,3,0,1,2,7,0,0,3.33,17.73611,83.24858,NH30_Patna_Visakhapatnam,Chhattisgarh
Jammu and Kashmir,Unknown,2021,December,Thursday,8:42,Serious,1,Cycle,2,0,Clear,Village Road,Wet,Dusk,Signals,100,56,Female,Valid,Yes,Bridge,2,8,12,3,3,0,3,3,1,1,2,0,0,2.42,27.17678,77.96492,NH44_Delhi_Agra,Uttar Pradesh
Goa,Unknown,2018,February,Monday,15:33,Fatal,1,Bus,8,3,Stormy,State Highway,Under Construction,Dusk,Police Checkpost,53,63,Female,,No,Straight Road,3,15,2,0,1,4,2,3,0,1,8,0,0,6.97,27.05986,78.09486,NH44_Delhi_Agra,Uttar Pradesh
Arunachal Pradesh,Unknown,2022,July,Friday,13:30,Fatal,2,Cycle,1,1,Stormy,Village Road,Damaged,Dawn,,90,45,Male,,Yes,Bridge,3,13,7,4,3,4,0,1,1,2,1,0,0,3.64,12.20284,79.25399,NH44_Bangalore_Chennai,Tamil Nadu
Karnataka,Mangalore,2023,July,Thursday,10:57,Minor,5,Auto-Rickshaw,9,3,Hazy,Village Road,Under Construction,Dawn,,91,29,Female,Expired,No,Bridge,1,10,7,3,3,2,2,1,0,5,9,0,0,6.06,19.27393,84.82677,NH16_Kolkata_Chennai,Odisha / Andhra Pradesh
Haryana,Unknown,2019,October,Wednesday,18:54,Serious,2,Two-Wheeler,8,2,Foggy,National Highway,Under Construction,Dark,Signs,67,64,Male,,No,Intersection,2,18,10,2,0,1,2,0,0,2,8,0,0,5.45,25.5224,89.94409,NH27_East_West,Rajasthan / MP / UP
Kerala,Unknown,2021,December,Tuesday,17:1,Serious,1,Bus,7,3,Foggy,Village Road,Damaged,Daylight,Signals,46,46,Male,,No,Straight Road,2,17,12,1,3,1,0,2,0,1,7,0,0,6.06,27.2689,82.52106,NH27_East_West,Rajasthan / MP / UP
Manipur,Unknown,2018,April,Monday,12:17,Serious,1,Pedestrian,10,0,Foggy,State Highway,Damaged,Daylight,Signals,90,48,Male,Expired,No,Intersection,2,12,4,0,1,1,0,2,0,1,10,0,0,4.24,27.24013,77.89914,NH44_Delhi_Agra,Uttar Pradesh
Rajasthan,Udaipur,2022,October,Saturday,17:22,Serious,4,Truck,9,3,Hazy,Village Road,Dry,Daylight,Signals,99,49,Female,,No,Intersection,2,17,10,5,3,2,1,2,0,4,9,0,0,6.67,26.14254,91.67911,NH52_Barasat_Guwahati,West Bengal / Assam
Tamil Nadu,Chennai,2023,November,Sunday,11:39,Minor,5,Auto-Rickshaw,5,2,Rainy,Village Road,Dry,Daylight,Police Checkpost,32,61,Male,,No,Bridge,1,11,11,6,3,3,1,2,0,5,5,0,0,3.94,17.64672,83.30891,NH30_Patna_Visakhapatnam,Chhattisgarh
Delhi,New Delhi,2021,February,Monday,13:20,Serious,2,Truck,0,3,Clear,Village Road,Wet,Dawn,Police Checkpost,72,63,Female,Expired,No,Curve,2,13,2,0,3,0,3,1,0,2,0,0,0,3.94,14.90937,79.93681,NH16_Kolkata_Chennai,Odisha / Andhra Pradesh
Odisha,Unknown,2021,September,Tuesday,18:17,Fatal,2,Cycle,2,2,Stormy,National Highway,Dry,Dusk,Signs,60,25,Female,Valid,Yes,Bridge,3,18,9,1,0,4,1,3,1,2,2,0,0,4.85,17.93704,74.90094,NH9_Pune_Hyderabad,Maharashtra / Telangana
Jammu and Kashmir,Unknown,2023,June,Friday,13:17,Fatal,2,Cycle,7,2,Rainy,National Highway,Under Construction,Dark,,61,39,Male,Expired,Yes,Intersection,3,13,6,4,0,3,2,0,1,2,7,0,0,6.36,20.63216,73.09182,NH48_Delhi_Mumbai,Rajasthan / Gujarat
Sikkim,Unknown,2022,February,Thursday,9:7,Minor,4,Car,6,0,Stormy,National Highway,Under Construction,Dusk,,38,56,Female,,No,Intersection,1,9,2,3,0,4,2,3,0,4,6,0,0,2.42,21.8107,80.24246,NH7_Varanasi_Kanyakumari,MP / Karnataka / TN
Himachal Pradesh,Unknown,2021,April,Thursday,20:0,Serious,1,Truck,6,1,Hazy,National Highway,Dry,Dusk,Police Checkpost,79,67,Male,Expired,Yes,Bridge,2,20,4,3,0,2,1,3,1,1,6,0,0,4.55,17.62735,83.29959,NH16_Kolkata_Chennai,Odisha / Andhra Pradesh
Maharashtra,Mumbai,2020,October,Thursday,8:28,Fatal,3,Truck,1,3,Rainy,National Highway,Dry,Daylight,Signals,63,59,Female,Expired,No,Intersection,3,8,10,3,0,3,1,2,0,3,1,0,0,4.85,13.81068,74.85735,NH66_West_Coast,Maharashtra / Kerala
Assam,Unknown,2021,July,Thursday,19:12,Minor,1,Auto-Rickshaw,4,5,Rainy,Village Road,Damaged,Dawn,Signs,45,32,Male,Valid,Yes,Intersection,1,19,7,3,3,3,0,1,1,1,4,0,0,6.97,18.13446,78.39375,NH44_Nagpur_Hyderabad,Telangana
Madhya Pradesh,Unknown,2023,November,Wednesday,3:54,Minor,4,Pedestrian,2,4,Hazy,National Highway,Damaged,Dawn,Signs,107,51,Male,Valid,Yes,Curve,1,3,11,2,0,2,0,1,1,4,2,0,0,5.45,23.51512,79.33463,NH44_Agra_Nagpur,Madhya Pradesh
Chhattisgarh,Unknown,2023,September,Sunday,11:27,Fatal,4,Cycle,0,1,Rainy,Urban Road,Wet,Dawn,Signs,77,62,Female,Valid,No,Bridge,3,11,9,6,2,3,3,1,0,4,0,0,0,2.73,24.86303,82.41084,NH7_Varanasi_Kanyakumari,MP / Karnataka / TN
Puducherry,Unknown,2022,December,Monday,15:40,Minor,1,Auto-Rickshaw,1,3,Foggy,State Highway,Dry,Dusk,Signals,75,64,Male,,Yes,Intersection,1,15,12,0,1,1,1,3,1,1,1,0,0,4.24,27.06843,78.07256,NH44_Delhi_Agra,Uttar Pradesh
Chandigarh,Unknown,2023,May,Tuesday,16:59,Minor,4,Two-Wheeler,3,4,Clear,National Highway,Dry,Daylight,Signs,44,25,Female,Valid,Yes,Bridge,1,16,5,1,0,0,1,2,1,4,3,0,0,5.76,28.02305,77.30878,NH44_Delhi_Agra,Uttar Pradesh
Arunachal Pradesh,Unknown,2022,August,Tuesday,2:47,Minor,4,Truck,0,3,Foggy,Village Road,Wet,Dawn,Signals,103,27,Female,Valid,Yes,Curve,1,2,8,1,3,1,3,1,1,4,0,0,0,3.94,22.18376,82.91711,NH30_Patna_Visakhapatnam,Chhattisgarh
Uttarakhand,Unknown,2020,December,Thursday,1:13,Serious,3,Cycle,1,3,Rainy,National Highway,Under Construction,Dawn,,94,51,Female,,No,Curve,2,1,12,3,0,3,2,1,0,3,1,0,0,4.24,22.24294,82.9893,NH30_Patna_Visakhapatnam,Chhattisgarh
Odisha,Unknown,2021,July,Monday,15:16,Serious,4,Two-Wheeler,9,4,Rainy,National Highway,Dry,Dawn,Signals,43,30,Female,Valid,Yes,Bridge,2,15,7,0,0,3,1,1,1,4,9,0,0,8.18,14.81702,74.24853,NH66_West_Coast,Maharashtra / Kerala
Arunachal Pradesh,Unknown,2021,July,Monday,19:6,Minor,3,Truck,8,4,Foggy,Urban Road,Under Construction,Dark,Signals,105,48,Male,Expired,No,Straight Road,1,19,7,0,2,1,2,0,0,3,8,0,0,6.67,22.38056,79.10583,NH44_Agra_Nagpur,Madhya Pradesh
Meghalaya,Unknown,2019,June,Monday,5:36,Serious,3,Cycle,9,2,Stormy,State Highway,Damaged,Daylight,,47,33,Female,,No,Bridge,2,5,6,0,1,4,0,2,0,3,9,0,0,5.76,26.87883,80.90637,NH19_Delhi_Kolkata,Uttar Pradesh / Bihar
Nagaland,Unknown,2023,December,Wednesday,6:41,Minor,2,Bus,6,2,Clear,State Highway,Damaged,Daylight,Signs,43,32,Male,Expired,Yes,Intersection,1,6,12,2,1,0,0,2,1,2,6,0,0,4.85,14.44841,75.72215,NH48_Mumbai_Bangalore,Maharashtra / Karnataka
Mizoram,Unknown,2020,January,Friday,20:31,Minor,4,Cycle,1,1,Hazy,Village Road,Wet,Dusk,Signals,43,61,Female,Expired,Yes,Curve,1,20,1,4,3,2,3,3,1,4,1,0,0,2.42,17.08761,77.26877,NH9_Pune_Hyderabad,Maharashtra / Telangana
Meghalaya,Unknown,2019,May,Friday,14:9,Minor,5,Pedestrian,1,2,Foggy,Village Road,Dry,Dawn,,62,28,Female,,Yes,Curve,1,14,5,4,3,1,1,1,1,5,1,0,0,3.33,16.59785,77.6115,NH44_Hyderabad_Bangalore,Karnataka
Haryana,Unknown,2022,October,Monday,3:40,Fatal,3,Bus,9,5,Foggy,State Highway,Dry,Dark,,87,22,Female,Valid,Yes,Curve,3,3,10,0,1,1,1,0,1,3,9,0,0,9.7,14.9978,75.29507,NH48_Mumbai_Bangalore,Maharashtra / Karnataka
Andhra Pradesh,Tirupati,2022,December,Sunday,21:42,Fatal,5,Auto-Rickshaw,4,0,Hazy,National Highway,Dry,Dusk,Signs,59,59,Male,Valid,No,Curve,3,21,12,6,0,2,1,3,0,5,4,0,0,3.03,31.1079,77.20731,NH22_Shimla_Manali,Himachal Pradesh
Uttarakhand,Unknown,2019,March,Monday,3:10,Fatal,1,Bus,1,2,Clear,Urban Road,Wet,Dark,,38,36,Female,,Yes,Curve,3,3,3,0,2,0,3,0,1,1,1,0,0,4.55,30.01766,78.87654,NH58_Delhi_Badrinath,Uttarakhand
Bihar,Unknown,2022,August,Monday,22:19,Fatal,1,Truck,3,3,Foggy,Urban Road,Damaged,Dawn,Police Checkpost,58,22,Male,,No,Curve,3,22,8,0,2,1,0,1,0,1,3,0,0,5.45,22.5438,88.42332,NH16_Kolkata_Chennai,Odisha / Andhra Pradesh
Sikkim,Unknown,2018,February,Wednesday,3:6,Serious,3,Car,3,0,Clear,National Highway,Dry,Dark,,70,46,Male,,Yes,Straight Road,2,3,2,2,0,0,1,0,1,3,3,0,0,2.73,20.54475,79.02946,NH44_Nagpur_Hyderabad,Telangana
Bihar,Unknown,2022,November,Wednesday,20:2,Fatal,4,Auto-Rickshaw,6,2,Hazy,Urban Road,Under Construction,Dark,Signals,61,67,Female,Valid,Yes,Intersection,3,20,11,2,2,2,2,0,1,4,6,0,0,6.06,17.29457,76.25255,NH9_Pune_Hyderabad,Maharashtra / Telangana
Bihar,Unknown,2018,May,Saturday,21:26,Serious,2,Cycle,8,5,Foggy,State Highway,Wet,Dark,,86,48,Male,Valid,Yes,Intersection,2,21,5,5,1,1,3,0,1,2,8,0,0,8.79,13.62511,77.44194,NH44_Hyderabad_Bangalore,Karnataka
Uttar Pradesh,Kanpur,2021,May,Wednesday,9:39,Fatal,4,Truck,3,5,Clear,Village Road,Wet,Dark,Police Checkpost,109,43,Female,Expired,No,Intersection,3,9,5,2,3,0,3,0,0,4,3,0,0,7.27,32.38941,77.2454,NH22_Shimla_Manali,Himachal Pradesh
Meghalaya,Unknown,2021,January,Saturday,17:4,Minor,1,Truck,1,0,Rainy,National Highway,Under Construction,Daylight,Police Checkpost,101,41,Male,Valid,No,Intersection,1,17,1,5,0,3,2,2,0,1,1,0,0,0.91,26.18665,86.4705,NH27_East_West,Rajasthan / MP / UP
Punjab,Unknown,2023,August,Wednesday,13:16,Minor,1,Cycle,10,4,Hazy,National Highway,Dry,Dark,Signals,99,54,Female,Valid,Yes,Intersection,1,13,8,2,0,2,1,0,1,1,10,0,0,7.88,15.3861,77.29516,NH7_Varanasi_Kanyakumari,MP / Karnataka / TN
Haryana,Unknown,2018,December,Sunday,16:46,Serious,1,Bus,6,1,Rainy,Village Road,Damaged,Dark,Signals,92,18,Male,Expired,No,Bridge,2,16,12,6,3,3,0,0,0,1,6,0,0,3.94,22.95389,79.39129,NH44_Agra_Nagpur,Madhya Pradesh
Kerala,Unknown,2021,March,Friday,5:42,Serious,4,Auto-Rickshaw,2,4,Rainy,Village Road,Dry,Dark,Police Checkpost,107,67,Female,,Yes,Curve,2,5,3,4,3,3,1,0,1,4,2,0,0,6.06,28.53788,77.18257,NH44_Delhi_Agra,Uttar Pradesh
Chhattisgarh,Unknown,2018,October,Wednesday,19:31,Serious,2,Bus,8,4,Rainy,State Highway,Dry,Dawn,Signs,31,52,Female,Valid,No,Intersection,2,19,10,2,1,3,1,1,0,2,8,0,0,7.27,19.61997,73.16693,NH48_Delhi_Mumbai,Rajasthan / Gujarat
Karnataka,Mangalore,2021,March,Thursday,8:12,Minor,4,Pedestrian,10,2,Rainy,State Highway,Damaged,Daylight,Police Checkpost,108,28,Male,,Yes,Intersection,1,8,3,3,1,3,0,2,1,4,10,0,0,6.06,21.16111,79.08637,NH44_Nagpur_Hyderabad,Telangana
Jammu and Kashmir,Unknown,2019,August,Saturday,13:29,Minor,1,Truck,5,1,Foggy,State Highway,Wet,Dark,Signs,87,21,Female,Valid,Yes,Bridge,1,13,8,5,1,1,3,0,1,1,5,0,0,3.64,26.24613,81.47341,NH19_Delhi_Kolkata,Uttar Pradesh / Bihar
Mizoram,Unknown,2023,October,Friday,23:46,Fatal,5,Cycle,10,3,Foggy,National Highway,Under Construction,Daylight,Police Checkpost,96,44,Male,,No,Intersection,3,23,10,4,0,1,2,2,0,5,10,0,0,7.58,13.24335,77.43562,NH48_Mumbai_Bangalore,Maharashtra / Karnataka
Chhattisgarh,Unknown,2022,March,Tuesday,22:41,Serious,4,Two-Wheeler,1,5,Clear,State Highway,Wet,Dusk,Signals,79,25,Male,,Yes,Curve,2,22,3,1,1,0,3,3,1,4,1,0,0,6.67,25.90614,74.99494,NH48_Delhi_Mumbai,Rajasthan / Gujarat
Odisha,Unknown,2023,November,Sunday,12:32,Fatal,1,Cycle,7,5,Foggy,Village Road,Under Construction,Dusk,Police Checkpost,46,51,Female,Valid,No,Straight Road,3,12,11,6,3,1,2,3,0,1,7,0,0,8.48,32.29617,77.10003,NH22_Shimla_Manali,Himachal Pradesh
Bihar,Unknown,2019,August,Sunday,8:27,Serious,2,Bus,9,1,Rainy,National Highway,Wet,Dark,,58,46,Male,,Yes,Intersection,2,8,8,6,0,3,3,0,1,2,9,0,0,5.45,26.83173,80.88157,NH27_East_West,Rajasthan / MP / UP
Arunachal Pradesh,Unknown,2020,November,Monday,18:53,Fatal,4,Bus,5,5,Stormy,Village Road,Wet,Daylight,Signals,56,18,Male,,No,Curve,3,18,11,0,3,4,3,2,0,4,5,0,0,7.88,22.28672,82.93916,NH30_Patna_Visakhapatnam,Chhattisgarh
Jammu and Kashmir,Unknown,2022,June,Monday,21:24,Serious,1,Bus,2,1,Stormy,Village Road,Damaged,Dawn,Signals,70,25,Female,Valid,Yes,Bridge,2,21,6,0,3,4,0,1,1,1,2,0,0,3.33,26.29082,81.5034,NH19_Delhi_Kolkata,Uttar Pradesh / Bihar
Punjab,Unknown,2021,June,Sunday,1:6,Minor,5,Car,10,5,Stormy,National Highway,Under Construction,Daylight,Signals,118,26,Female,Expired,Yes,Straight Road,1,1,6,6,0,4,2,2,1,5,10,0,0,8.79,24.24356,84.53453,NH19_Delhi_Kolkata,Uttar Pradesh / Bihar
Karnataka,Bangalore,2023,December,Tuesday,2:52,Fatal,5,Auto-Rickshaw,7,1,Foggy,Village Road,Dry,Dark,,43,40,Female,,Yes,Bridge,3,2,12,1,3,1,1,0,1,5,7,0,0,5.45,28.33823,77.21594,NH44_Delhi_Agra,Uttar Pradesh
Haryana,Unknown,2022,September,Wednesday,15:55,Minor,4,Two-Wheeler,1,2,Rainy,Urban Road,Wet,Dusk,Signals,56,69,Male,,No,Curve,1,15,9,2,2,3,3,3,0,4,1,0,0,2.73,18.12216,78.40258,NH44_Nagpur_Hyderabad,Telangana
Odisha,Unknown,2021,February,Saturday,13:31,Serious,1,Truck,3,0,Rainy,State Highway,Under Construction,Daylight,Police Checkpost,102,58,Female,Valid,No,Straight Road,2,13,2,5,1,3,2,2,0,1,3,0,0,2.12,32.24501,74.99212,NH44_North,Jammu & Kashmir
Bihar,Unknown,2018,April,Friday,14:8,Fatal,2,Bus,8,3,Rainy,Village Road,Under Construction,Dark,,118,52,Female,Valid,No,Straight Road,3,14,4,4,3,3,2,0,0,2,8,0,0,6.97,23.44496,73.22147,NH27_East_West,Rajasthan / MP / UP
Goa,Unknown,2020,April,Thursday,9:42,Serious,4,Auto-Rickshaw,6,3,Hazy,Urban Road,Under Construction,Dusk,Signs,114,45,Female,Expired,Yes,Straight Road,2,9,4,3,2,2,2,3,1,4,6,0,0,6.36,21.19847,79.07631,NH44_Nagpur_Hyderabad,Telangana
Bihar,Unknown,2023,March,Thursday,17:9,Fatal,3,Pedestrian,10,2,Hazy,Urban Road,Wet,Dawn,Signs,105,57,Male,,Yes,Curve,3,17,3,3,2,2,3,1,1,3,10,0,0,7.27,12.90729,77.60782,NH44_Hyderabad_Bangalore,Karnataka
Telangana,Unknown,2020,October,Friday,14:54,Fatal,5,Car,1,3,Hazy,State Highway,Dry,Dawn,Police Checkpost,116,65,Female,,Yes,Intersection,3,14,10,4,1,2,1,1,1,5,1,0,0,5.45,12.63242,77.8561,NH44_Bangalore_Chennai,Tamil Nadu
West Bengal,Siliguri,2023,January,Thursday,7:57,Fatal,4,Pedestrian,2,4,Foggy,National Highway,Under Construction,Dusk,Signals,88,23,Male,Expired,Yes,Bridge,3,7,1,3,0,1,2,3,1,4,2,0,0,6.67,32.58271,75.02188,NH44_North,Jammu & Kashmir
Goa,Unknown,2019,July,Friday,17:47,Serious,5,Truck,5,4,Foggy,National Highway,Wet,Daylight,Signals,75,32,Female,Valid,Yes,Intersection,2,17,7,4,0,1,3,2,1,5,5,0,0,6.97,12.83897,77.6841,NH44_Bangalore_Chennai,Tamil Nadu
West Bengal,Durgapur,2023,September,Friday,9:42,Minor,4,Auto-Rickshaw,10,4,Hazy,Urban Road,Dry,Dark,Police Checkpost,77,32,Female,Expired,Yes,Curve,1,9,9,4,2,2,1,0,1,4,10,0,0,7.88,17.3064,73.44041,NH48_Mumbai_Bangalore,Maharashtra / Karnataka
West Bengal,Siliguri,2018,November,Friday,20:31,Fatal,3,Cycle,0,5,Stormy,Urban Road,Wet,Dark,Signs,105,19,Female,,No,Curve,3,20,11,4,2,4,3,0,0,3,0,0,0,6.36,23.59714,73.23576,NH48_Delhi_Mumbai,Rajasthan / Gujarat
Delhi,Dwarka,2018,December,Tuesday,18:52,Fatal,2,Bus,10,5,Hazy,National Highway,Damaged,Dusk,Signs,109,62,Male,,No,Intersection,3,18,12,1,0,2,0,3,0,2,10,0,0,9.39,25.92117,88.19341,NH27_East_West,Rajasthan / MP / UP
Arunachal Pradesh,Unknown,2023,August,Thursday,17:45,Fatal,1,Truck,1,2,Stormy,National Highway,Damaged,Dusk,,87,31,Female,,Yes,Bridge,3,17,8,3,0,4,0,3,1,1,1,0,0,4.55,21.19545,72.84397,NH48_Delhi_Mumbai,Rajasthan / Gujarat
Bihar,Unknown,2019,February,Thursday,12:41,Minor,1,Truck,5,2,Foggy,Village Road,Damaged,Dusk,,96,21,Female,,Yes,Bridge,1,12,2,3,3,1,0,3,1,1,5,0,0,4.55,29.27623,77.97881,NH58_Delhi_Badrinath,Uttarakhand
Uttarakhand,Unknown,2023,May,Saturday,6:57,Fatal,5,Auto-Rickshaw,8,0,Rainy,National Highway,Dry,Dusk,Police Checkpost,61,22,Male,,Yes,Intersection,3,6,5,5,0,3,1,3,1,5,8,0,0,4.85,23.04251,87.05458,NH19_Delhi_Kolkata,Uttar Pradesh / Bihar
Himachal Pradesh,Unknown,2020,March,Monday,6:27,Minor,2,Cycle,2,3,Clear,Urban Road,Wet,Daylight,Police Checkpost,98,54,Male,Valid,No,Bridge,1,6,3,0,2,0,3,2,0,2,2,0,0,3.94,19.06311,72.85244,NH48_Delhi_Mumbai,Rajasthan / Gujarat
Meghalaya,Unknown,2020,July,Saturday,22:32,Minor,5,Cycle,2,5,Rainy,National Highway,Under Construction,Dark,,91,48,Female,Expired,Yes,Intersection,1,22,7,5,0,3,2,0,1,5,2,0,0,6.36,21.49844,82.39218,NH30_Patna_Visakhapatnam,Chhattisgarh
Uttar Pradesh,Kanpur,2021,April,Sunday,12:6,Serious,3,Car,0,3,Clear,Urban Road,Wet,Dusk,,82,21,Female,Valid,Yes,Curve,2,12,4,6,2,0,3,3,1,3,0,0,0,4.55,17.35592,78.53055,NH7_Varanasi_Kanyakumari,MP / Karnataka / TN
Arunachal Pradesh,Unknown,2022,November,Tuesday,18:17,Serious,4,Cycle,6,0,Stormy,Village Road,Under Construction,Dark,Signals,112,47,Male,Expired,Yes,Curve,2,18,11,1,3,4,2,0,1,4,6,0,0,3.64,27.06529,78.11081,NH44_Delhi_Agra,Uttar Pradesh
Tripura,Unknown,2020,January,Monday,5:34,Minor,2,Bus,7,4,Clear,Urban Road,Under Construction,Dusk,Signs,105,60,Female,Expired,Yes,Curve,1,5,1,0,2,0,2,3,1,2,7,0,0,6.97,21.66716,69.62426,NH27_East_West,Rajasthan / MP / UP
Andhra Pradesh,Visakhapatnam,2018,August,Wednesday,20:44,Minor,5,Auto-Rickshaw,7,2,Hazy,Urban Road,Damaged,Dawn,,112,43,Female,,No,Curve,1,20,8,2,2,2,0,1,0,5,7,0,0,4.55,18.18098,80.82193,NH30_Patna_Visakhapatnam,Chhattisgarh
Telangana,Unknown,2019,July,Wednesday,7:58,Fatal,3,Auto-Rickshaw,10,0,Clear,Village Road,Dry,Daylight,Signs,37,44,Male,Valid,No,Curve,3,7,7,2,3,0,1,2,0,3,10,0,0,4.85,28.60507,77.27507,NH48_Delhi_Mumbai,Rajasthan / Gujarat
Assam,Unknown,2020,November,Monday,7:34,Serious,3,Truck,4,2,Clear,National Highway,Damaged,Dark,Police Checkpost,42,25,Female,Expired,Yes,Curve,2,7,11,0,0,0,0,0,1,3,4,0,0,4.85,32.78766,74.82349,NH44_North,Jammu & Kashmir
Maharashtra,Mumbai,2021,November,Wednesday,7:24,Fatal,4,Cycle,2,4,Clear,National Highway,Under Construction,Dusk,Signals,35,41,Male,Valid,Yes,Intersection,3,7,11,2,0,0,2,3,1,4,2,0,0,6.67,31.894,77.39931,NH22_Shimla_Manali,Himachal Pradesh
Jammu and Kashmir,Unknown,2022,September,Monday,0:48,Fatal,4,Truck,2,5,Foggy,State Highway,Damaged,Dusk,Police Checkpost,54,58,Male,Valid,Yes,Intersection,3,0,9,0,1,1,0,3,1,4,2,0,0,7.58,27.8607,77.46954,NH44_Delhi_Agra,Uttar Pradesh
Rajasthan,Jodhpur,2022,November,Monday,19:50,Minor,4,Truck,3,3,Hazy,Village Road,Damaged,Dark,Signs,54,59,Female,Valid,No,Bridge,1,19,11,0,3,2,0,0,0,4,3,0,0,4.24,12.22631,79.17984,NH44_Bangalore_Chennai,Tamil Nadu
Jammu and Kashmir,Unknown,2023,November,Wednesday,3:5,Minor,5,Truck,7,2,Clear,Urban Road,Damaged,Dark,,114,19,Male,Expired,No,Straight Road,1,3,11,2,2,0,0,0,0,5,7,0,0,4.55,26.39944,75.17077,NH48_Delhi_Mumbai,Rajasthan / Gujarat
Arunachal Pradesh,Unknown,2018,November,Friday,13:27,Fatal,5,Truck,8,5,Hazy,Urban Road,Wet,Dawn,Police Checkpost,86,55,Female,Expired,No,Straight Road,3,13,11,4,2,2,3,1,0,5,8,0,0,8.79,24.29018,75.82895,NH27_East_West,Rajasthan / MP / UP
Chandigarh,Unknown,2019,October,Tuesday,14:20,Serious,4,Two-Wheeler,8,4,Hazy,National Highway,Under Construction,Daylight,Signs,71,33,Male,Valid,No,Curve,2,14,10,1,0,2,2,2,0,4,8,0,0,7.27,23.08663,72.64987,NH48_Delhi_Mumbai,Rajasthan / Gujarat
Nagaland,Unknown,2021,November,Friday,18:1,Serious,4,Cycle,0,4,Rainy,Urban Road,Dry,Dawn,Police Checkpost,76,46,Male,,No,Bridge,2,18,11,4,2,3,1,1,0,4,0,0,0,4.85,24.20304,84.29703,NH30_Patna_Visakhapatnam,Chhattisgarh
Jharkhand,Unknown,2019,August,Friday,20:32,Serious,4,Truck,6,2,Foggy,Urban Road,Under Construction,Dawn,Signs,84,62,Female,,Yes,Curve,2,20,8,4,2,1,2,1,1,4,6,0,0,5.45,27.20706,77.98486,NH44_Delhi_Agra,Uttar Pradesh
Haryana,Unknown,2018,April,Friday,4:34,Minor,2,Truck,7,1,Hazy,Urban Road,Under Construction,Daylight,Signs,42,62,Male,Expired,Yes,Straight Road,1,4,4,4,2,2,2,2,1,2,7,0,0,4.24,30.76871,79.61342,NH58_Delhi_Badrinath,Uttarakhand
Jammu and Kashmir,Unknown,2023,March,Tuesday,6:39,Minor,5,Car,9,2,Hazy,Village Road,Wet,Dusk,Police Checkpost,46,52,Female,,No,Bridge,1,6,3,1,3,2,3,3,0,5,9,0,0,5.15,22.9991,79.42257,NH44_Agra_Nagpur,Madhya Pradesh
Uttarakhand,Unknown,2021,February,Wednesday,8:58,Minor,3,Pedestrian,10,3,Foggy,National Highway,Damaged,Dusk,Signs,65,43,Male,,Yes,Intersection,1,8,2,2,0,1,0,3,1,3,10,0,0,6.97,8.18199,77.16766,NH7_Varanasi_Kanyakumari,MP / Karnataka / TN
Sikkim,Unknown,2022,August,Wednesday,23:0,Serious,4,Car,5,3,Hazy,Village Road,Under Construction,Dark,,80,22,Female,Expired,Yes,Curve,2,23,8,2,3,2,2,0,1,4,5,0,0,6.06,14.93701,79.94976,NH16_Kolkata_Chennai,Odisha / Andhra Pradesh
Assam,Unknown,2022,May,Thursday,3:5,Fatal,5,Pedestrian,10,0,Stormy,National Highway,Dry,Dusk,Signs,60,27,Male,Valid,Yes,Intersection,3,3,5,3,0,4,1,3,1,5,10,0,0,5.45,27.63263,77.61882,NH44_Delhi_Agra,Uttar Pradesh
Maharashtra,Nagpur,2019,August,Thursday,19:13,Fatal,4,Bus,3,3,Rainy,Urban Road,Wet,Dawn,Signals,64,39,Male,,Yes,Straight Road,3,19,8,3,2,3,3,1,1,4,3,0,0,6.06,25.85528,88.22151,NH27_East_West,Rajasthan / MP / UP
Chandigarh,Unknown,2023,July,Monday,23:0,Minor,2,Auto-Rickshaw,7,2,Foggy,State Highway,Damaged,Dark,Police Checkpost,100,22,Male,Expired,No,Straight Road,1,23,7,0,1,1,0,0,0,2,7,0,0,4.55,32.87405,75.09354,NH44_North,Jammu & Kashmir
Tamil Nadu,Chennai,2023,April,Friday,21:17,Fatal,3,Car,2,2,Stormy,State Highway,Dry,Dark,Signals,100,63,Female,Valid,Yes,Bridge,3,21,4,4,1,4,1,0,1,3,2,0,0,4.85,16.48336,80.61359,NH16_Kolkata_Chennai,Odisha / Andhra Pradesh
Assam,Unknown,2022,June,Saturday,21:29,Minor,5,Pedestrian,10,2,Stormy,State Highway,Wet,Dawn,Signs,61,19,Male,Expired,No,Curve,1,21,6,5,1,4,3,1,0,5,10,0,0,5.45,12.31667,78.14537,NH44_Bangalore_Chennai,Tamil Nadu
Uttar Pradesh,Varanasi,2018,May,Tuesday,13:24,Minor,3,Pedestrian,1,1,Hazy,National Highway,Damaged,Dawn,,34,58,Male,,No,Straight Road,1,13,5,1,0,2,0,1,0,3,1,0,0,1.82,23.51386,79.3602,NH44_Agra_Nagpur,Madhya Pradesh
Chhattisgarh,Unknown,2023,April,Sunday,22:11,Minor,4,Auto-Rickshaw,4,2,Foggy,Urban Road,Under Construction,Dawn,,67,58,Female,,No,Straight Road,1,22,4,6,2,1,2,1,0,4,4,0,0,3.64,22.27624,70.19333,NH27_East_West,Rajasthan / MP / UP
Andhra Pradesh,Tirupati,2023,October,Tuesday,3:58,Fatal,4,Cycle,0,2,Rainy,Urban Road,Damaged,Dawn,Police Checkpost,35,41,Male,Valid,No,Intersection,3,3,10,1,2,3,0,1,0,4,0,0,0,3.64,24.26274,84.57596,NH19_Delhi_Kolkata,Uttar Pradesh / Bihar
Goa,Unknown,2022,March,Thursday,0:54,Minor,2,Bus,9,0,Hazy,National Highway,Dry,Dusk,Police Checkpost,115,59,Female,,No,Intersection,1,0,3,3,0,2,1,3,0,2,9,0,0,3.33,12.89316,77.68759,NH44_Bangalore_Chennai,Tamil Nadu
Tamil Nadu,Chennai,2018,January,Tuesday,13:21,Minor,4,Two-Wheeler,0,1,Foggy,Urban Road,Under Construction,Daylight,,69,27,Female,Valid,No,Bridge,1,13,1,1,2,1,2,2,0,4,0,0,0,1.52,20.69895,73.06593,NH48_Delhi_Mumbai,Rajasthan / Gujarat
Chhattisgarh,Unknown,2018,April,Thursday,6:35,Minor,1,Auto-Rickshaw,8,1,Hazy,Urban Road,Under Construction,Dawn,Signals,75,41,Male,Expired,Yes,Straight Road,1,6,4,3,2,2,2,1,1,1,8,0,0,4.55,21.50352,87.22674,NH16_Kolkata_Chennai,Odisha / Andhra Pradesh
Nagaland,Unknown,2020,November,Friday,20:15,Fatal,4,Cycle,6,3,Stormy,State Highway,Wet,Daylight,Signals,33,57,Female,,Yes,Straight Road,3,20,11,4,1,4,3,2,1,4,6,0,0,6.97,17.9901,73.64022,NH48_Mumbai_Bangalore,Maharashtra / Karnataka
Himachal Pradesh,Unknown,2021,November,Monday,7:4,Serious,4,Auto-Rickshaw,0,5,Foggy,State Highway,Damaged,Dark,Police Checkpost,71,21,Female,,No,Intersection,2,7,11,0,1,1,0,0,0,4,0,0,0,5.76,12.25048,79.22789,NH44_Bangalore_Chennai,Tamil Nadu
Puducherry,Unknown,2022,January,Sunday,2:13,Minor,2,Truck,7,3,Hazy,Village Road,Damaged,Daylight,Signals,34,31,Female,,No,Intersection,1,2,1,6,3,2,0,2,0,2,7,0,0,5.45,18.19898,74.2111,NH9_Pune_Hyderabad,Maharashtra / Telangana
Puducherry,Unknown,2023,October,Thursday,10:36,Minor,2,Pedestrian,8,1,Clear,Urban Road,Dry,Dusk,Police Checkpost,44,51,Male,Valid,Yes,Intersection,1,10,10,3,2,0,1,3,1,2,8,0,0,4.55,22.72721,88.52985,NH52_Barasat_Guwahati,West Bengal / Assam
Puducherry,Unknown,2018,May,Saturday,17:9,Minor,1,Pedestrian,0,1,Rainy,Village Road,Damaged,Dawn,Signals,88,21,Male,Valid,No,Intersection,1,17,5,5,3,3,0,1,0,1,0,0,0,1.52,30.02572,78.92103,NH58_Delhi_Badrinath,Uttarakhand
Jammu and Kashmir,Unknown,2020,July,Friday,2:46,Minor,3,Two-Wheeler,10,0,Stormy,Urban Road,Wet,Dusk,,114,60,Female,Valid,Yes,Intersection,1,2,7,4,2,4,3,3,1,3,10,0,0,4.24,27.84291,77.42039,NH44_Delhi_Agra,Uttar Pradesh
Delhi,Rohini,2018,June,Wednesday,4:48,Fatal,1,Bus,0,0,Stormy,National Highway,Damaged,Dawn,Police Checkpost,100,40,Female,Valid,No,Bridge,3,4,6,2,0,4,0,1,0,1,0,0,0,1.82,27.22914,77.98381,NH44_Delhi_Agra,Uttar Pradesh
Uttarakhand,Unknown,2019,April,Friday,12:40,Minor,4,Cycle,7,5,Clear,State Highway,Dry,Dusk,Police Checkpost,111,69,Male,,Yes,Intersection,1,12,4,4,1,0,1,3,1,4,7,0,0,7.88,14.85451,76.60923,NH44_Hyderabad_Bangalore,Karnataka
Goa,Unknown,2023,June,Monday,7:41,Fatal,1,Cycle,4,2,Hazy,Village Road,Wet,Dark,Signs,50,37,Male,Valid,No,Straight Road,3,7,6,0,3,2,3,0,0,1,4,0,0,4.85,13.39174,77.48471,NH7_Varanasi_Kanyakumari,MP / Karnataka / TN
Punjab,Unknown,2019,October,Sunday,15:23,Minor,2,Pedestrian,3,1,Stormy,Village Road,Dry,Dark,Police Checkpost,80,28,Female,Expired,No,Intersection,1,15,10,6,3,4,1,0,0,2,3,0,0,2.42,26.26305,81.39036,NH19_Delhi_Kolkata,Uttar Pradesh / Bihar
West Bengal,Siliguri,2019,April,Sunday,3:12,Minor,2,Bus,10,1,Foggy,National Highway,Under Construction,Dusk,,55,20,Male,Expired,Yes,Bridge,1,3,4,6,0,1,2,3,1,2,10,0,0,5.15,31.86747,77.40179,NH22_Shimla_Manali,Himachal Pradesh
Tripura,Unknown,2018,November,Saturday,9:30,Serious,5,Two-Wheeler,1,4,Rainy,National Highway,Damaged,Dusk,,108,32,Female,,No,Straight Road,2,9,11,5,0,3,0,3,0,5,1,0,0,5.15,13.10435,80.30833,NH16_Kolkata_Chennai,Odisha / Andhra Pradesh
Rajasthan,Udaipur,2023,April,Saturday,12:42,Serious,2,Bus,5,5,Stormy,National Highway,Dry,Daylight,Police Checkpost,46,51,Male,Valid,No,Intersection,2,12,4,5,0,4,1,2,0,2,5,0,0,7.27,25.19683,74.54029,NH48_Delhi_Mumbai,Rajasthan / Gujarat
Nagaland,Unknown,2022,November,Sunday,17:53,Serious,4,Pedestrian,1,5,Hazy,Village Road,Under Construction,Dawn,Signs,38,54,Female,Valid,Yes,Bridge,2,17,11,6,3,2,2,1,1,4,1,0,0,6.67,24.82317,77.22468,NH27_East_West,Rajasthan / MP / UP
Rajasthan,Jaipur,2018,August,Friday,12:17,Fatal,3,Pedestrian,3,1,Foggy,National Highway,Dry,Dawn,,98,49,Male,Valid,No,Curve,3,12,8,4,0,1,1,1,0,3,3,0,0,3.64,26.87244,75.72038,NH48_Delhi_Mumbai,Rajasthan / Gujarat
Arunachal Pradesh,Unknown,2023,August,Wednesday,23:40,Serious,1,Pedestrian,0,1,Stormy,National Highway,Wet,Dark,Signs,65,41,Female,Expired,No,Intersection,2,23,8,2,0,4,3,0,0,1,0,0,0,2.12,17.37788,78.49689,NH44_Nagpur_Hyderabad,Telangana
Punjab,Unknown,2022,October,Tuesday,8:15,Fatal,5,Car,1,5,Stormy,National Highway,Wet,Daylight,,52,59,Female,Valid,No,Intersection,3,8,10,1,0,4,3,2,0,5,1,0,0,6.67,28.26416,77.81568,NH19_Delhi_Kolkata,Uttar Pradesh / Bihar
Himachal Pradesh,Unknown,2021,July,Tuesday,19:51,Fatal,5,Bus,8,3,Clear,Urban Road,Dry,Dusk,Signs,55,25,Female,,No,Curve,3,19,7,1,2,0,1,3,0,5,8,0,0,6.97,13.04799,80.28533,NH44_Bangalore_Chennai,Tamil Nadu
Kerala,Unknown,2018,June,Wednesday,2:30,Fatal,4,Cycle,0,3,Stormy,Village Road,Damaged,Dusk,Police Checkpost,66,47,Male,,No,Intersection,3,2,6,2,3,4,0,3,0,4,0,0,0,4.55,26.20534,91.7992,NH52_Barasat_Guwahati,West Bengal / Assam
Uttarakhand,Unknown,2022,March,Saturday,10:42,Fatal,1,Bus,4,1,Clear,Village Road,Dry,Dawn,Signals,71,39,Male,Valid,Yes,Intersection,3,10,3,5,3,0,1,1,1,1,4,0,0,4.55,24.61943,73.74202,NH48_Delhi_Mumbai,Rajasthan / Gujarat
Chhattisgarh,Unknown,2019,April,Tuesday,21:21,Minor,5,Two-Wheeler,4,4,Stormy,National Highway,Wet,Daylight,,56,21,Male,,No,Curve,1,21,4,1,0,4,3,2,0,5,4,0,0,5.45,27.51908,78.26615,NH19_Delhi_Kolkata,Uttar Pradesh / Bihar
Rajasthan,Jaipur,2021,March,Sunday,4:50,Serious,5,Truck,9,2,Hazy,Urban Road,Damaged,Dusk,Signals,48,23,Male,,No,Intersection,2,4,3,6,2,2,0,3,0,5,9,0,0,5.76,27.78656,77.43816,NH44_Delhi_Agra,Uttar Pradesh
Kerala,Unknown,2018,August,Monday,13:44,Serious,3,Truck,5,2,Rainy,State Highway,Damaged,Dawn,,81,57,Male,Expired,Yes,Curve,2,13,8,0,1,3,0,1,1,3,5,0,0,5.15,18.72065,78.32552,NH44_Nagpur_Hyderabad,Telangana
Tamil Nadu,Coimbatore,2018,August,Friday,16:37,Minor,4,Car,9,2,Foggy,Village Road,Under Construction,Daylight,,75,41,Female,,No,Intersection,1,16,8,4,3,1,2,2,0,4,9,0,0,5.15,17.44329,75.49075,NH9_Pune_Hyderabad,Maharashtra / Telangana
Jharkhand,Unknown,2022,October,Monday,22:28,Minor,3,Auto-Rickshaw,2,5,Foggy,National Highway,Under Construction,Dawn,Signals,82,63,Female,Valid,No,Curve,1,22,10,0,0,1,2,1,0,3,2,0,0,5.76,27.86727,77.52436,NH44_Delhi_Agra,Uttar Pradesh
Haryana,Unknown,2021,September,Wednesday,2:3,Fatal,4,Car,10,0,Hazy,Village Road,Dry,Dusk,Signals,86,51,Male,,Yes,Straight Road,3,2,9,2,3,2,1,3,1,4,10,0,0,5.45,25.29762,74.60049,NH48_Delhi_Mumbai,Rajasthan / Gujarat
Maharashtra,Pune,2023,January,Monday,9:40,Minor,2,Two-Wheeler,8,0,Clear,National Highway,Under Construction,Dark,Signals,34,59,Female,Valid,Yes,Straight Road,1,9,1,0,0,0,2,0,1,2,8,0,0,3.64,15.45528,77.26792,NH7_Varanasi_Kanyakumari,MP / Karnataka / TN
Uttarakhand,Unknown,2023,May,Sunday,12:15,Serious,1,Car,3,2,Hazy,Urban Road,Damaged,Daylight,Signs,70,25,Female,Valid,Yes,Bridge,2,12,5,6,2,2,0,2,1,1,3,0,0,4.55,18.20673,80.94232,NH30_Patna_Visakhapatnam,Chhattisgarh
Rajasthan,Jodhpur,2020,November,Thursday,5:17,Serious,5,Auto-Rickshaw,6,1,Stormy,Village Road,Under Construction,Daylight,Police Checkpost,50,35,Male,Expired,No,Curve,2,5,11,3,3,4,2,2,0,5,6,0,0,3.94,18.63034,84.26764,NH16_Kolkata_Chennai,Odisha / Andhra Pradesh
Goa,Unknown,2021,August,Thursday,12:39,Minor,4,Car,9,4,Rainy,State Highway,Under Construction,Dusk,Police Checkpost,36,57,Male,Valid,Yes,Intersection,1,12,8,3,1,3,2,3,1,4,9,0,0,7.58,12.29904,78.12718,NH44_Bangalore_Chennai,Tamil Nadu
Chhattisgarh,Unknown,2023,November,Wednesday,7:53,Serious,1,Truck,10,0,Foggy,National Highway,Wet,Dusk,Signals,47,24,Female,,No,Bridge,2,7,11,2,0,1,3,3,0,1,10,0,0,4.24,15.37008,77.05489,NH44_Hyderabad_Bangalore,Karnataka
Mizoram,Unknown,2021,December,Sunday,2:1,Fatal,4,Bus,4,2,Hazy,State Highway,Wet,Dusk,Police Checkpost,72,32,Female,,Yes,Curve,3,2,12,6,1,2,3,3,1,4,4,0,0,5.45,32.33143,74.90771,NH44_North,Jammu & Kashmir
Kerala,Unknown,2018,July,Sunday,2:55,Fatal,2,Bus,8,1,Rainy,National Highway,Damaged,Dark,Signs,89,61,Female,Valid,No,Intersection,3,2,7,6,0,3,0,0,0,2,8,0,0,5.15,24.88456,84.87254,NH30_Patna_Visakhapatnam,Chhattisgarh
Odisha,Unknown,2023,December,Saturday,17:51,Serious,1,Cycle,4,3,Rainy,National Highway,Dry,Dusk,Signs,48,46,Female,Valid,No,Straight Road,2,17,12,5,0,3,1,3,0,1,4,0,0,5.15,22.1729,82.97247,NH30_Patna_Visakhapatnam,Chhattisgarh
Uttar Pradesh,Kanpur,2019,March,Friday,22:1,Serious,1,Auto-Rickshaw,8,5,Rainy,Village Road,Under Construction,Dawn,Police Checkpost,57,40,Female,Expired,No,Bridge,2,22,3,4,3,3,2,1,0,1,8,0,0,8.18,21.13158,79.14155,NH7_Varanasi_Kanyakumari,MP / Karnataka / TN
Bihar,Unknown,2023,January,Wednesday,3:17,Fatal,1,Car,7,1,Stormy,National Highway,Damaged,Dusk,Signs,58,67,Female,Expired,No,Curve,3,3,1,2,0,4,0,3,0,1,7,0,0,4.85,19.16907,72.99416,NH48_Delhi_Mumbai,Rajasthan / Gujarat
Bihar,Unknown,2021,March,Thursday,22:33,Fatal,3,Truck,0,1,Rainy,Village Road,Under Construction,Dark,Police Checkpost,91,57,Female,Expired,Yes,Straight Road,3,22,3,3,3,3,2,0,1,3,0,0,0,3.33,18.62652,84.29295,NH16_Kolkata_Chennai,Odisha / Andhra Pradesh
Kerala,Unknown,2023,April,Saturday,10:38,Serious,4,Bus,7,3,Foggy,National Highway,Under Construction,Dawn,,105,67,Female,Valid,No,Intersection,2,10,4,5,0,1,2,1,0,4,7,0,0,6.06,13.04682,80.29411,NH44_Bangalore_Chennai,Tamil Nadu
Sikkim,Unknown,2023,June,Friday,0:5,Minor,3,Two-Wheeler,9,4,Clear,National Highway,Wet,Daylight,Signs,59,26,Male,Expired,Yes,Intersection,1,0,6,4,0,0,3,2,1,3,9,0,0,7.58,22.34092,79.12294,NH44_Agra_Nagpur,Madhya Pradesh
Chandigarh,Unknown,2019,November,Tuesday,10:3,Serious,4,Bus,4,0,Clear,State Highway,Damaged,Dawn,,49,31,Female,Expired,Yes,Bridge,2,10,11,1,1,0,0,1,1,4,4,0,0,3.03,32.07332,77.15166,NH22_Shimla_Manali,Himachal Pradesh
West Bengal,Kolkata,2020,January,Thursday,23:52,Fatal,3,Pedestrian,9,3,Rainy,State Highway,Damaged,Dark,,47,45,Male,Valid,Yes,Bridge,3,23,1,3,1,3,0,0,1,3,9,0,0,7.88,24.8748,82.48708,NH7_Varanasi_Kanyakumari,MP / Karnataka / TN
Meghalaya,Unknown,2020,January,Monday,20:26,Serious,2,Two-Wheeler,3,2,Rainy,Village Road,Under Construction,Dark,,100,29,Female,Valid,No,Curve,2,20,1,0,3,3,2,0,0,2,3,0,0,3.94,19.80873,79.4988,NH7_Varanasi_Kanyakumari,MP / Karnataka / TN
Uttarakhand,Unknown,2021,July,Sunday,17:53,Fatal,3,Pedestrian,10,0,Foggy,State Highway,Wet,Dawn,,60,26,Female,,Yes,Intersection,3,17,7,6,1,1,3,1,1,3,10,0,0,5.45,27.63727,77.60624,NH44_Delhi_Agra,Uttar Pradesh
Sikkim,Unknown,2019,May,Monday,3:24,Serious,4,Two-Wheeler,4,0,Clear,Urban Road,Wet,Daylight,Signs,78,38,Female,Expired,No,Curve,2,3,5,0,2,0,3,2,0,4,4,0,0,2.42,20.61764,81.89831,NH30_Patna_Visakhapatnam,Chhattisgarh
Puducherry,Unknown,2021,March,Thursday,8:36,Fatal,4,Bus,3,5,Hazy,Urban Road,Under Construction,Daylight,Police Checkpost,84,49,Male,Expired,Yes,Bridge,3,8,3,3,2,2,2,2,1,4,3,0,0,7.88,18.48404,73.88627,NH9_Pune_Hyderabad,Maharashtra / Telangana
Kerala,Unknown,2019,May,Saturday,15:49,Fatal,4,Car,1,0,Clear,Village Road,Wet,Dusk,Police Checkpost,77,60,Female,,Yes,Intersection,3,15,5,5,3,0,3,3,1,4,1,0,0,2.73,28.56556,77.17926,NH44_Delhi_Agra,Uttar Pradesh
Uttarakhand,Unknown,2023,September,Wednesday,1:36,Serious,5,Truck,5,3,Hazy,State Highway,Dry,Dusk,,56,41,Male,,Yes,Intersection,2,1,9,2,1,2,1,3,1,5,5,0,0,6.06,33.09966,75.63574,NH44_North,Jammu & Kashmir
Maharashtra,Nagpur,2022,January,Thursday,15:55,Fatal,1,Pedestrian,2,1,Foggy,National Highway,Dry,Daylight,Police Checkpost,75,44,Female,,Yes,Intersection,3,15,1,3,0,1,1,2,1,1,2,0,0,3.94,21.70306,69.61182,NH27_East_West,Rajasthan / MP / UP
Manipur,Unknown,2023,May,Saturday,22:55,Minor,4,Car,5,4,Foggy,Urban Road,Dry,Dark,Signals,50,33,Male,,Yes,Bridge,1,22,5,5,2,1,1,0,1,4,5,0,0,6.36,26.3303,75.2109,NH48_Delhi_Mumbai,Rajasthan / Gujarat
Goa,Unknown,2022,April,Saturday,9:45,Minor,1,Two-Wheeler,2,5,Rainy,National Highway,Under Construction,Dawn,Signals,35,31,Female,,Yes,Intersection,1,9,4,5,0,3,2,1,1,1,2,0,0,6.36,21.1241,79.12508,NH44_Nagpur_Hyderabad,Telangana
Uttar Pradesh,Lucknow,2021,December,Saturday,5:26,Serious,2,Bus,9,3,Hazy,State Highway,Damaged,Dusk,Police Checkpost,75,52,Female,Expired,No,Curve,2,5,12,5,1,2,0,3,0,2,9,0,0,6.67,24.2597,89.1644,NH52_Barasat_Guwahati,West Bengal / Assam
Kerala,Unknown,2022,February,Wednesday,23:44,Serious,3,Car,6,3,Clear,Village Road,Dry,Daylight,Signals,51,55,Male,Expired,No,Bridge,2,23,2,2,3,0,1,2,0,3,6,0,0,5.76,21.85882,80.25697,NH7_Varanasi_Kanyakumari,MP / Karnataka / TN
Assam,Unknown,2023,August,Sunday,22:58,Minor,1,Cycle,0,3,Hazy,Village Road,Under Construction,Dawn,Signals,89,34,Female,Valid,Yes,Bridge,1,22,8,6,3,2,2,1,1,1,0,0,0,3.94,17.44756,78.48246,NH44_Nagpur_Hyderabad,Telangana
Assam,Unknown,2019,April,Sunday,7:21,Fatal,1,Bus,3,1,Clear,Urban Road,Damaged,Daylight,Police Checkpost,34,42,Male,Expired,Yes,Straight Road,3,7,4,6,2,0,0,2,1,1,3,0,0,4.24,32.30134,77.18272,NH22_Shimla_Manali,Himachal Pradesh
Rajasthan,Udaipur,2020,October,Wednesday,23:42,Minor,5,Bus,7,2,Rainy,National Highway,Wet,Dawn,,108,53,Male,,Yes,Intersection,1,23,10,2,0,3,3,1,1,5,7,0,0,5.15,17.43912,75.45692,NH9_Pune_Hyderabad,Maharashtra / Telangana
Bihar,Unknown,2018,February,Wednesday,4:55,Serious,4,Pedestrian,2,0,Rainy,State Highway,Under Construction,Dawn,Police Checkpost,119,59,Female,Expired,No,Bridge,2,4,2,2,1,3,2,1,0,4,2,0,0,1.82,27.30101,82.48772,NH27_East_West,Rajasthan / MP / UP
West Bengal,Kolkata,2022,November,Saturday,22:31,Fatal,1,Cycle,7,5,Foggy,National Highway,Dry,Daylight,Signs,111,65,Female,Expired,No,Straight Road,3,22,11,5,0,1,1,2,0,1,7,0,0,8.48,17.19096,76.17767,NH9_Pune_Hyderabad,Maharashtra / Telangana
Kerala,Unknown,2018,January,Tuesday,5:18,Minor,3,Two-Wheeler,2,3,Stormy,State Highway,Damaged,Dark,Signs,68,26,Female,Valid,No,Straight Road,1,5,1,1,1,4,0,0,0,3,2,0,0,3.94,18.47456,73.86543,NH9_Pune_Hyderabad,Maharashtra / Telangana
Telangana,Unknown,2020,January,Monday,15:34,Serious,3,Two-Wheeler,3,0,Hazy,Village Road,Wet,Dawn,Signals,30,23,Female,,No,Curve,2,15,1,0,3,2,3,1,0,3,3,0,0,2.12,21.13427,79.01963,NH7_Varanasi_Kanyakumari,MP / Karnataka / TN
Assam,Unknown,2023,October,Monday,12:7,Fatal,2,Pedestrian,10,0,Rainy,Urban Road,Dry,Dusk,,53,31,Male,,Yes,Curve,3,12,10,0,2,3,1,3,1,2,10,0,0,5.45,12.60857,79.46866,NH44_Bangalore_Chennai,Tamil Nadu
Chandigarh,Unknown,2020,April,Sunday,0:55,Serious,4,Two-Wheeler,3,1,Stormy,State Highway,Under Construction,Daylight,Signs,55,62,Male,Valid,No,Straight Road,2,0,4,6,1,4,2,2,0,4,3,0,0,3.03,26.97746,78.18029,NH44_Delhi_Agra,Uttar Pradesh
Punjab,Unknown,2018,August,Saturday,18:56,Fatal,4,Bus,4,5,Stormy,National Highway,Dry,Dusk,Signs,104,35,Female,,Yes,Straight Road,3,18,8,5,0,4,1,3,1,4,4,0,0,8.18,27.36337,77.76342,NH44_Delhi_Agra,Uttar Pradesh
Tripura,Unknown,2020,April,Monday,10:35,Serious,4,Bus,7,4,Foggy,Village Road,Wet,Dusk,Signs,88,18,Male,Expired,No,Intersection,2,10,4,0,3,1,3,3,0,4,7,0,0,6.97,16.54226,80.60946,NH16_Kolkata_Chennai,Odisha / Andhra Pradesh
Nagaland,Unknown,2018,July,Saturday,20:0,Fatal,3,Car,6,1,Foggy,State Highway,Dry,Dark,Signals,42,62,Female,Expired,Yes,Bridge,3,20,7,5,1,1,1,0,1,3,6,0,0,5.15,20.41626,86.24672,NH16_Kolkata_Chennai,Odisha / Andhra Pradesh
Andhra Pradesh,Vijayawada,2020,March,Tuesday,6:53,Minor,3,Cycle,4,1,Foggy,Village Road,Dry,Daylight,Signs,57,47,Female,Valid,No,Curve,1,6,3,1,3,1,1,2,0,3,4,0,0,2.73,17.49672,75.49842,NH9_Pune_Hyderabad,Maharashtra / Telangana
Mizoram,Unknown,2023,February,Friday,8:20,Fatal,5,Pedestrian,2,4,Stormy,National Highway,Dry,Dusk,,43,33,Female,Valid,No,Straight Road,3,8,2,4,0,4,1,3,0,5,2,0,0,6.06,14.89318,79.9748,NH16_Kolkata_Chennai,Odisha / Andhra Pradesh
Karnataka,Bangalore,2020,August,Friday,17:28,Minor,2,Truck,10,0,Rainy,Urban Road,Damaged,Dusk,Police Checkpost,98,66,Male,Valid,Yes,Curve,1,17,8,4,2,3,0,3,1,2,10,0,0,4.24,31.17134,77.18292,NH22_Shimla_Manali,Himachal Pradesh
Sikkim,Unknown,2020,July,Friday,23:34,Fatal,1,Two-Wheeler,10,0,Stormy,National Highway,Wet,Dawn,Signs,34,45,Female,Valid,Yes,Intersection,3,23,7,4,0,4,3,1,1,1,10,0,0,5.45,20.65368,81.87264,NH30_Patna_Visakhapatnam,Chhattisgarh
Jharkhand,Unknown,2019,May,Thursday,9:38,Fatal,1,Pedestrian,5,0,Foggy,National Highway,Damaged,Dark,Police Checkpost,78,26,Male,,Yes,Straight Road,3,9,5,3,0,1,0,0,1,1,5,0,0,3.94,17.42936,78.41895,NH9_Pune_Hyderabad,Maharashtra / Telangana
Manipur,Unknown,2022,March,Thursday,18:37,Serious,5,Pedestrian,10,2,Hazy,State Highway,Under Construction,Daylight,Police Checkpost,90,66,Male,Expired,Yes,Intersection,2,18,3,3,1,2,2,2,1,5,10,0,0,6.67,17.34222,73.50019,NH48_Mumbai_Bangalore,Maharashtra / Karnataka
Punjab,Unknown,2020,August,Wednesday,4:49,Serious,5,Auto-Rickshaw,5,2,Stormy,Urban Road,Damaged,Dark,Signs,99,50,Female,Valid,Yes,Curve,2,4,8,2,2,4,0,0,1,5,5,0,0,5.15,28.25811,77.10775,NH44_Delhi_Agra,Uttar Pradesh
Haryana,Unknown,2021,December,Wednesday,3:4,Minor,1,Car,6,5,Clear,National Highway,Dry,Daylight,Police Checkpost,115,70,Female,,Yes,Straight Road,1,3,12,2,0,0,1,2,1,1,6,0,0,7.58,22.78589,88.4959,NH52_Barasat_Guwahati,West Bengal / Assam
Tripura,Unknown,2023,November,Tuesday,5:7,Serious,3,Car,1,1,Rainy,Village Road,Damaged,Dawn,Signals,76,50,Female,Valid,Yes,Straight Road,2,5,11,1,3,3,0,1,1,3,1,0,0,3.03,34.06873,74.7307,NH44_North,Jammu & Kashmir
Maharashtra,Mumbai,2022,June,Monday,6:33,Fatal,3,Cycle,2,1,Clear,Village Road,Dry,Dark,Signs,37,18,Female,Valid,No,Curve,3,6,6,0,3,0,1,0,0,3,2,0,0,3.33,13.01652,80.30121,NH44_Bangalore_Chennai,Tamil Nadu
Rajasthan,Jaipur,2021,February,Monday,21:37,Serious,3,Truck,8,5,Foggy,Urban Road,Dry,Dusk,Signals,94,19,Male,,Yes,Curve,2,21,2,0,2,1,1,3,1,3,8,0,0,8.79,24.28262,84.22578,NH30_Patna_Visakhapatnam,Chhattisgarh
Odisha,Unknown,2021,May,Sunday,0:39,Minor,3,Two-Wheeler,7,1,Stormy,Urban Road,Damaged,Dusk,Signals,32,25,Female,Expired,No,Intersection,1,0,5,6,2,4,0,3,0,3,7,0,0,3.64,33.18772,75.59405,NH44_North,Jammu & Kashmir
Himachal Pradesh,Unknown,2020,February,Saturday,7:55,Fatal,1,Car,9,0,Hazy,State Highway,Under Construction,Dawn,Signals,46,53,Male,Expired,Yes,Curve,3,7,2,5,1,2,2,1,1,1,9,0,0,5.15,27.68292,77.60909,NH44_Delhi_Agra,Uttar Pradesh
Arunachal Pradesh,Unknown,2018,October,Saturday,14:10,Serious,5,Auto-Rickshaw,8,2,Rainy,State Highway,Wet,Dawn,Signs,90,39,Male,Expired,Yes,Curve,2,14,10,5,1,3,3,1,1,5,8,0,0,6.06,30.00722,78.80997,NH58_Delhi_Badrinath,Uttarakhand
Meghalaya,Unknown,2021,June,Thursday,13:31,Serious,2,Bus,1,3,Hazy,State Highway,Dry,Dawn,Signs,107,35,Male,Expired,Yes,Intersection,2,13,6,3,1,2,1,1,1,2,1,0,0,4.85,30.45312,79.45792,NH58_Delhi_Badrinath,Uttarakhand
Tamil Nadu,Chennai,2021,September,Sunday,14:48,Fatal,1,Pedestrian,8,3,Stormy,Urban Road,Damaged,Daylight,Police Checkpost,63,45,Female,Expired,Yes,Intersection,3,14,9,6,2,4,0,2,1,1,8,0,0,7.58,18.58965,78.27916,NH44_Nagpur_Hyderabad,Telangana
Gujarat,Surat,2020,February,Monday,16:29,Fatal,3,Two-Wheeler,1,1,Foggy,State Highway,Dry,Dark,Signals,97,39,Male,Valid,No,Intersection,3,16,2,0,1,1,1,0,0,3,1,0,0,3.03,25.45716,78.60811,NH44_Agra_Nagpur,Madhya Pradesh
Chhattisgarh,Unknown,2018,July,Wednesday,8:5,Serious,4,Car,3,3,Hazy,State Highway,Dry,Dusk,Signs,83,26,Female,Valid,Yes,Straight Road,2,8,7,2,1,2,1,3,1,4,3,0,0,5.45,13.20189,77.39008,NH48_Mumbai_Bangalore,Maharashtra / Karnataka
Odisha,Unknown,2022,December,Friday,10:46,Minor,3,Car,10,3,Rainy,National Highway,Dry,Dusk,Police Checkpost,61,66,Male,Expired,No,Intersection,1,10,12,4,0,3,1,3,0,3,10,0,0,6.36,23.51618,88.8594,NH52_Barasat_Guwahati,West Bengal / Assam
Goa,Unknown,2020,May,Monday,21:51,Serious,4,Truck,2,2,Foggy,Urban Road,Under Construction,Dark,Police Checkpost,104,57,Male,Expired,Yes,Straight Road,2,21,5,0,2,1,2,0,1,4,2,0,0,4.24,28.36309,77.1673,NH44_Delhi_Agra,Uttar Pradesh
Jammu and Kashmir,Unknown,2021,November,Sunday,21:39,Serious,1,Two-Wheeler,0,2,Rainy,State Highway,Dry,Dark,Police Checkpost,41,50,Female,,No,Intersection,2,21,11,6,1,3,1,0,0,1,0,0,0,3.03,22.27085,79.11477,NH44_Agra_Nagpur,Madhya Pradesh
Telangana,Unknown,2023,August,Saturday,22:7,Minor,3,Pedestrian,5,0,Stormy,Village Road,Under Construction,Dark,Signs,36,67,Male,Expired,No,Curve,1,22,8,5,3,4,2,0,0,3,5,0,0,2.12,28.01815,77.3426,NH44_Delhi_Agra,Uttar Pradesh
Arunachal Pradesh,Unknown,2019,August,Monday,18:44,Fatal,3,Cycle,2,5,Stormy,State Highway,Dry,Dark,Signs,35,32,Male,,Yes,Intersection,3,18,8,0,1,4,1,0,1,3,2,0,0,7.58,25.78404,79.49021,NH27_East_West,Rajasthan / MP / UP
Jharkhand,Unknown,2020,September,Sunday,7:27,Serious,3,Cycle,8,3,Clear,National Highway,Wet,Daylight,Signs,40,55,Female,Valid,No,Curve,2,7,9,6,0,0,3,2,0,3,8,0,0,6.36,16.64445,73.27401,NH48_Mumbai_Bangalore,Maharashtra / Karnataka
Andhra Pradesh,Tirupati,2023,March,Thursday,8:37,Fatal,1,Pedestrian,0,1,Foggy,State Highway,Damaged,Dusk,,49,28,Female,Expired,No,Curve,3,8,3,3,1,1,0,3,0,1,0,0,0,2.73,24.8298,83.85295,NH19_Delhi_Kolkata,Uttar Pradesh / Bihar
Bihar,Unknown,2019,May,Saturday,22:32,Serious,1,Bus,9,5,Clear,State Highway,Damaged,Dark,Police Checkpost,49,57,Male,,Yes,Intersection,2,22,5,5,1,0,0,0,1,1,9,0,0,9.09,13.92102,75.57463,NH48_Mumbai_Bangalore,Maharashtra / Karnataka
Gujarat,Ahmedabad,2023,March,Wednesday,9:15,Fatal,1,Car,10,0,Hazy,Village Road,Wet,Daylight,,119,25,Female,,Yes,Intersection,3,9,3,2,3,2,3,2,1,1,10,0,0,5.45,22.91874,79.50917,NH44_Agra_Nagpur,Madhya Pradesh
Punjab,Unknown,2023,July,Thursday,12:43,Minor,3,Pedestrian,4,5,Rainy,Urban Road,Wet,Dusk,Signs,115,37,Female,Expired,Yes,Straight Road,1,12,7,3,2,3,3,3,1,3,4,0,0,6.97,27.3466,77.7295,NH44_Delhi_Agra,Uttar Pradesh
Himachal Pradesh,Unknown,2023,April,Sunday,4:10,Serious,5,Bus,8,1,Clear,Village Road,Damaged,Dark,Signs,113,37,Female,Expired,Yes,Straight Road,2,4,4,6,3,0,0,0,1,5,8,0,0,5.15,13.28078,77.45456,NH48_Mumbai_Bangalore,Maharashtra / Karnataka
Sikkim,Unknown,2019,January,Wednesday,23:24,Fatal,2,Two-Wheeler,0,4,Foggy,National Highway,Under Construction,Daylight,Signs,115,25,Female,Valid,Yes,Curve,3,23,1,2,0,1,2,2,1,2,0,0,0,6.06,15.85472,74.0419,NH66_West_Coast,Maharashtra / Kerala
Jammu and Kashmir,Unknown,2019,February,Friday,2:18,Serious,2,Pedestrian,0,4,Stormy,Urban Road,Wet,Dusk,,85,22,Female,Valid,Yes,Bridge,2,2,2,4,2,4,3,3,1,2,0,0,0,5.45,23.4082,86.16678,NH19_Delhi_Kolkata,Uttar Pradesh / Bihar
Telangana,Unknown,2021,February,Sunday,3:31,Minor,2,Auto-Rickshaw,7,1,Foggy,Village Road,Wet,Dark,Signs,84,63,Male,,Yes,Intersection,1,3,2,6,3,1,3,0,1,2,7,0,0,4.24,24.51745,79.00466,NH44_Agra_Nagpur,Madhya Pradesh
West Bengal,Siliguri,2018,July,Tuesday,9:28,Fatal,1,Two-Wheeler,10,0,Rainy,National Highway,Dry,Dawn,Police Checkpost,115,49,Male,Expired,Yes,Intersection,3,9,7,1,0,3,1,1,1,1,10,0,0,5.45,13.07563,80.31058,NH16_Kolkata_Chennai,Odisha / Andhra Pradesh
Meghalaya,Unknown,2022,May,Sunday,13:11,Minor,5,Car,9,3,Rainy,Village Road,Damaged,Daylight,Signals,116,30,Male,Expired,Yes,Bridge,1,13,5,6,3,3,0,2,1,5,9,0,0,6.67,16.0618,74.45265,NH48_Mumbai_Bangalore,Maharashtra / Karnataka
Bihar,Unknown,2023,April,Saturday,12:45,Minor,4,Truck,4,5,Foggy,State Highway,Wet,Dawn,Signs,99,45,Male,,Yes,Intersection,1,12,4,5,1,1,3,1,1,4,4,0,0,6.97,15.9101,80.2453,NH16_Kolkata_Chennai,Odisha / Andhra Pradesh
Himachal Pradesh,Unknown,2021,July,Wednesday,17:0,Minor,1,Bus,9,2,Stormy,Urban Road,Wet,Daylight,,73,44,Female,Expired,Yes,Curve,1,17,7,2,2,4,3,2,1,1,9,0,0,5.76,24.09183,73.45603,NH48_Delhi_Mumbai,Rajasthan / Gujarat
Himachal Pradesh,Unknown,2020,October,Sunday,1:59,Minor,5,Bus,4,4,Foggy,Village Road,Dry,Dawn,Signs,114,20,Female,Expired,Yes,Intersection,1,1,10,6,3,1,1,1,1,5,4,0,0,6.06,25.42309,78.52089,NH44_Agra_Nagpur,Madhya Pradesh
Assam,Unknown,2022,November,Friday,20:50,Minor,1,Truck,3,0,Stormy,State Highway,Dry,Dark,Signs,111,18,Female,Valid,Yes,Bridge,1,20,11,4,1,4,1,0,1,1,3,0,0,2.12,13.02215,77.59873,NH48_Mumbai_Bangalore,Maharashtra / Karnataka
Mizoram,Unknown,2022,June,Wednesday,6:34,Minor,1,Truck,6,3,Hazy,National Highway,Dry,Dark,Police Checkpost,89,33,Female,Expired,Yes,Bridge,1,6,6,2,0,2,1,0,1,1,6,0,0,5.76,13.05965,80.28331,NH16_Kolkata_Chennai,Odisha / Andhra Pradesh
Tamil Nadu,Coimbatore,2019,January,Friday,5:49,Serious,3,Cycle,10,1,Foggy,Village Road,Under Construction,Dark,,112,62,Male,Expired,Yes,Intersection,2,5,1,4,3,1,2,0,1,3,10,0,0,5.76,27.21734,78.01074,NH44_Delhi_Agra,Uttar Pradesh
Himachal Pradesh,Unknown,2021,November,Thursday,23:58,Serious,5,Pedestrian,9,5,Clear,State Highway,Dry,Dawn,,85,31,Male,,Yes,Bridge,2,23,11,3,1,0,1,1,1,5,9,0,0,9.09,13.81504,74.88687,NH66_West_Coast,Maharashtra / Kerala
Assam,Unknown,2019,July,Tuesday,6:28,Fatal,2,Truck,4,3,Clear,Urban Road,Under Construction,Dawn,,118,63,Male,,No,Straight Road,3,6,7,1,2,0,2,1,0,2,4,0,0,5.76,20.71796,73.12287,NH48_Delhi_Mumbai,Rajasthan / Gujarat
Tripura,Unknown,2022,June,Wednesday,4:57,Serious,5,Car,6,3,Clear,National Highway,Under Construction,Dusk,Signs,60,55,Male,Valid,Yes,Bridge,2,4,6,2,0,0,2,3,1,5,6,0,0,6.36,8.28248,77.21389,NH7_Varanasi_Kanyakumari,MP / Karnataka / TN
Sikkim,Unknown,2021,December,Friday,18:49,Minor,5,Bus,10,5,Clear,National Highway,Dry,Dawn,Signals,36,24,Male,Valid,Yes,Bridge,1,18,12,4,0,0,1,1,1,5,10,0,0,8.79,30.16452,79.08681,NH58_Delhi_Badrinath,Uttarakhand
Chhattisgarh,Unknown,2021,December,Saturday,11:10,Minor,4,Truck,7,1,Rainy,State Highway,Damaged,Dusk,Signals,87,33,Male,Expired,Yes,Curve,1,11,12,5,1,3,0,3,1,4,7,0,0,4.24,24.23726,75.85417,NH27_East_West,Rajasthan / MP / UP
Kerala,Unknown,2021,February,Tuesday,17:7,Serious,2,Cycle,7,2,Rainy,National Highway,Damaged,Daylight,Signs,93,43,Male,Expired,No,Bridge,2,17,2,1,0,3,0,2,0,2,7,0,0,5.15,23.86931,81.18269,NH7_Varanasi_Kanyakumari,MP / Karnataka / TN
Uttar Pradesh,Varanasi,2018,July,Tuesday,19:59,Minor,4,Cycle,4,5,Hazy,Village Road,Damaged,Dawn,Police Checkpost,82,31,Male,,Yes,Straight Road,1,19,7,1,3,2,0,1,1,4,4,0,0,6.97,27.79755,77.40924,NH44_Delhi_Agra,Uttar Pradesh
Mizoram,Unknown,2021,December,Monday,16:19,Fatal,4,Cycle,10,0,Foggy,Village Road,Under Construction,Dusk,Signs,63,31,Female,Valid,Yes,Intersection,3,16,12,0,3,1,2,3,1,4,10,0,0,5.45,16.65024,73.78326,NH66_West_Coast,Maharashtra / Kerala
Tamil Nadu,Coimbatore,2020,July,Tuesday,11:50,Fatal,2,Two-Wheeler,5,1,Stormy,State Highway,Dry,Dawn,Signals,46,18,Female,Expired,Yes,Bridge,3,11,7,1,1,4,1,1,1,2,5,0,0,4.85,17.07125,77.2073,NH9_Pune_Hyderabad,Maharashtra / Telangana
Haryana,Unknown,2020,May,Thursday,16:24,Serious,2,Pedestrian,0,0,Stormy,State Highway,Damaged,Dawn,Signs,82,56,Male,Expired,Yes,Intersection,2,16,5,3,1,4,0,1,1,2,0,0,0,1.82,27.61022,77.61401,NH44_Delhi_Agra,Uttar Pradesh
Telangana,Unknown,2022,July,Friday,20:32,Fatal,5,Auto-Rickshaw,3,0,Hazy,National Highway,Under Construction,Dark,Police Checkpost,77,53,Female,Expired,No,Bridge,3,20,7,4,0,2,2,0,0,5,3,0,0,2.73,32.92828,75.07297,NH44_North,Jammu & Kashmir
Tamil Nadu,Chennai,2020,April,Friday,11:13,Minor,1,Auto-Rickshaw,3,3,Foggy,Urban Road,Under Construction,Daylight,Police Checkpost,99,31,Male,Expired,Yes,Curve,1,11,4,4,2,1,2,2,1,1,3,0,0,4.85,32.19854,77.11601,NH22_Shimla_Manali,Himachal Pradesh
Uttar Pradesh,Kanpur,2021,December,Friday,0:34,Minor,2,Truck,5,1,Clear,Urban Road,Under Construction,Daylight,Signs,112,31,Female,,No,Curve,1,0,12,4,2,0,2,2,0,2,5,0,0,3.03,33.37695,75.27881,NH44_North,Jammu & Kashmir
Gujarat,Surat,2018,March,Friday,7:15,Minor,1,Two-Wheeler,4,0,Clear,Village Road,Under Construction,Daylight,,70,30,Female,Valid,No,Intersection,1,7,3,4,3,0,2,2,0,1,4,0,0,1.82,21.15101,79.05541,NH44_Nagpur_Hyderabad,Telangana
Jharkhand,Unknown,2022,August,Sunday,18:5,Minor,3,Auto-Rickshaw,6,4,Stormy,State Highway,Under Construction,Dusk,Police Checkpost,105,22,Male,Valid,Yes,Straight Road,1,18,8,6,1,4,2,3,1,3,6,0,0,6.67,22.77411,88.59321,NH52_Barasat_Guwahati,West Bengal / Assam
Punjab,Unknown,2023,July,Friday,22:17,Fatal,3,Pedestrian,7,3,Stormy,State Highway,Damaged,Dusk,Police Checkpost,78,57,Female,Expired,Yes,Bridge,3,22,7,4,1,4,0,3,1,3,7,0,0,7.27,26.98099,78.17851,NH44_Delhi_Agra,Uttar Pradesh
Uttar Pradesh,Kanpur,2020,June,Wednesday,1:17,Serious,2,Bus,10,5,Rainy,Village Road,Damaged,Dusk,,101,50,Female,,Yes,Curve,2,1,6,2,3,3,0,3,1,2,10,0,0,9.39,17.97882,73.7163,NH48_Mumbai_Bangalore,Maharashtra / Karnataka
Haryana,Unknown,2022,February,Wednesday,1:11,Fatal,5,Auto-Rickshaw,4,5,Clear,National Highway,Under Construction,Daylight,,52,67,Male,,Yes,Bridge,3,1,2,2,0,0,2,2,1,5,4,0,0,8.18,21.7137,79.13707,NH44_Agra_Nagpur,Madhya Pradesh
Puducherry,Unknown,2018,April,Thursday,0:41,Serious,2,Cycle,5,5,Clear,National Highway,Damaged,Dark,Signs,96,46,Female,,No,Bridge,2,0,4,3,0,0,0,0,0,2,5,0,0,7.27,18.71871,78.37721,NH44_Nagpur_Hyderabad,Telangana
Delhi,Dwarka,2021,June,Sunday,14:29,Fatal,4,Two-Wheeler,9,5,Rainy,Urban Road,Under Construction,Dusk,,100,51,Female,,Yes,Intersection,3,14,6,6,2,3,2,3,1,4,9,0,0,9.7,14.25342,76.29746,NH44_Hyderabad_Bangalore,Karnataka
Telangana,Unknown,2021,June,Friday,4:8,Minor,3,Auto-Rickshaw,0,4,Stormy,National Highway,Damaged,Dusk,Police Checkpost,97,21,Male,Valid,Yes,Bridge,1,4,6,4,0,4,0,3,1,3,0,0,0,4.85,27.18283,77.91629,NH44_Delhi_Agra,Uttar Pradesh
Jharkhand,Unknown,2023,May,Tuesday,5:34,Serious,3,Truck,7,1,Hazy,Urban Road,Dry,Dawn,Signs,64,50,Female,,No,Straight Road,2,5,5,1,2,2,1,1,0,3,7,0,0,4.24,34.01616,74.7348,NH44_North,Jammu & Kashmir
Kerala,Unknown,2018,May,Monday,1:7,Minor,4,Auto-Rickshaw,9,5,Rainy,Village Road,Under Construction,Daylight,Police Checkpost,88,50,Female,,Yes,Curve,1,1,5,0,3,3,2,2,1,4,9,0,0,8.48,27.06426,78.15169,NH44_Delhi_Agra,Uttar Pradesh
Tripura,Unknown,2021,August,Friday,18:55,Fatal,4,Cycle,0,2,Stormy,National Highway,Damaged,Dawn,Signals,97,44,Male,,No,Curve,3,18,8,4,0,4,0,1,0,4,0,0,0,3.64,28.55347,77.15979,NH44_Delhi_Agra,Uttar Pradesh
Puducherry,Unknown,2023,February,Sunday,12:6,Minor,4,Bus,8,4,Hazy,Village Road,Wet,Dawn,Signals,60,67,Female,Expired,No,Bridge,1,12,2,6,3,2,3,1,0,4,8,0,0,6.67,22.30971,72.29389,NH48_Delhi_Mumbai,Rajasthan / Gujarat
Telangana,Unknown,2019,May,Sunday,23:37,Minor,5,Car,9,3,Stormy,National Highway,Dry,Daylight,,56,18,Male,Valid,No,Curve,1,23,5,6,0,4,1,2,0,5,9,0,0,6.06,8.16898,77.18314,NH7_Varanasi_Kanyakumari,MP / Karnataka / TN
Goa,Unknown,2018,October,Wednesday,21:52,Fatal,5,Two-Wheeler,4,5,Foggy,State Highway,Under Construction,Dusk,Signs,77,25,Male,Expired,No,Curve,3,21,10,2,1,1,2,3,0,5,4,0,0,7.58,13.83842,74.83137,NH66_West_Coast,Maharashtra / Kerala
Kerala,Unknown,2018,September,Friday,9:7,Serious,1,Car,8,3,Rainy,State Highway,Damaged,Dark,Signals,99,27,Female,Valid,Yes,Curve,2,9,9,4,1,3,0,0,1,1,8,0,0,6.97,20.70981,81.93776,NH30_Patna_Visakhapatnam,Chhattisgarh
Bihar,Unknown,2022,March,Thursday,22:8,Fatal,2,Pedestrian,1,5,Foggy,State Highway,Under Construction,Dawn,Signs,110,54,Male,,No,Straight Road,3,22,3,3,1,1,2,1,0,2,1,0,0,6.67,31.17092,77.2362,NH22_Shimla_Manali,Himachal Pradesh
Maharashtra,Mumbai,2019,October,Thursday,19:1,Serious,2,Cycle,3,5,Stormy,Urban Road,Under Construction,Dark,Signals,41,35,Female,Expired,No,Bridge,2,19,10,3,2,4,2,0,0,2,3,0,0,6.67,24.80912,77.28568,NH27_East_West,Rajasthan / MP / UP
Haryana,Unknown,2023,February,Monday,8:12,Serious,1,Auto-Rickshaw,3,5,Clear,Urban Road,Wet,Dark,Police Checkpost,80,63,Female,Valid,Yes,Bridge,2,8,2,0,2,0,3,0,1,1,3,0,0,7.27,24.84529,91.94211,NH27_East_West,Rajasthan / MP / UP
Rajasthan,Jodhpur,2023,April,Tuesday,5:53,Fatal,4,Pedestrian,10,4,Stormy,Urban Road,Under Construction,Dawn,Signs,103,20,Female,Valid,Yes,Bridge,3,5,4,1,2,4,2,1,1,4,10,0,0,9.09,23.38606,79.35847,NH44_Agra_Nagpur,Madhya Pradesh
Goa,Unknown,2018,October,Wednesday,18:9,Serious,2,Bus,9,5,Clear,Village Road,Dry,Dawn,Signals,46,26,Male,Expired,No,Straight Road,2,18,10,2,3,0,1,1,0,2,9,0,0,8.48,17.29321,76.28777,NH9_Pune_Hyderabad,Maharashtra / Telangana
Assam,Unknown,2020,May,Monday,3:21,Serious,3,Auto-Rickshaw,2,3,Foggy,Urban Road,Under Construction,Daylight,,85,68,Female,,No,Straight Road,2,3,5,0,2,1,2,2,0,3,2,0,0,4.55,25.36132,82.9817,NH19_Delhi_Kolkata,Uttar Pradesh / Bihar
Madhya Pradesh,Unknown,2023,November,Monday,1:19,Fatal,1,Pedestrian,8,4,Foggy,Urban Road,Under Construction,Dark,Signals,71,54,Male,,No,Bridge,3,1,11,0,2,1,2,0,0,1,8,0,0,7.88,21.14267,79.05589,NH44_Nagpur_Hyderabad,Telangana
Arunachal Pradesh,Unknown,2021,April,Thursday,7:30,Fatal,5,Pedestrian,5,1,Stormy,Urban Road,Damaged,Daylight,,116,37,Male,Valid,Yes,Intersection,3,7,4,3,2,4,0,2,1,5,5,0,0,4.85,22.33833,72.22341,NH48_Delhi_Mumbai,Rajasthan / Gujarat
Sikkim,Unknown,2018,August,Thursday,8:26,Minor,4,Auto-Rickshaw,3,1,Clear,Village Road,Wet,Dark,,48,29,Female,Valid,Yes,Bridge,1,8,8,3,3,0,3,0,1,4,3,0,0,3.03,23.40109,79.34326,NH44_Agra_Nagpur,Madhya Pradesh
Uttar Pradesh,Lucknow,2018,September,Friday,16:25,Serious,1,Pedestrian,0,4,Foggy,Urban Road,Damaged,Dark,Signs,107,60,Male,Expired,Yes,Straight Road,2,16,9,4,2,1,0,0,1,1,0,0,0,5.45,13.67339,79.44821,NH16_Kolkata_Chennai,Odisha / Andhra Pradesh
Manipur,Unknown,2019,June,Sunday,4:38,Minor,5,Truck,1,0,Stormy,National Highway,Dry,Dusk,,114,22,Female,Expired,No,Curve,1,4,6,6,0,4,1,3,0,5,1,0,0,0.91,15.39929,74.9716,NH48_Mumbai_Bangalore,Maharashtra / Karnataka
Sikkim,Unknown,2023,June,Friday,0:11,Minor,5,Cycle,4,5,Foggy,State Highway,Wet,Daylight,Police Checkpost,43,55,Male,,No,Curve,1,0,6,4,1,1,3,2,0,5,4,0,0,6.36,26.92679,75.76435,NH48_Delhi_Mumbai,Rajasthan / Gujarat
Haryana,Unknown,2022,May,Friday,23:48,Minor,5,Pedestrian,8,3,Foggy,State Highway,Wet,Dawn,Signs,96,39,Female,Valid,Yes,Intersection,1,23,5,4,1,1,3,1,1,5,8,0,0,6.36,24.64982,79.01978,NH44_Agra_Nagpur,Madhya Pradesh
Maharashtra,Mumbai,2018,April,Friday,17:55,Fatal,5,Truck,1,2,Stormy,National Highway,Dry,Dark,Signals,85,31,Female,Expired,No,Curve,3,17,4,4,0,4,1,0,0,5,1,0,0,3.94,17.36939,73.4986,NH48_Mumbai_Bangalore,Maharashtra / Karnataka
Chandigarh,Unknown,2020,November,Wednesday,14:36,Serious,5,Car,6,5,Hazy,National Highway,Damaged,Dawn,Police Checkpost,102,44,Female,,No,Curve,2,14,11,2,0,2,0,1,0,5,6,0,0,7.58,15.43295,75.03122,NH48_Mumbai_Bangalore,Maharashtra / Karnataka
Haryana,Unknown,2022,August,Monday,10:14,Fatal,1,Cycle,3,1,Rainy,National Highway,Damaged,Dark,Signs,62,29,Female,Expired,No,Straight Road,3,10,8,0,0,3,0,0,0,1,3,0,0,3.64,21.44034,82.3994,NH30_Patna_Visakhapatnam,Chhattisgarh
Jammu and Kashmir,Unknown,2021,October,Thursday,8:3,Serious,1,Pedestrian,10,4,Foggy,Village Road,Under Construction,Dawn,Signs,59,38,Male,,No,Straight Road,2,8,10,3,3,1,2,1,0,1,10,0,0,7.88,17.21405,76.17323,NH9_Pune_Hyderabad,Maharashtra / Telangana
Chandigarh,Unknown,2022,May,Thursday,0:21,Serious,4,Auto-Rickshaw,9,1,Stormy,National Highway,Wet,Dusk,Signs,106,29,Female,Expired,Yes,Bridge,2,0,5,3,0,4,3,3,1,4,9,0,0,5.45,24.62408,79.03295,NH44_Agra_Nagpur,Madhya Pradesh
Kerala,Unknown,2018,August,Wednesday,5:45,Serious,4,Bus,0,3,Foggy,Urban Road,Under Construction,Dawn,Signals,82,35,Male,Valid,Yes,Bridge,2,5,8,2,2,1,2,1,1,4,0,0,0,4.55,21.77786,79.14246,NH44_Agra_Nagpur,Madhya Pradesh
Tripura,Unknown,2021,February,Monday,15:6,Serious,3,Auto-Rickshaw,7,4,Hazy,State Highway,Damaged,Dark,Signs,75,68,Male,,No,Curve,2,15,2,0,1,2,0,0,0,3,7,0,0,6.97,25.27609,83.0053,NH19_Delhi_Kolkata,Uttar Pradesh / Bihar
Tamil Nadu,Madurai,2018,May,Wednesday,11:22,Minor,3,Cycle,5,0,Foggy,National Highway,Dry,Dawn,Signs,79,43,Male,Expired,Yes,Straight Road,1,11,5,2,0,1,1,1,1,3,5,0,0,2.73,13.14637,80.26216,NH44_Bangalore_Chennai,Tamil Nadu
Telangana,Unknown,2020,December,Wednesday,12:22,Serious,5,Pedestrian,6,1,Hazy,State Highway,Under Construction,Dusk,Police Checkpost,103,29,Male,Valid,Yes,Bridge,2,12,12,2,1,2,2,3,1,5,6,0,0,4.55,26.1823,78.5259,NH44_Agra_Nagpur,Madhya Pradesh
Punjab,Unknown,2022,March,Sunday,14:3,Fatal,4,Bus,10,2,Stormy,Village Road,Dry,Daylight,Signals,68,61,Female,Valid,No,Curve,3,14,3,6,3,4,1,2,0,4,10,0,0,6.67,15.29919,76.96523,NH44_Hyderabad_Bangalore,Karnataka
Jharkhand,Unknown,2019,February,Tuesday,13:55,Minor,5,Pedestrian,10,5,Clear,Village Road,Wet,Dawn,Signs,100,69,Female,Expired,No,Intersection,1,13,2,1,3,0,3,1,0,5,10,0,0,8.18,28.26521,77.14178,NH44_Delhi_Agra,Uttar Pradesh
Odisha,Unknown,2022,February,Wednesday,10:33,Serious,4,Bus,2,1,Hazy,State Highway,Dry,Dusk,Signs,89,41,Female,Valid,No,Bridge,2,10,2,2,1,2,1,3,0,4,2,0,0,2.73,27.1749,77.94085,NH44_Delhi_Agra,Uttar Pradesh
Delhi,New Delhi,2018,September,Monday,20:24,Serious,5,Two-Wheeler,6,4,Foggy,National Highway,Dry,Dusk,Signals,104,45,Male,Valid,Yes,Intersection,2,20,9,0,0,1,1,3,1,5,6,0,0,7.27,31.14566,77.17231,NH22_Shimla_Manali,Himachal Pradesh
Karnataka,Mysore,2018,December,Friday,10:23,Fatal,3,Pedestrian,5,3,Hazy,State Highway,Under Construction,Dusk,Signs,36,51,Female,Valid,No,Curve,3,10,12,4,1,2,2,3,0,3,5,0,0,6.06,12.37815,78.13719,NH44_Bangalore_Chennai,Tamil Nadu
Maharashtra,Pune,2020,January,Monday,15:33,Minor,2,Cycle,1,0,Stormy,National Highway,Wet,Daylight,Police Checkpost,99,30,Male,Valid,No,Straight Road,1,15,1,0,0,4,3,2,0,2,1,0,0,0.91,13.29385,77.39528,NH48_Mumbai_Bangalore,Maharashtra / Karnataka
Tripura,Unknown,2020,May,Saturday,18:51,Serious,3,Bus,8,1,Clear,National Highway,Damaged,Dusk,,37,60,Female,Expired,Yes,Straight Road,2,18,5,5,0,0,0,3,1,3,8,0,0,5.15,28.63575,77.19757,NH48_Delhi_Mumbai,Rajasthan / Gujarat
Rajasthan,Udaipur,2019,August,Sunday,21:18,Serious,5,Pedestrian,8,4,Hazy,Village Road,Under Construction,Daylight,Signs,87,30,Male,,Yes,Curve,2,21,8,6,3,2,2,2,1,5,8,0,0,7.88,17.73826,83.34512,NH16_Kolkata_Chennai,Odisha / Andhra Pradesh
Maharashtra,Mumbai,2018,June,Tuesday,12:50,Fatal,5,Bus,6,1,Clear,Urban Road,Dry,Daylight,Police Checkpost,120,37,Female,Valid,Yes,Bridge,3,12,6,1,2,0,1,2,1,5,6,0,0,5.15,25.81525,82.19898,NH19_Delhi_Kolkata,Uttar Pradesh / Bihar
Jharkhand,Unknown,2021,September,Monday,9:45,Fatal,1,Pedestrian,4,3,Hazy,National Highway,Under Construction,Dawn,Police Checkpost,46,69,Male,Valid,No,Straight Road,3,9,9,0,0,2,2,1,0,1,4,0,0,5.76,17.32675,73.4321,NH48_Mumbai_Bangalore,Maharashtra / Karnataka
Tamil Nadu,Coimbatore,2021,April,Friday,5:0,Fatal,1,Bus,10,4,Hazy,Village Road,Wet,Dawn,Police Checkpost,104,50,Male,Valid,No,Straight Road,3,5,4,4,3,2,3,1,0,1,10,0,0,8.48,28.17885,76.97463,NH48_Delhi_Mumbai,Rajasthan / Gujarat
Odisha,Unknown,2020,December,Tuesday,2:3,Minor,3,Car,1,2,Hazy,Village Road,Damaged,Dark,Signals,94,64,Female,,No,Bridge,1,2,12,1,3,2,0,0,0,3,1,0,0,2.73,9.91226,77.45761,NH7_Varanasi_Kanyakumari,MP / Karnataka / TN
Jammu and Kashmir,Unknown,2023,March,Wednesday,21:32,Fatal,2,Pedestrian,2,5,Hazy,State Highway,Damaged,Dark,Police Checkpost,111,44,Female,Valid,Yes,Intersection,3,21,3,2,1,2,0,0,1,2,2,0,0,7.58,19.12423,72.88853,NH48_Mumbai_Bangalore,Maharashtra / Karnataka
Assam,Unknown,2022,August,Wednesday,0:38,Minor,3,Two-Wheeler,9,3,Rainy,Village Road,Under Construction,Dusk,,103,60,Female,Valid,No,Intersection,1,0,8,2,3,3,2,3,0,3,9,0,0,6.06,24.80886,82.47063,NH7_Varanasi_Kanyakumari,MP / Karnataka / TN
Mizoram,Unknown,2019,June,Sunday,8:49,Fatal,4,Auto-Rickshaw,3,3,Stormy,Urban Road,Wet,Dusk,Signals,32,67,Male,Valid,Yes,Straight Road,3,8,6,6,2,4,3,3,1,4,3,0,0,6.06,12.94568,77.61615,NH44_Hyderabad_Bangalore,Karnataka
Maharashtra,Pune,2021,January,Sunday,20:12,Fatal,3,Pedestrian,6,3,Hazy,Urban Road,Under Construction,Dark,Signals,97,38,Female,,Yes,Bridge,3,20,1,6,2,2,2,0,1,3,6,0,0,6.97,18.70924,84.23996,NH16_Kolkata_Chennai,Odisha / Andhra Pradesh
Tamil Nadu,Coimbatore,2021,September,Tuesday,5:17,Minor,3,Two-Wheeler,6,2,Rainy,Urban Road,Wet,Dusk,,72,32,Female,Expired,Yes,Bridge,1,5,9,1,2,3,3,3,1,3,6,0,0,4.85,23.91926,81.27605,NH7_Varanasi_Kanyakumari,MP / Karnataka / TN
Karnataka,Mangalore,2019,December,Saturday,23:12,Serious,5,Bus,9,0,Stormy,State Highway,Under Construction,Dawn,Police Checkpost,61,56,Female,,Yes,Straight Road,2,23,12,5,1,4,2,1,1,5,9,0,0,4.55,23.4706,86.1688,NH19_Delhi_Kolkata,Uttar Pradesh / Bihar
Goa,Unknown,2022,December,Friday,8:52,Minor,4,Bus,2,2,Foggy,Village Road,Wet,Dark,Signals,102,50,Female,Expired,Yes,Intersection,1,8,12,4,3,1,3,0,1,4,2,0,0,3.64,26.92753,75.79649,NH48_Delhi_Mumbai,Rajasthan / Gujarat
Andhra Pradesh,Vijayawada,2023,October,Wednesday,15:40,Fatal,1,Car,10,3,Hazy,Urban Road,Damaged,Dusk,,42,68,Male,Expired,No,Intersection,3,15,10,2,2,2,0,3,0,1,10,0,0,7.58,24.86762,83.81876,NH19_Delhi_Kolkata,Uttar Pradesh / Bihar
Maharashtra,Pune,2022,June,Monday,4:7,Fatal,4,Car,1,3,Hazy,Urban Road,Under Construction,Dusk,,104,29,Female,,No,Intersection,3,4,6,0,2,2,2,3,0,4,1,0,0,4.85,13.10416,80.30752,NH16_Kolkata_Chennai,Odisha / Andhra Pradesh
Rajasthan,Jodhpur,2022,December,Monday,11:8,Serious,1,Two-Wheeler,5,0,Rainy,Village Road,Under Construction,Dark,Police Checkpost,115,66,Male,,Yes,Curve,2,11,12,0,3,3,2,0,1,1,5,0,0,3.33,9.88774,77.438,NH7_Varanasi_Kanyakumari,MP / Karnataka / TN
Chandigarh,Unknown,2020,February,Monday,17:26,Minor,5,Car,7,0,Hazy,National Highway,Damaged,Daylight,Signals,74,65,Female,,No,Intersection,1,17,2,0,0,2,0,2,0,5,7,0,0,2.73,26.80349,80.88581,NH19_Delhi_Kolkata,Uttar Pradesh / Bihar
Kerala,Unknown,2021,June,Saturday,18:10,Serious,4,Auto-Rickshaw,0,4,Foggy,Urban Road,Dry,Dusk,Police Checkpost,68,38,Male,Valid,Yes,Bridge,2,18,6,5,2,1,1,3,1,4,0,0,0,5.45,17.94233,74.80715,NH9_Pune_Hyderabad,Maharashtra / Telangana
Kerala,Unknown,2020,February,Monday,2:36,Fatal,2,Two-Wheeler,4,2,Hazy,State Highway,Wet,Dawn,Police Checkpost,117,59,Male,Expired,Yes,Intersection,3,2,2,0,1,2,3,1,1,2,4,0,0,5.45,17.88358,74.88424,NH9_Pune_Hyderabad,Maharashtra / Telangana
Telangana,Unknown,2023,November,Monday,19:20,Fatal,4,Cycle,0,2,Foggy,Urban Road,Dry,Dark,Signals,67,27,Female,,Yes,Intersection,3,19,11,0,2,1,1,0,1,4,0,0,0,4.24,17.65831,83.3355,NH16_Kolkata_Chennai,Odisha / Andhra Pradesh
Odisha,Unknown,2022,August,Wednesday,1:55,Serious,3,Truck,4,0,Foggy,Village Road,Dry,Dusk,Signals,51,30,Female,Valid,No,Straight Road,2,1,8,2,3,1,1,3,0,3,4,0,0,2.42,13.45774,77.46243,NH7_Varanasi_Kanyakumari,MP / Karnataka / TN
Assam,Unknown,2020,December,Friday,1:52,Serious,3,Pedestrian,5,2,Clear,State Highway,Under Construction,Dark,Signals,98,44,Male,,No,Straight Road,2,1,12,4,1,0,2,0,0,3,5,0,0,4.55,32.70157,74.80712,NH44_North,Jammu & Kashmir
Nagaland,Unknown,2021,April,Monday,11:47,Fatal,2,Two-Wheeler,3,1,Clear,State Highway,Dry,Daylight,Signs,30,66,Female,Valid,Yes,Straight Road,3,11,4,0,1,0,1,2,1,2,3,0,0,4.24,13.06884,80.32662,NH16_Kolkata_Chennai,Odisha / Andhra Pradesh
Chhattisgarh,Unknown,2023,March,Tuesday,1:36,Minor,1,Auto-Rickshaw,6,1,Hazy,Village Road,Wet,Dawn,Police Checkpost,47,65,Male,Valid,No,Straight Road,1,1,3,1,3,2,3,1,0,1,6,0,0,3.33,11.18867,77.89087,NH7_Varanasi_Kanyakumari,MP / Karnataka / TN
Kerala,Unknown,2021,September,Thursday,11:23,Serious,2,Cycle,9,3,Hazy,State Highway,Wet,Dawn,Signals,77,54,Female,Valid,Yes,Bridge,2,11,9,3,1,2,3,1,1,2,9,0,0,7.27,12.31919,78.06517,NH44_Bangalore_Chennai,Tamil Nadu
Uttar Pradesh,Kanpur,2021,June,Friday,21:50,Minor,1,Cycle,5,4,Clear,Village Road,Wet,Dawn,Police Checkpost,119,58,Male,Expired,Yes,Straight Road,1,21,6,4,3,0,3,1,1,1,5,0,0,6.36,20.57033,78.92043,NH44_Nagpur_Hyderabad,Telangana
Karnataka,Mysore,2020,October,Saturday,0:25,Fatal,3,Truck,9,3,Hazy,State Highway,Damaged,Dark,Signs,76,31,Female,Valid,No,Bridge,3,0,10,5,1,2,0,0,0,3,9,0,0,7.27,24.80769,84.87865,NH30_Patna_Visakhapatnam,Chhattisgarh
Telangana,Unknown,2023,September,Monday,19:51,Fatal,1,Truck,3,5,Foggy,National Highway,Damaged,Dark,,60,63,Male,,Yes,Intersection,3,19,9,0,0,1,0,0,1,1,3,0,0,7.88,24.17284,89.29189,NH52_Barasat_Guwahati,West Bengal / Assam
Punjab,Unknown,2018,September,Saturday,19:22,Serious,1,Truck,0,4,Hazy,State Highway,Damaged,Dark,,114,70,Male,,Yes,Intersection,2,19,9,5,1,2,0,0,1,1,0,0,0,5.45,20.18291,73.50197,NH48_Delhi_Mumbai,Rajasthan / Gujarat
Telangana,Unknown,2021,May,Saturday,14:39,Serious,2,Auto-Rickshaw,1,5,Stormy,National Highway,Damaged,Daylight,,82,22,Female,Valid,Yes,Bridge,2,14,5,5,0,4,0,2,1,2,1,0,0,6.67,13.10374,80.30475,NH44_Bangalore_Chennai,Tamil Nadu
Bihar,Unknown,2019,February,Monday,1:7,Minor,1,Auto-Rickshaw,2,3,Rainy,Village Road,Wet,Dawn,Signs,41,33,Male,,No,Curve,1,1,2,0,3,3,3,1,0,1,2,0,0,3.94,17.40937,78.44705,NH9_Pune_Hyderabad,Maharashtra / Telangana
Uttar Pradesh,Lucknow,2020,September,Saturday,7:21,Serious,5,Pedestrian,9,4,Foggy,National Highway,Damaged,Daylight,,60,70,Male,,Yes,Intersection,2,7,9,5,0,1,0,2,1,5,9,0,0,8.18,12.94653,77.61298,NH48_Mumbai_Bangalore,Maharashtra / Karnataka
Goa,Unknown,2018,April,Thursday,15:33,Fatal,2,Truck,8,2,Clear,Village Road,Under Construction,Daylight,Police Checkpost,75,45,Female,Valid,Yes,Curve,3,15,4,3,3,0,2,2,1,2,8,0,0,6.67,24.17152,73.39494,NH48_Delhi_Mumbai,Rajasthan / Gujarat
Nagaland,Unknown,2022,January,Friday,14:55,Fatal,1,Two-Wheeler,7,5,Clear,Urban Road,Damaged,Dawn,Signals,118,19,Male,,No,Intersection,3,14,1,4,2,0,0,1,0,1,7,0,0,8.48,33.17809,75.61231,NH44_North,Jammu & Kashmir
Tamil Nadu,Madurai,2022,December,Tuesday,5:3,Minor,1,Car,6,4,Stormy,Village Road,Under Construction,Dark,Police Checkpost,102,30,Female,Valid,No,Curve,1,5,12,1,3,4,2,0,0,1,6,0,0,6.06,21.41681,87.21839,NH16_Kolkata_Chennai,Odisha / Andhra Pradesh
Madhya Pradesh,Unknown,2021,March,Friday,9:51,Serious,5,Car,5,0,Foggy,Village Road,Wet,Dark,Signals,92,32,Female,Expired,Yes,Straight Road,2,9,3,4,3,1,3,0,1,5,5,0,0,3.33,32.25127,77.1462,NH22_Shimla_Manali,Himachal Pradesh
Uttarakhand,Unknown,2021,June,Tuesday,9:32,Minor,3,Two-Wheeler,1,4,Foggy,Village Road,Damaged,Dawn,,72,60,Female,,Yes,Curve,1,9,6,1,3,1,0,1,1,3,1,0,0,5.15,20.53677,78.94165,NH44_Nagpur_Hyderabad,Telangana
Meghalaya,Unknown,2018,February,Wednesday,6:21,Minor,4,Cycle,0,3,Stormy,National Highway,Wet,Daylight,Signs,32,39,Male,Expired,No,Intersection,1,6,2,2,0,4,3,2,0,4,0,0,0,3.33,14.86958,74.21802,NH66_West_Coast,Maharashtra / Kerala
Karnataka,Bangalore,2022,July,Thursday,1:47,Fatal,1,Pedestrian,8,4,Rainy,National Highway,Wet,Daylight,Signs,58,20,Female,Expired,Yes,Straight Road,3,1,7,3,0,3,3,2,1,1,8,0,0,8.48,9.86872,77.40291,NH7_Varanasi_Kanyakumari,MP / Karnataka / TN
Madhya Pradesh,Unknown,2021,February,Friday,1:39,Minor,4,Two-Wheeler,0,2,Clear,National Highway,Dry,Dusk,Signs,119,18,Male,Expired,No,Intersection,1,1,2,4,0,0,1,3,0,4,0,0,0,2.42,21.21191,72.82263,NH48_Delhi_Mumbai,Rajasthan / Gujarat
Kerala,Unknown,2018,July,Tuesday,19:12,Fatal,5,Truck,9,3,Clear,National Highway,Dry,Dawn,Signals,38,63,Male,Expired,Yes,Bridge,3,19,7,1,0,0,1,1,1,5,9,0,0,7.88,28.26677,77.81031,NH19_Delhi_Kolkata,Uttar Pradesh / Bihar
Sikkim,Unknown,2023,July,Wednesday,22:21,Fatal,1,Bus,6,4,Hazy,State Highway,Wet,Dark,Signals,60,47,Male,,No,Intersection,3,22,7,2,1,2,3,0,0,1,6,0,0,7.27,17.28954,73.4033,NH48_Mumbai_Bangalore,Maharashtra / Karnataka
Delhi,New Delhi,2023,February,Wednesday,15:29,Serious,3,Cycle,6,1,Hazy,National Highway,Dry,Dawn,Signals,80,54,Female,,No,Intersection,2,15,2,2,0,2,1,1,0,3,6,0,0,3.94,28.34771,77.12557,NH44_Delhi_Agra,Uttar Pradesh
West Bengal,Durgapur,2021,January,Monday,9:39,Fatal,1,Auto-Rickshaw,3,5,Clear,State Highway,Wet,Daylight,Signs,55,48,Female,Valid,No,Curve,3,9,1,0,1,0,3,2,0,1,3,0,0,7.27,17.67358,83.25187,NH30_Patna_Visakhapatnam,Chhattisgarh
Kerala,Unknown,2018,January,Saturday,0:16,Minor,4,Car,7,3,Stormy,Village Road,Dry,Dark,Signals,113,47,Male,,Yes,Curve,1,0,1,5,3,4,1,0,1,4,7,0,0,6.06,20.68713,73.0689,NH48_Delhi_Mumbai,Rajasthan / Gujarat
Uttarakhand,Unknown,2019,August,Thursday,3:52,Minor,3,Truck,6,1,Hazy,State Highway,Wet,Dawn,Police Checkpost,107,20,Female,Valid,No,Intersection,1,3,8,3,1,2,3,1,0,3,6,0,0,3.33,19.42085,81.24665,NH30_Patna_Visakhapatnam,Chhattisgarh
Bihar,Unknown,2018,November,Monday,9:35,Fatal,5,Auto-Rickshaw,7,4,Rainy,Urban Road,Under Construction,Dark,Signs,78,38,Female,Expired,Yes,Curve,3,9,11,0,2,3,2,0,1,5,7,0,0,8.18,27.62781,77.5478,NH44_Delhi_Agra,Uttar Pradesh
Chandigarh,Unknown,2018,March,Tuesday,3:22,Fatal,3,Car,4,3,Rainy,Village Road,Wet,Dark,Signs,69,51,Male,Expired,Yes,Bridge,3,3,3,1,3,3,3,0,1,3,4,0,0,6.36,23.9825,79.12166,NH44_Agra_Nagpur,Madhya Pradesh
Manipur,Unknown,2018,April,Saturday,14:10,Minor,3,Auto-Rickshaw,8,1,Stormy,National Highway,Dry,Dark,Signals,36,18,Female,Expired,No,Intersection,1,14,4,5,0,4,1,0,0,3,8,0,0,3.94,32.75467,74.83448,NH44_North,Jammu & Kashmir
Sikkim,Unknown,2021,July,Thursday,11:7,Serious,3,Truck,0,0,Hazy,National Highway,Dry,Dark,,119,29,Female,Valid,No,Bridge,2,11,7,3,0,2,1,0,0,3,0,0,0,1.21,27.4502,77.71146,NH44_Delhi_Agra,Uttar Pradesh
Odisha,Unknown,2023,November,Thursday,20:5,Minor,5,Pedestrian,7,0,Rainy,State Highway,Dry,Daylight,Signs,79,28,Male,,No,Straight Road,1,20,11,3,1,3,1,2,0,5,7,0,0,2.73,24.56073,78.9399,NH44_Agra_Nagpur,Madhya Pradesh
Sikkim,Unknown,2020,March,Saturday,23:35,Fatal,2,Truck,10,0,Foggy,State Highway,Dry,Dark,,94,47,Female,Expired,No,Curve,3,23,3,5,1,1,1,0,0,2,10,0,0,4.85,24.80826,83.82239,NH19_Delhi_Kolkata,Uttar Pradesh / Bihar
Rajasthan,Jodhpur,2023,September,Monday,3:43,Fatal,5,Bus,9,3,Foggy,Urban Road,Dry,Daylight,Signals,42,19,Male,Expired,Yes,Straight Road,3,3,9,0,2,1,1,2,1,5,9,0,0,7.88,25.44455,78.62241,NH44_Agra_Nagpur,Madhya Pradesh
Uttarakhand,Unknown,2020,August,Saturday,16:24,Minor,5,Cycle,7,2,Hazy,Urban Road,Wet,Daylight,Police Checkpost,83,50,Female,Expired,No,Straight Road,1,16,8,5,2,2,3,2,0,5,7,0,0,4.55,27.42986,77.71389,NH44_Delhi_Agra,Uttar Pradesh
Sikkim,Unknown,2020,July,Saturday,13:31,Serious,5,Auto-Rickshaw,9,0,Clear,Village Road,Dry,Dawn,,76,19,Female,Expired,Yes,Bridge,2,13,7,5,3,0,1,1,1,5,9,0,0,4.55,12.82518,79.87695,NH44_Bangalore_Chennai,Tamil Nadu
Haryana,Unknown,2023,January,Monday,6:45,Minor,5,Bus,10,4,Foggy,Village Road,Under Construction,Dawn,Signals,55,21,Male,,No,Bridge,1,6,1,0,3,1,2,1,0,5,10,0,0,7.27,27.71701,77.56097,NH44_Delhi_Agra,Uttar Pradesh
Jammu and Kashmir,Unknown,2020,December,Sunday,12:27,Serious,1,Pedestrian,7,1,Hazy,State Highway,Damaged,Dawn,Signs,106,42,Female,Valid,Yes,Bridge,2,12,12,6,1,2,0,1,1,1,7,0,0,4.85,12.63588,79.48213,NH44_Bangalore_Chennai,Tamil Nadu
Kerala,Unknown,2018,June,Saturday,0:58,Fatal,1,Truck,5,2,Stormy,Village Road,Damaged,Dark,Police Checkpost,78,30,Male,Expired,No,Intersection,3,0,6,5,3,4,0,0,0,1,5,0,0,5.15,30.19463,79.12607,NH58_Delhi_Badrinath,Uttarakhand
Jharkhand,Unknown,2021,September,Monday,19:37,Fatal,1,Cycle,1,0,Stormy,Urban Road,Dry,Dark,Signals,82,37,Male,Expired,No,Straight Road,3,19,9,0,2,4,1,0,0,1,1,0,0,2.12,22.97327,79.5044,NH44_Agra_Nagpur,Madhya Pradesh
Maharashtra,Mumbai,2022,April,Monday,10:58,Fatal,3,Truck,8,4,Clear,State Highway,Under Construction,Daylight,Signs,40,55,Male,Valid,No,Intersection,3,10,4,0,1,0,2,2,0,3,8,0,0,7.88,12.8052,77.6201,NH44_Bangalore_Chennai,Tamil Nadu
Maharashtra,Pune,2019,May,Friday,2:3,Fatal,3,Auto-Rickshaw,10,2,Foggy,National Highway,Dry,Dawn,Police Checkpost,65,67,Female,,No,Straight Road,3,2,5,4,0,1,1,1,0,3,10,0,0,6.67,15.30979,74.10192,NH66_West_Coast,Maharashtra / Kerala
Chhattisgarh,Unknown,2020,October,Saturday,10:45,Minor,4,Auto-Rickshaw,0,1,Hazy,National Highway,Wet,Dusk,Signals,35,43,Female,Valid,No,Curve,1,10,10,5,0,2,3,3,0,4,0,0,0,1.52,27.38421,77.79952,NH44_Delhi_Agra,Uttar Pradesh
Gujarat,Ahmedabad,2018,January,Thursday,18:2,Fatal,1,Bus,4,2,Rainy,State Highway,Dry,Dusk,Signs,33,19,Male,Expired,Yes,Bridge,3,18,1,3,1,3,1,3,1,1,4,0,0,5.45,18.62626,84.25504,NH16_Kolkata_Chennai,Odisha / Andhra Pradesh
Nagaland,Unknown,2020,August,Sunday,4:53,Fatal,1,Auto-Rickshaw,5,5,Rainy,State Highway,Damaged,Dawn,Police Checkpost,106,28,Female,Expired,No,Straight Road,3,4,8,6,1,3,0,1,0,1,5,0,0,7.88,12.28187,79.24568,NH44_Bangalore_Chennai,Tamil Nadu
Delhi,Rohini,2021,April,Saturday,3:23,Fatal,1,Bus,9,2,Foggy,National Highway,Under Construction,Daylight,,75,54,Female,,Yes,Bridge,3,3,4,5,0,1,2,2,1,1,9,0,0,6.97,27.04286,78.12462,NH44_Delhi_Agra,Uttar Pradesh
Uttarakhand,Unknown,2021,March,Thursday,3:8,Minor,4,Car,4,5,Clear,Village Road,Dry,Dusk,Police Checkpost,97,48,Male,Valid,Yes,Bridge,1,3,3,3,3,0,1,3,1,4,4,0,0,6.97,19.84923,79.42694,NH7_Varanasi_Kanyakumari,MP / Karnataka / TN
Puducherry,Unknown,2018,June,Tuesday,8:30,Minor,2,Pedestrian,10,2,Foggy,National Highway,Damaged,Dark,,49,67,Female,Valid,No,Straight Road,1,8,6,1,0,1,0,0,0,2,10,0,0,5.45,22.92388,83.46629,NH30_Patna_Visakhapatnam,Chhattisgarh
Jammu and Kashmir,Unknown,2019,May,Wednesday,8:43,Fatal,1,Auto-Rickshaw,3,2,Foggy,National Highway,Wet,Daylight,Police Checkpost,51,28,Female,,Yes,Curve,3,8,5,2,0,1,3,2,1,1,3,0,0,5.15,32.01817,77.05357,NH22_Shimla_Manali,Himachal Pradesh
Gujarat,Vadodara,2019,November,Friday,3:46,Minor,4,Cycle,5,1,Clear,Village Road,Dry,Dusk,Signals,116,27,Female,,No,Intersection,1,3,11,4,3,0,1,3,0,4,5,0,0,3.03,27.74064,77.58401,NH44_Delhi_Agra,Uttar Pradesh
Arunachal Pradesh,Unknown,2022,August,Monday,6:21,Serious,4,Pedestrian,0,0,Foggy,Urban Road,Wet,Dusk,Signals,75,37,Female,Expired,No,Straight Road,2,6,8,0,2,1,3,3,0,4,0,0,0,1.21,26.17258,81.45958,NH19_Delhi_Kolkata,Uttar Pradesh / Bihar
Himachal Pradesh,Unknown,2022,May,Monday,9:52,Fatal,4,Car,0,2,Rainy,National Highway,Wet,Daylight,Signs,92,59,Female,Expired,No,Intersection,3,9,5,0,0,3,3,2,0,4,0,0,0,3.64,28.64057,77.20646,NH19_Delhi_Kolkata,Uttar Pradesh / Bihar
Gujarat,Ahmedabad,2022,June,Monday,8:18,Fatal,1,Cycle,1,3,Hazy,Village Road,Dry,Dusk,Signs,102,64,Female,Expired,No,Curve,3,8,6,0,3,2,1,3,0,1,1,0,0,4.85,27.16881,77.96011,NH44_Delhi_Agra,Uttar Pradesh
Uttar Pradesh,Lucknow,2021,December,Sunday,14:14,Minor,4,Two-Wheeler,1,1,Stormy,National Highway,Wet,Dusk,Signals,79,57,Female,Expired,No,Straight Road,1,14,12,6,0,4,3,3,0,4,1,0,0,1.82,27.4128,77.77839,NH44_Delhi_Agra,Uttar Pradesh
Andhra Pradesh,Vijayawada,2019,December,Thursday,19:40,Fatal,4,Truck,2,1,Stormy,Urban Road,Damaged,Dark,Signals,105,60,Male,Expired,No,Curve,3,19,12,3,2,4,0,0,0,4,2,0,0,3.33,32.13239,77.14331,NH22_Shimla_Manali,Himachal Pradesh
Assam,Unknown,2023,January,Tuesday,23:45,Fatal,1,Cycle,6,1,Clear,National Highway,Dry,Dawn,Signs,118,32,Male,Expired,Yes,Bridge,3,23,1,1,0,0,1,1,1,1,6,0,0,5.15,30.75418,79.58787,NH58_Delhi_Badrinath,Uttarakhand
Jammu and Kashmir,Unknown,2021,October,Monday,11:52,Fatal,4,Car,0,3,Hazy,Urban Road,Wet,Dark,Signals,53,22,Male,Expired,Yes,Curve,3,11,10,0,2,2,3,0,1,4,0,0,0,5.15,28.01729,76.8374,NH48_Delhi_Mumbai,Rajasthan / Gujarat
Mizoram,Unknown,2023,June,Thursday,8:19,Minor,4,Two-Wheeler,5,1,Rainy,Urban Road,Under Construction,Dark,Police Checkpost,72,65,Female,Valid,Yes,Curve,1,8,6,3,2,3,2,0,1,4,5,0,0,3.64,27.23945,77.89075,NH44_Delhi_Agra,Uttar Pradesh
Tamil Nadu,Madurai,2018,February,Wednesday,15:38,Serious,2,Truck,4,2,Rainy,State Highway,Damaged,Dark,Signs,66,69,Female,,No,Bridge,2,15,2,2,1,3,0,0,0,2,4,0,0,4.24,28.37109,77.12174,NH44_Delhi_Agra,Uttar Pradesh
Maharashtra,Mumbai,2021,December,Monday,21:47,Serious,3,Two-Wheeler,10,1,Rainy,Urban Road,Wet,Dark,Police Checkpost,100,70,Male,Expired,Yes,Curve,2,21,12,0,2,3,3,0,1,3,10,0,0,5.76,18.29537,80.93398,NH30_Patna_Visakhapatnam,Chhattisgarh
Punjab,Unknown,2019,February,Friday,18:20,Minor,1,Two-Wheeler,6,0,Clear,National Highway,Under Construction,Dusk,Police Checkpost,120,64,Female,Expired,Yes,Intersection,1,18,2,4,0,0,2,3,1,1,6,0,0,3.03,26.14956,86.48748,NH27_East_West,Rajasthan / MP / UP
West Bengal,Durgapur,2022,May,Sunday,15:52,Fatal,1,Pedestrian,10,3,Hazy,State Highway,Wet,Dawn,Signs,111,47,Female,Expired,Yes,Bridge,3,15,5,6,1,2,3,1,1,1,10,0,0,8.18,19.81995,85.42415,NH16_Kolkata_Chennai,Odisha / Andhra Pradesh
Uttar Pradesh,Varanasi,2020,October,Saturday,12:43,Minor,3,Truck,5,0,Foggy,State Highway,Under Construction,Dark,Police Checkpost,105,49,Male,Expired,No,Intersection,1,12,10,5,1,1,2,0,0,3,5,0,0,2.12,30.50483,79.42775,NH58_Delhi_Badrinath,Uttarakhand
Madhya Pradesh,Unknown,2018,March,Thursday,19:14,Serious,2,Two-Wheeler,3,3,Foggy,State Highway,Under Construction,Daylight,,81,18,Female,,No,Bridge,2,19,3,3,1,1,2,2,0,2,3,0,0,4.85,26.12009,91.747,NH52_Barasat_Guwahati,West Bengal / Assam
Andhra Pradesh,Visakhapatnam,2022,October,Friday,5:5,Minor,4,Auto-Rickshaw,1,5,Rainy,National Highway,Under Construction,Dusk,Signs,33,26,Male,Expired,Yes,Bridge,1,5,10,4,0,3,2,3,1,4,1,0,0,6.06,27.15551,77.89714,NH44_Delhi_Agra,Uttar Pradesh
Chhattisgarh,Unknown,2022,September,Friday,17:58,Minor,3,Pedestrian,8,4,Rainy,Village Road,Under Construction,Dark,Signals,67,35,Male,Valid,No,Intersection,1,17,9,4,3,3,2,0,0,3,8,0,0,6.67,12.15876,78.47094,NH44_Bangalore_Chennai,Tamil Nadu
Jharkhand,Unknown,2022,March,Friday,11:58,Serious,4,Cycle,10,5,Rainy,National Highway,Under Construction,Daylight,Signals,84,56,Female,Expired,No,Curve,2,11,3,4,0,3,2,2,0,4,10,0,0,8.79,14.93262,75.18468,NH48_Mumbai_Bangalore,Maharashtra / Karnataka
Sikkim,Unknown,2019,September,Wednesday,12:57,Fatal,2,Car,10,3,Rainy,National Highway,Wet,Daylight,Signals,41,34,Female,Expired,Yes,Intersection,3,12,9,2,0,3,3,2,1,2,10,0,0,8.18,25.1679,74.5857,NH48_Delhi_Mumbai,Rajasthan / Gujarat
Punjab,Unknown,2022,September,Thursday,7:53,Serious,2,Pedestrian,1,3,Rainy,National Highway,Wet,Daylight,Police Checkpost,37,20,Male,,Yes,Curve,2,7,9,3,0,3,3,2,1,2,1,0,0,4.85,34.08497,74.84309,NH44_North,Jammu & Kashmir
West Bengal,Durgapur,2020,February,Tuesday,10:34,Fatal,2,Truck,5,1,Rainy,National Highway,Wet,Dawn,Police Checkpost,108,68,Male,Expired,Yes,Bridge,3,10,2,1,0,3,3,1,1,2,5,0,0,4.85,27.40147,78.28469,NH19_Delhi_Kolkata,Uttar Pradesh / Bihar
West Bengal,Kolkata,2020,January,Saturday,3:34,Serious,2,Truck,0,3,Hazy,Village Road,Under Construction,Dawn,Police Checkpost,48,27,Female,Valid,Yes,Curve,2,3,1,5,3,2,2,1,1,2,0,0,0,4.55,28.65993,77.16105,NH58_Delhi_Badrinath,Uttarakhand
Tripura,Unknown,2019,August,Thursday,23:56,Minor,5,Truck,9,4,Foggy,National Highway,Dry,Dusk,Police Checkpost,73,19,Male,Valid,No,Curve,1,23,8,3,0,1,1,3,0,5,9,0,0,6.97,26.15794,91.78464,NH52_Barasat_Guwahati,West Bengal / Assam
Puducherry,Unknown,2019,October,Wednesday,11:48,Fatal,2,Two-Wheeler,10,5,Clear,State Highway,Dry,Daylight,Police Checkpost,60,70,Female,Valid,No,Bridge,3,11,10,2,1,0,1,2,0,2,10,0,0,9.39,23.63912,73.19584,NH48_Delhi_Mumbai,Rajasthan / Gujarat
Sikkim,Unknown,2019,November,Sunday,22:2,Fatal,1,Bus,3,3,Stormy,Urban Road,Dry,Dusk,,96,35,Male,Valid,Yes,Bridge,3,22,11,6,2,4,1,3,1,1,3,0,0,6.06,23.47132,79.3651,NH44_Agra_Nagpur,Madhya Pradesh
Sikkim,Unknown,2018,July,Friday,11:10,Fatal,5,Auto-Rickshaw,4,5,Foggy,Village Road,Dry,Daylight,Signs,86,27,Female,Valid,No,Bridge,3,11,7,4,3,1,1,2,0,5,4,0,0,7.58,27.70612,77.5433,NH44_Delhi_Agra,Uttar Pradesh
Andhra Pradesh,Tirupati,2023,July,Sunday,16:34,Serious,3,Truck,10,3,Hazy,State Highway,Dry,Dark,Signals,40,27,Male,Expired,Yes,Curve,2,16,7,6,1,2,1,0,1,3,10,0,0,7.58,17.32961,74.0379,NH66_West_Coast,Maharashtra / Kerala
Maharashtra,Nagpur,2023,July,Wednesday,2:5,Minor,3,Auto-Rickshaw,3,2,Rainy,State Highway,Wet,Dark,Police Checkpost,73,44,Male,,No,Curve,1,2,7,2,1,3,3,0,0,3,3,0,0,3.33,17.35226,78.44712,NH7_Varanasi_Kanyakumari,MP / Karnataka / TN
Andhra Pradesh,Visakhapatnam,2018,December,Thursday,10:38,Minor,1,Car,2,5,Clear,State Highway,Damaged,Dark,Signals,88,41,Female,Expired,Yes,Intersection,1,10,12,3,1,0,0,0,1,1,2,0,0,6.36,29.95141,78.88677,NH58_Delhi_Badrinath,Uttarakhand
Meghalaya,Unknown,2023,June,Wednesday,2:16,Fatal,3,Car,6,0,Rainy,Urban Road,Wet,Daylight,Police Checkpost,106,29,Female,Expired,No,Curve,3,2,6,2,2,3,3,2,0,3,6,0,0,3.64,14.16475,76.24307,NH44_Hyderabad_Bangalore,Karnataka
Nagaland,Unknown,2023,March,Monday,2:41,Fatal,1,Pedestrian,5,1,Foggy,State Highway,Dry,Dark,Signs,74,40,Female,Valid,Yes,Straight Road,3,2,3,0,1,1,1,0,1,1,5,0,0,4.85,12.05672,78.46468,NH44_Bangalore_Chennai,Tamil Nadu
Meghalaya,Unknown,2023,March,Monday,7:38,Serious,4,Pedestrian,2,5,Stormy,State Highway,Wet,Dark,Signs,83,59,Female,Expired,No,Bridge,2,7,3,0,1,4,3,0,0,4,2,0,0,6.36,20.61644,78.95404,NH44_Nagpur_Hyderabad,Telangana
Nagaland,Unknown,2020,August,Monday,18:16,Serious,2,Bus,8,4,Clear,National Highway,Dry,Dawn,Signs,54,47,Male,,Yes,Straight Road,2,18,8,0,0,0,1,1,1,2,8,0,0,7.88,26.86664,80.99757,NH27_East_West,Rajasthan / MP / UP
Manipur,Unknown,2023,July,Friday,17:7,Fatal,5,Auto-Rickshaw,10,0,Hazy,Village Road,Wet,Dawn,Police Checkpost,33,27,Female,,No,Curve,3,17,7,4,3,2,3,1,0,5,10,0,0,4.85,25.60687,85.17008,NH30_Patna_Visakhapatnam,Chhattisgarh
Karnataka,Mysore,2023,June,Friday,4:36,Fatal,4,Two-Wheeler,6,2,Clear,Urban Road,Damaged,Dusk,Signs,113,37,Female,Expired,Yes,Intersection,3,4,6,4,2,0,0,3,1,4,6,0,0,6.06,24.24093,89.25898,NH52_Barasat_Guwahati,West Bengal / Assam
Gujarat,Vadodara,2018,January,Saturday,23:43,Fatal,4,Bus,0,4,Foggy,National Highway,Under Construction,Dawn,Signals,101,28,Female,Valid,Yes,Straight Road,3,23,1,5,0,1,2,1,1,4,0,0,0,6.06,16.06415,74.44614,NH48_Mumbai_Bangalore,Maharashtra / Karnataka
Gujarat,Vadodara,2019,March,Monday,2:41,Fatal,1,Bus,10,1,Stormy,Village Road,Under Construction,Dusk,Police Checkpost,89,51,Female,Expired,No,Straight Road,3,2,3,0,3,4,2,3,0,1,10,0,0,5.76,23.04136,72.60723,NH27_East_West,Rajasthan / MP / UP
Arunachal Pradesh,Unknown,2021,December,Wednesday,17:54,Minor,3,Pedestrian,10,5,Hazy,Village Road,Under Construction,Dark,Signals,112,20,Female,,No,Straight Road,1,17,12,2,3,2,2,0,0,3,10,0,0,8.18,22.38068,72.25482,NH48_Delhi_Mumbai,Rajasthan / Gujarat
Uttar Pradesh,Kanpur,2020,October,Saturday,12:34,Fatal,2,Two-Wheeler,0,2,Stormy,Village Road,Under Construction,Dawn,,49,62,Male,,No,Intersection,3,12,10,5,3,4,2,1,0,2,0,0,0,3.64,13.24967,77.43829,NH48_Mumbai_Bangalore,Maharashtra / Karnataka
Meghalaya,Unknown,2023,May,Monday,11:33,Minor,5,Two-Wheeler,4,5,Rainy,Urban Road,Under Construction,Dusk,Signals,30,34,Male,Valid,No,Intersection,1,11,5,0,2,3,2,3,0,5,4,0,0,6.36,20.51797,86.27852,NH16_Kolkata_Chennai,Odisha / Andhra Pradesh
Manipur,Unknown,2022,January,Wednesday,17:30,Serious,5,Auto-Rickshaw,9,5,Stormy,National Highway,Damaged,Dark,Police Checkpost,48,51,Female,,Yes,Curve,2,17,1,2,0,4,0,0,1,5,9,0,0,9.09,22.78492,88.56817,NH52_Barasat_Guwahati,West Bengal / Assam
Andhra Pradesh,Tirupati,2021,November,Saturday,4:53,Fatal,5,Two-Wheeler,1,5,Rainy,Urban Road,Wet,Dawn,Police Checkpost,33,66,Male,Valid,Yes,Curve,3,4,11,5,2,3,3,1,1,5,1,0,0,7.27,26.09445,86.45809,NH27_East_West,Rajasthan / MP / UP
Himachal Pradesh,Unknown,2022,March,Saturday,13:16,Fatal,2,Car,8,5,Clear,National Highway,Wet,Dusk,,32,62,Female,Expired,Yes,Curve,3,13,3,5,0,0,3,3,1,2,8,0,0,9.39,26.79635,78.24279,NH44_Agra_Nagpur,Madhya Pradesh
Punjab,Unknown,2019,February,Friday,1:39,Fatal,4,Two-Wheeler,6,4,Rainy,State Highway,Dry,Dusk,Police Checkpost,112,62,Female,Expired,Yes,Straight Road,3,1,2,4,1,3,1,3,1,4,6,0,0,7.88,28.31655,77.19949,NH44_Delhi_Agra,Uttar Pradesh
Uttar Pradesh,Lucknow,2019,February,Monday,21:20,Minor,5,Pedestrian,3,4,Stormy,Village Road,Damaged,Dusk,Police Checkpost,65,21,Female,Expired,Yes,Intersection,1,21,2,0,3,4,0,3,1,5,3,0,0,5.76,28.24229,77.8805,NH19_Delhi_Kolkata,Uttar Pradesh / Bihar
Tamil Nadu,Coimbatore,2022,June,Friday,1:59,Minor,2,Two-Wheeler,10,3,Stormy,State Highway,Under Construction,Dawn,Police Checkpost,49,64,Male,,No,Curve,1,1,6,4,1,4,2,1,0,2,10,0,0,6.36,24.58574,73.69814,NH48_Delhi_Mumbai,Rajasthan / Gujarat
Rajasthan,Udaipur,2023,July,Friday,11:38,Minor,3,Car,0,4,Clear,State Highway,Dry,Dark,Signals,32,25,Male,Expired,Yes,Straight Road,1,11,7,4,1,0,1,0,1,3,0,0,0,4.85,16.95375,78.28232,NH44_Hyderabad_Bangalore,Karnataka
Assam,Unknown,2023,October,Monday,10:13,Fatal,1,Cycle,5,1,Hazy,State Highway,Wet,Dusk,Signs,57,53,Female,Valid,No,Straight Road,3,10,10,0,1,2,3,3,0,1,5,0,0,4.24,19.91387,78.78135,NH44_Nagpur_Hyderabad,Telangana
Karnataka,Bangalore,2022,January,Tuesday,2:8,Fatal,1,Auto-Rickshaw,10,4,Stormy,National Highway,Wet,Dawn,Signs,47,34,Female,Expired,No,Bridge,3,2,1,1,0,4,3,1,0,1,10,0,0,8.48,24.25625,89.20216,NH52_Barasat_Guwahati,West Bengal / Assam
Tamil Nadu,Coimbatore,2019,November,Tuesday,16:20,Minor,1,Bus,9,2,Foggy,Village Road,Under Construction,Dawn,,94,55,Female,Valid,Yes,Straight Road,1,16,11,1,3,1,2,1,1,1,9,0,0,5.76,32.20678,77.12547,NH22_Shimla_Manali,Himachal Pradesh
Madhya Pradesh,Unknown,2023,September,Thursday,18:8,Serious,1,Auto-Rickshaw,5,0,Rainy,National Highway,Under Construction,Dawn,Police Checkpost,115,20,Male,Expired,Yes,Bridge,2,18,9,3,0,3,2,1,1,1,5,0,0,3.33,27.49912,76.52453,NH48_Delhi_Mumbai,Rajasthan / Gujarat
Punjab,Unknown,2018,September,Monday,2:12,Serious,5,Two-Wheeler,0,5,Rainy,National Highway,Under Construction,Dark,,64,53,Male,Valid,Yes,Curve,2,2,9,0,0,3,2,0,1,5,0,0,0,6.36,27.15875,77.97443,NH44_Delhi_Agra,Uttar Pradesh
Uttar Pradesh,Lucknow,2019,February,Monday,11:49,Minor,1,Cycle,9,0,Hazy,National Highway,Under Construction,Dusk,Signs,105,61,Female,Valid,No,Intersection,1,11,2,0,0,2,2,3,0,1,9,0,0,3.33,24.51904,73.68988,NH48_Delhi_Mumbai,Rajasthan / Gujarat
Puducherry,Unknown,2022,August,Wednesday,21:37,Serious,3,Pedestrian,1,1,Rainy,Village Road,Dry,Daylight,Police Checkpost,105,23,Female,Expired,No,Straight Road,2,21,8,2,3,3,1,2,0,3,1,0,0,2.42,20.15134,73.47477,NH48_Delhi_Mumbai,Rajasthan / Gujarat
Rajasthan,Jaipur,2022,February,Friday,21:55,Fatal,3,Truck,4,4,Hazy,Village Road,Wet,Dusk,Signals,39,39,Female,Expired,No,Curve,3,21,2,4,3,2,3,3,0,3,4,0,0,6.67,17.37516,78.47648,NH7_Varanasi_Kanyakumari,MP / Karnataka / TN
Jammu and Kashmir,Unknown,2022,April,Friday,3:43,Minor,1,Two-Wheeler,0,3,Hazy,National Highway,Under Construction,Dark,Police Checkpost,87,69,Female,,No,Intersection,1,3,4,4,0,2,2,0,0,1,0,0,0,3.33,24.5202,73.67261,NH48_Delhi_Mumbai,Rajasthan / Gujarat
Tripura,Unknown,2023,July,Thursday,7:25,Fatal,2,Pedestrian,0,1,Hazy,National Highway,Damaged,Daylight,Signs,95,66,Female,Expired,No,Straight Road,3,7,7,3,0,2,0,2,0,2,0,0,0,2.73,24.94484,89.93586,NH52_Barasat_Guwahati,West Bengal / Assam
Madhya Pradesh,Unknown,2019,December,Thursday,16:58,Fatal,3,Truck,4,3,Hazy,Village Road,Under Construction,Dusk,Signals,41,45,Male,Expired,No,Bridge,3,16,12,3,3,2,2,3,0,3,4,0,0,5.76,12.70157,77.9456,NH44_Bangalore_Chennai,Tamil Nadu
Odisha,Unknown,2020,October,Friday,13:19,Minor,2,Bus,10,4,Rainy,National Highway,Dry,Dawn,Signs,89,25,Female,,Yes,Intersection,1,13,10,4,0,3,1,1,1,2,10,0,0,7.88,15.39528,76.94897,NH44_Hyderabad_Bangalore,Karnataka
Rajasthan,Jaipur,2018,May,Monday,14:18,Minor,4,Bus,1,4,Hazy,National Highway,Wet,Daylight,Police Checkpost,77,70,Female,,Yes,Curve,1,14,5,0,0,2,3,2,1,4,1,0,0,5.15,17.66535,78.62919,NH44_Nagpur_Hyderabad,Telangana
Gujarat,Vadodara,2019,November,Sunday,22:6,Fatal,4,Cycle,7,0,Clear,Urban Road,Damaged,Daylight,Signs,85,24,Male,,No,Straight Road,3,22,11,6,2,0,0,2,0,4,7,0,0,3.94,20.64901,81.84148,NH30_Patna_Visakhapatnam,Chhattisgarh
Maharashtra,Mumbai,2019,July,Tuesday,12:22,Serious,2,Bus,10,5,Hazy,State Highway,Dry,Daylight,Signs,111,60,Female,Expired,No,Bridge,2,12,7,1,1,2,1,2,0,2,10,0,0,8.79,23.40445,86.17712,NH19_Delhi_Kolkata,Uttar Pradesh / Bihar
Gujarat,Vadodara,2020,May,Wednesday,7:10,Fatal,5,Bus,3,5,Stormy,Urban Road,Damaged,Daylight,,86,35,Female,,No,Straight Road,3,7,5,2,2,4,0,2,0,5,3,0,0,7.27,16.59896,73.78742,NH66_West_Coast,Maharashtra / Kerala
Bihar,Unknown,2018,November,Tuesday,0:39,Serious,4,Auto-Rickshaw,4,0,Clear,Village Road,Damaged,Dusk,Signs,82,64,Female,,No,Intersection,2,0,11,1,3,0,0,3,0,4,4,0,0,2.42,28.91579,77.49286,NH58_Delhi_Badrinath,Uttarakhand
Delhi,New Delhi,2022,December,Friday,10:59,Serious,2,Two-Wheeler,6,0,Stormy,State Highway,Wet,Dark,Signals,43,37,Female,Expired,Yes,Curve,2,10,12,4,1,4,3,0,1,2,6,0,0,3.64,11.21132,75.87178,NH66_West_Coast,Maharashtra / Kerala
Manipur,Unknown,2019,February,Sunday,11:27,Fatal,3,Cycle,3,0,Rainy,Village Road,Under Construction,Daylight,Signs,108,24,Female,Expired,Yes,Curve,3,11,2,6,3,3,2,2,1,3,3,0,0,3.33,12.82576,77.71071,NH44_Bangalore_Chennai,Tamil Nadu
Jammu and Kashmir,Unknown,2020,April,Friday,6:31,Fatal,1,Bus,2,0,Rainy,National Highway,Damaged,Dusk,Signals,70,19,Female,Valid,No,Intersection,3,6,4,4,0,3,0,3,0,1,2,0,0,2.42,16.19019,74.41762,NH48_Mumbai_Bangalore,Maharashtra / Karnataka
Madhya Pradesh,Unknown,2019,November,Friday,1:19,Serious,1,Cycle,1,3,Rainy,Village Road,Under Construction,Dark,Signals,64,25,Female,,No,Bridge,2,1,11,4,3,3,2,0,0,1,1,0,0,4.24,12.91594,77.5883,NH48_Mumbai_Bangalore,Maharashtra / Karnataka
West Bengal,Kolkata,2023,July,Wednesday,17:55,Fatal,4,Cycle,2,1,Hazy,Urban Road,Wet,Dusk,Signals,86,20,Female,Expired,Yes,Curve,3,17,7,2,2,2,3,3,1,4,2,0,0,3.94,19.34809,84.75945,NH16_Kolkata_Chennai,Odisha / Andhra Pradesh
Meghalaya,Unknown,2022,January,Monday,23:55,Fatal,4,Truck,10,2,Stormy,National Highway,Wet,Daylight,Police Checkpost,57,34,Male,Expired,No,Straight Road,3,23,1,0,0,4,3,2,0,4,10,0,0,6.67,27.18275,77.98302,NH44_Delhi_Agra,Uttar Pradesh
Manipur,Unknown,2019,March,Friday,4:19,Fatal,3,Cycle,10,5,Stormy,Village Road,Dry,Daylight,Signals,49,63,Male,Valid,Yes,Bridge,3,4,3,4,3,4,1,2,1,3,10,0,0,10.0,24.8514,91.90626,NH27_East_West,Rajasthan / MP / UP
Arunachal Pradesh,Unknown,2021,October,Wednesday,1:28,Minor,1,Bus,5,3,Hazy,State Highway,Dry,Dusk,Signals,78,46,Male,,No,Bridge,1,1,10,2,1,2,1,3,0,1,5,0,0,4.85,26.27327,78.49795,NH44_Agra_Nagpur,Madhya Pradesh
Tripura,Unknown,2023,March,Tuesday,2:43,Serious,1,Truck,6,5,Stormy,National Highway,Dry,Daylight,Signals,71,36,Male,Expired,No,Bridge,2,2,3,1,0,4,1,2,0,1,6,0,0,7.58,24.26444,84.60506,NH19_Delhi_Kolkata,Uttar Pradesh / Bihar
Maharashtra,Pune,2023,October,Wednesday,1:52,Minor,1,Two-Wheeler,5,5,Hazy,Village Road,Wet,Dark,Signals,75,70,Female,,Yes,Intersection,1,1,10,2,3,2,3,0,1,1,5,0,0,7.27,24.83945,77.16986,NH27_East_West,Rajasthan / MP / UP
Mizoram,Unknown,2021,May,Sunday,16:54,Serious,3,Auto-Rickshaw,3,4,Clear,Village Road,Wet,Daylight,,80,60,Male,Expired,Yes,Intersection,2,16,5,6,3,0,3,2,1,3,3,0,0,6.36,15.00139,75.30204,NH48_Mumbai_Bangalore,Maharashtra / Karnataka
Arunachal Pradesh,Unknown,2019,October,Wednesday,11:26,Serious,2,Bus,6,1,Hazy,Urban Road,Wet,Dark,,65,66,Male,,Yes,Straight Road,2,11,10,2,2,2,3,0,1,2,6,0,0,4.55,9.84108,77.44168,NH7_Varanasi_Kanyakumari,MP / Karnataka / TN
Gujarat,Ahmedabad,2019,March,Sunday,3:22,Minor,1,Two-Wheeler,8,2,Stormy,Urban Road,Dry,Dusk,,38,68,Male,Valid,No,Straight Road,1,3,3,6,2,4,1,3,0,1,8,0,0,4.85,25.93131,74.97201,NH48_Delhi_Mumbai,Rajasthan / Gujarat
Assam,Unknown,2022,October,Friday,4:39,Serious,4,Cycle,3,3,Hazy,Village Road,Dry,Dawn,Signs,80,47,Male,Expired,Yes,Straight Road,2,4,10,4,3,2,1,1,1,4,3,0,0,5.45,13.4679,77.4825,NH7_Varanasi_Kanyakumari,MP / Karnataka / TN
Manipur,Unknown,2021,September,Monday,15:1,Minor,2,Auto-Rickshaw,10,2,Foggy,Urban Road,Under Construction,Daylight,Signals,60,23,Male,Valid,Yes,Bridge,1,15,9,0,2,1,2,2,1,2,10,0,0,6.06,25.29925,83.04146,NH7_Varanasi_Kanyakumari,MP / Karnataka / TN
Mizoram,Unknown,2023,July,Tuesday,7:52,Fatal,2,Auto-Rickshaw,6,1,Hazy,Village Road,Wet,Dawn,Signals,103,63,Female,,Yes,Straight Road,3,7,7,1,3,2,3,1,1,2,6,0,0,5.15,22.98632,72.59314,NH27_East_West,Rajasthan / MP / UP
Sikkim,Unknown,2020,February,Monday,20:27,Serious,2,Truck,7,0,Foggy,State Highway,Dry,Dawn,Signals,54,57,Male,Valid,No,Straight Road,2,20,2,0,1,1,1,1,0,2,7,0,0,3.33,21.43121,82.45338,NH30_Patna_Visakhapatnam,Chhattisgarh
Bihar,Unknown,2019,September,Monday,3:23,Serious,5,Bus,10,1,Foggy,Urban Road,Damaged,Dawn,Signals,48,25,Female,Valid,Yes,Intersection,2,3,9,0,2,1,0,1,1,5,10,0,0,5.76,12.98075,77.60343,NH48_Mumbai_Bangalore,Maharashtra / Karnataka
Sikkim,Unknown,2018,November,Wednesday,21:33,Fatal,2,Bus,4,0,Clear,Village Road,Under Construction,Dark,Signs,93,32,Male,Valid,Yes,Curve,3,21,11,2,3,0,2,0,1,2,4,0,0,3.64,33.15475,75.55455,NH44_North,Jammu & Kashmir
Karnataka,Mysore,2023,March,Thursday,1:20,Fatal,1,Bus,8,3,Hazy,National Highway,Dry,Dawn,Police Checkpost,62,20,Male,,Yes,Intersection,3,1,3,3,0,2,1,1,1,1,8,0,0,7.58,24.52482,73.73378,NH48_Delhi_Mumbai,Rajasthan / Gujarat
Sikkim,Unknown,2020,January,Monday,2:56,Serious,2,Pedestrian,4,4,Hazy,National Highway,Dry,Dusk,Police Checkpost,63,63,Male,Valid,No,Intersection,2,2,1,0,0,2,1,3,0,2,4,0,0,6.06,18.2336,80.82487,NH30_Patna_Visakhapatnam,Chhattisgarh
Kerala,Unknown,2022,July,Sunday,9:27,Minor,3,Cycle,8,1,Clear,Urban Road,Wet,Dusk,Signs,96,25,Female,Valid,Yes,Bridge,1,9,7,6,2,0,3,3,1,3,8,0,0,4.55,22.54546,88.38586,NH19_Delhi_Kolkata,Uttar Pradesh / Bihar
West Bengal,Durgapur,2021,November,Saturday,21:54,Fatal,5,Truck,9,1,Hazy,National Highway,Damaged,Dusk,Signs,59,40,Male,,Yes,Straight Road,3,21,11,5,0,2,0,3,1,5,9,0,0,6.06,21.16733,79.07525,NH44_Nagpur_Hyderabad,Telangana
Nagaland,Unknown,2023,October,Thursday,1:25,Fatal,3,Bus,2,1,Stormy,Village Road,Dry,Dawn,Police Checkpost,40,46,Male,,Yes,Intersection,3,1,10,3,3,4,1,1,1,3,2,0,0,3.94,18.29466,74.21069,NH9_Pune_Hyderabad,Maharashtra / Telangana
Chhattisgarh,Unknown,2018,February,Wednesday,18:23,Serious,5,Cycle,8,5,Stormy,National Highway,Wet,Dusk,,30,59,Female,,No,Curve,2,18,2,2,0,4,3,3,0,5,8,0,0,8.18,19.92086,78.81455,NH44_Nagpur_Hyderabad,Telangana
Jammu and Kashmir,Unknown,2023,September,Thursday,21:45,Fatal,3,Auto-Rickshaw,8,3,Foggy,Village Road,Wet,Dawn,,51,44,Female,Valid,No,Straight Road,3,21,9,3,3,1,3,1,0,3,8,0,0,6.97,26.76249,78.20123,NH44_Agra_Nagpur,Madhya Pradesh
Kerala,Unknown,2019,May,Sunday,22:18,Fatal,1,Pedestrian,10,2,Foggy,National Highway,Under Construction,Dark,Signs,60,56,Male,Valid,Yes,Bridge,3,22,5,6,0,1,2,0,1,1,10,0,0,7.27,24.81046,83.81665,NH19_Delhi_Kolkata,Uttar Pradesh / Bihar
Gujarat,Surat,2021,January,Friday,7:24,Serious,2,Auto-Rickshaw,4,5,Rainy,State Highway,Wet,Dusk,Signs,94,48,Female,Expired,Yes,Curve,2,7,1,4,1,3,3,3,1,2,4,0,0,7.58,16.12945,77.24664,NH44_Hyderabad_Bangalore,Karnataka
Goa,Unknown,2018,September,Tuesday,23:14,Fatal,2,Truck,5,4,Stormy,Urban Road,Under Construction,Daylight,Signs,59,42,Male,,No,Bridge,3,23,9,1,2,4,2,2,0,2,5,0,0,6.97,8.16481,77.22411,NH7_Varanasi_Kanyakumari,MP / Karnataka / TN
Gujarat,Vadodara,2023,September,Monday,17:41,Minor,1,Auto-Rickshaw,7,5,Clear,National Highway,Damaged,Dusk,,99,53,Female,Valid,Yes,Curve,1,17,9,0,0,0,0,3,1,1,7,0,0,7.88,20.14707,73.45033,NH48_Delhi_Mumbai,Rajasthan / Gujarat
Bihar,Unknown,2022,September,Tuesday,23:9,Fatal,1,Pedestrian,10,4,Hazy,State Highway,Under Construction,Dark,Police Checkpost,57,56,Female,Valid,Yes,Curve,3,23,9,1,1,2,2,0,1,1,10,0,0,9.09,8.16401,77.29755,NH7_Varanasi_Kanyakumari,MP / Karnataka / TN
Telangana,Unknown,2020,October,Tuesday,8:45,Fatal,5,Car,6,4,Foggy,Urban Road,Damaged,Dark,Signs,117,20,Male,,No,Bridge,3,8,10,1,2,1,0,0,0,5,6,0,0,7.27,23.38819,83.93674,NH30_Patna_Visakhapatnam,Chhattisgarh
Rajasthan,Jodhpur,2019,January,Tuesday,8:8,Minor,5,Pedestrian,1,3,Clear,Urban Road,Dry,Daylight,Police Checkpost,35,30,Male,Valid,Yes,Intersection,1,8,1,1,2,0,1,2,1,5,1,0,0,4.24,22.17706,83.02043,NH30_Patna_Visakhapatnam,Chhattisgarh
Odisha,Unknown,2020,September,Thursday,7:42,Serious,2,Auto-Rickshaw,9,2,Stormy,State Highway,Dry,Daylight,,39,43,Male,,Yes,Bridge,2,7,9,3,1,4,1,2,1,2,9,0,0,6.36,23.87678,81.22185,NH7_Varanasi_Kanyakumari,MP / Karnataka / TN
Jammu and Kashmir,Unknown,2019,October,Thursday,19:16,Minor,2,Pedestrian,9,5,Clear,National Highway,Wet,Dawn,Police Checkpost,35,61,Male,Expired,No,Bridge,1,19,10,3,0,0,3,1,0,2,9,0,0,7.88,32.2479,77.11969,NH22_Shimla_Manali,Himachal Pradesh
Rajasthan,Jodhpur,2020,December,Monday,1:15,Minor,5,Two-Wheeler,2,4,Clear,State Highway,Under Construction,Dusk,Signs,74,26,Male,Expired,No,Curve,1,1,12,0,1,0,2,3,0,5,2,0,0,4.85,21.82868,80.26211,NH7_Varanasi_Kanyakumari,MP / Karnataka / TN
Mizoram,Unknown,2019,January,Tuesday,11:19,Minor,1,Truck,6,1,Stormy,Urban Road,Wet,Daylight,,99,61,Male,,No,Curve,1,11,1,1,2,4,3,2,0,1,6,0,0,3.33,17.88762,74.93325,NH9_Pune_Hyderabad,Maharashtra / Telangana
Uttar Pradesh,Kanpur,2022,February,Sunday,23:41,Serious,4,Truck,3,4,Foggy,Village Road,Damaged,Dawn,Police Checkpost,35,44,Female,Expired,Yes,Curve,2,23,2,6,3,1,0,1,1,4,3,0,0,6.36,8.16453,77.25239,NH7_Varanasi_Kanyakumari,MP / Karnataka / TN
Tamil Nadu,Chennai,2020,September,Wednesday,23:49,Fatal,3,Car,8,1,Hazy,National Highway,Under Construction,Daylight,Signs,47,40,Male,,Yes,Curve,3,23,9,2,0,2,2,2,1,3,8,0,0,5.76,25.88116,90.29151,NH52_Barasat_Guwahati,West Bengal / Assam
Tamil Nadu,Chennai,2020,July,Thursday,16:30,Fatal,3,Auto-Rickshaw,6,1,Foggy,State Highway,Dry,Dark,Signs,119,63,Male,Valid,No,Bridge,3,16,7,3,1,1,1,0,0,3,6,0,0,4.55,30.00583,78.88058,NH58_Delhi_Badrinath,Uttarakhand
Tamil Nadu,Chennai,2021,February,Friday,14:19,Serious,5,Bus,9,2,Rainy,State Highway,Wet,Daylight,Signs,106,46,Female,,No,Intersection,2,14,2,4,1,3,3,2,0,5,9,0,0,5.76,22.31229,72.28992,NH48_Delhi_Mumbai,Rajasthan / Gujarat
Sikkim,Unknown,2020,July,Tuesday,16:20,Serious,5,Pedestrian,7,5,Stormy,National Highway,Wet,Daylight,Police Checkpost,111,63,Female,Expired,No,Curve,2,16,7,1,0,4,3,2,0,5,7,0,0,7.88,17.45892,75.44877,NH9_Pune_Hyderabad,Maharashtra / Telangana
West Bengal,Siliguri,2022,August,Wednesday,11:6,Serious,3,Auto-Rickshaw,7,2,Rainy,Urban Road,Damaged,Daylight,Police Checkpost,80,26,Male,,No,Straight Road,2,11,8,2,2,3,0,2,0,3,7,0,0,5.15,21.14163,79.03616,NH44_Nagpur_Hyderabad,Telangana
Uttar Pradesh,Lucknow,2020,November,Wednesday,18:31,Minor,4,Auto-Rickshaw,1,0,Rainy,State Highway,Dry,Daylight,Police Checkpost,77,19,Male,Expired,Yes,Intersection,1,18,11,2,1,3,1,2,1,4,1,0,0,1.52,17.90883,74.8574,NH9_Pune_Hyderabad,Maharashtra / Telangana
Sikkim,Unknown,2021,November,Tuesday,21:38,Minor,2,Auto-Rickshaw,7,3,Clear,National Highway,Dry,Dark,,50,43,Female,Valid,Yes,Straight Road,1,21,11,1,0,0,1,0,1,2,7,0,0,6.06,33.11003,75.49907,NH44_North,Jammu & Kashmir
West Bengal,Siliguri,2023,April,Sunday,13:2,Serious,1,Bus,10,3,Rainy,Village Road,Damaged,Dusk,Signals,79,45,Female,Expired,No,Intersection,2,13,4,6,3,3,0,3,0,1,10,0,0,6.97,30.48455,79.45495,NH58_Delhi_Badrinath,Uttarakhand
Nagaland,Unknown,2023,October,Tuesday,13:25,Fatal,4,Auto-Rickshaw,9,5,Stormy,Urban Road,Dry,Dark,Police Checkpost,106,31,Male,Expired,Yes,Straight Road,3,13,10,1,2,4,1,0,1,4,9,0,0,9.7,17.41244,75.4236,NH9_Pune_Hyderabad,Maharashtra / Telangana
Haryana,Unknown,2018,December,Friday,6:6,Fatal,5,Two-Wheeler,1,4,Stormy,Village Road,Under Construction,Daylight,Police Checkpost,80,40,Female,,No,Intersection,3,6,12,4,3,4,2,2,0,5,1,0,0,5.76,26.70093,84.25269,NH27_East_West,Rajasthan / MP / UP
Jharkhand,Unknown,2020,March,Friday,23:11,Serious,3,Auto-Rickshaw,10,3,Hazy,State Highway,Wet,Dawn,Signals,48,63,Female,,Yes,Straight Road,2,23,3,4,1,2,3,1,1,3,10,0,0,7.58,19.19428,78.58601,NH44_Nagpur_Hyderabad,Telangana
Bihar,Unknown,2023,January,Sunday,6:1,Minor,4,Bus,6,3,Rainy,Village Road,Dry,Dusk,Signals,107,53,Male,Valid,No,Bridge,1,6,1,6,3,3,1,3,0,4,6,0,0,5.15,15.82967,74.02548,NH66_West_Coast,Maharashtra / Kerala
Telangana,Unknown,2021,September,Sunday,3:21,Serious,5,Cycle,0,2,Rainy,Urban Road,Wet,Dawn,Police Checkpost,49,36,Male,Expired,No,Bridge,2,3,9,6,2,3,3,1,0,5,0,0,0,3.03,23.02512,79.44685,NH44_Agra_Nagpur,Madhya Pradesh
Tripura,Unknown,2020,January,Tuesday,22:38,Minor,5,Car,5,2,Stormy,Village Road,Under Construction,Dawn,,114,25,Male,Expired,Yes,Bridge,1,22,1,1,3,4,2,1,1,5,5,0,0,4.55,12.9195,79.81227,NH44_Bangalore_Chennai,Tamil Nadu
Nagaland,Unknown,2020,June,Saturday,3:47,Minor,1,Truck,7,3,Stormy,Urban Road,Dry,Dawn,Signals,37,24,Female,Valid,No,Bridge,1,3,6,5,2,4,1,1,0,1,7,0,0,5.45,15.40902,76.96154,NH44_Hyderabad_Bangalore,Karnataka
Andhra Pradesh,Vijayawada,2021,April,Tuesday,5:52,Fatal,3,Two-Wheeler,4,0,Clear,State Highway,Damaged,Dawn,Signs,60,31,Female,,No,Straight Road,3,5,4,1,1,0,0,1,0,3,4,0,0,3.03,17.38806,78.50992,NH44_Nagpur_Hyderabad,Telangana
Tamil Nadu,Chennai,2023,August,Sunday,2:37,Fatal,5,Car,9,0,Foggy,Urban Road,Dry,Dawn,Signals,64,66,Female,Expired,No,Bridge,3,2,8,6,2,1,1,1,0,5,9,0,0,4.55,26.96447,75.85571,NH48_Delhi_Mumbai,Rajasthan / Gujarat
Puducherry,Unknown,2021,January,Friday,6:46,Serious,4,Auto-Rickshaw,10,3,Clear,State Highway,Damaged,Dawn,,60,34,Male,,Yes,Intersection,2,6,1,4,1,0,0,1,1,4,10,0,0,7.58,19.00932,72.81817,NH48_Mumbai_Bangalore,Maharashtra / Karnataka
Gujarat,Vadodara,2019,February,Monday,3:2,Serious,5,Auto-Rickshaw,0,0,Hazy,National Highway,Under Construction,Dusk,Signals,40,55,Female,Valid,Yes,Intersection,2,3,2,0,0,2,2,3,1,5,0,0,0,1.82,26.39054,75.27821,NH48_Delhi_Mumbai,Rajasthan / Gujarat
Karnataka,Bangalore,2018,July,Monday,4:2,Fatal,1,Pedestrian,4,0,Clear,Urban Road,Dry,Dusk,,83,70,Female,Expired,No,Bridge,3,4,7,0,2,0,1,3,0,1,4,0,0,3.03,15.48852,77.24953,NH7_Varanasi_Kanyakumari,MP / Karnataka / TN
Puducherry,Unknown,2018,June,Thursday,3:10,Fatal,5,Auto-Rickshaw,5,0,Foggy,Urban Road,Damaged,Daylight,Signals,75,38,Female,Valid,Yes,Curve,3,3,6,3,2,1,0,2,1,5,5,0,0,3.94,28.89371,77.49733,NH58_Delhi_Badrinath,Uttarakhand
Punjab,Unknown,2023,August,Thursday,21:22,Serious,4,Truck,9,2,Stormy,State Highway,Damaged,Daylight,Police Checkpost,106,50,Male,,No,Bridge,2,21,8,3,1,4,0,2,0,4,9,0,0,5.76,24.88631,82.44827,NH7_Varanasi_Kanyakumari,MP / Karnataka / TN
Rajasthan,Udaipur,2022,November,Friday,12:52,Fatal,3,Car,10,0,Hazy,Urban Road,Dry,Dusk,Signs,34,67,Male,Valid,No,Intersection,3,12,11,4,2,2,1,3,0,3,10,0,0,4.85,19.3486,84.8312,NH16_Kolkata_Chennai,Odisha / Andhra Pradesh
Andhra Pradesh,Visakhapatnam,2021,June,Saturday,5:0,Fatal,1,Auto-Rickshaw,6,2,Stormy,Urban Road,Under Construction,Dusk,,56,37,Male,Valid,No,Bridge,3,5,6,5,2,4,2,3,0,1,6,0,0,5.45,22.92069,80.49677,NH7_Varanasi_Kanyakumari,MP / Karnataka / TN
Chhattisgarh,Unknown,2020,September,Tuesday,18:34,Fatal,1,Cycle,1,3,Rainy,State Highway,Under Construction,Daylight,Signals,94,53,Female,Expired,Yes,Straight Road,3,18,9,1,1,3,2,2,1,1,1,0,0,5.45,19.87672,78.79972,NH44_Nagpur_Hyderabad,Telangana
Maharashtra,Nagpur,2022,March,Friday,19:43,Serious,1,Cycle,5,5,Foggy,State Highway,Damaged,Daylight,Signals,49,27,Female,Valid,No,Bridge,2,19,3,4,1,1,0,2,0,1,5,0,0,7.27,26.24545,78.40906,NH44_Agra_Nagpur,Madhya Pradesh
Uttarakhand,Unknown,2020,June,Wednesday,4:56,Serious,3,Car,3,4,Stormy,Village Road,Damaged,Daylight,Signs,49,32,Male,Valid,No,Curve,2,4,6,2,3,4,0,2,0,3,3,0,0,5.76,26.89998,75.81817,NH48_Delhi_Mumbai,Rajasthan / Gujarat
Maharashtra,Pune,2019,December,Thursday,9:14,Minor,2,Auto-Rickshaw,2,2,Clear,National Highway,Damaged,Dark,,87,23,Male,Valid,No,Bridge,1,9,12,3,0,0,0,0,0,2,2,0,0,3.03,19.0903,72.87602,NH48_Delhi_Mumbai,Rajasthan / Gujarat
Assam,Unknown,2020,January,Saturday,18:33,Serious,4,Cycle,5,1,Stormy,State Highway,Wet,Dark,Police Checkpost,106,58,Male,Valid,No,Curve,2,18,1,5,1,4,3,0,0,4,5,0,0,3.64,20.67479,81.90755,NH30_Patna_Visakhapatnam,Chhattisgarh
Karnataka,Mysore,2018,April,Sunday,1:5,Serious,3,Pedestrian,2,3,Stormy,National Highway,Under Construction,Dusk,Signs,83,44,Female,,No,Intersection,2,1,4,6,0,4,2,3,0,3,2,0,0,4.55,18.12284,78.52449,NH44_Nagpur_Hyderabad,Telangana
Goa,Unknown,2022,April,Friday,23:30,Fatal,1,Bus,8,0,Foggy,Village Road,Wet,Dusk,Signs,56,54,Male,Expired,No,Intersection,3,23,4,4,3,1,3,3,0,1,8,0,0,4.24,25.85092,82.26971,NH19_Delhi_Kolkata,Uttar Pradesh / Bihar
Maharashtra,Pune,2020,November,Wednesday,13:23,Serious,2,Two-Wheeler,6,3,Foggy,Urban Road,Damaged,Dawn,Police Checkpost,80,18,Female,,Yes,Bridge,2,13,11,2,2,1,0,1,1,2,6,0,0,6.36,18.17964,78.43369,NH44_Nagpur_Hyderabad,Telangana
Assam,Unknown,2022,September,Monday,6:1,Serious,2,Cycle,4,1,Stormy,State Highway,Dry,Dark,Signals,102,23,Male,Expired,No,Bridge,2,6,9,0,1,4,1,0,0,2,4,0,0,3.33,28.60577,77.23931,NH48_Delhi_Mumbai,Rajasthan / Gujarat
Haryana,Unknown,2022,September,Friday,21:24,Fatal,3,Car,0,3,Clear,Village Road,Under Construction,Dusk,Police Checkpost,79,54,Male,Expired,No,Bridge,3,21,9,4,3,0,2,3,0,3,0,0,0,4.55,26.95209,75.74339,NH48_Delhi_Mumbai,Rajasthan / Gujarat
Mizoram,Unknown,2018,March,Wednesday,8:34,Fatal,4,Truck,10,2,Rainy,Urban Road,Dry,Dark,,119,58,Male,Expired,Yes,Bridge,3,8,3,2,2,3,1,0,1,4,10,0,0,7.27,25.87054,90.25836,NH52_Barasat_Guwahati,West Bengal / Assam
Madhya Pradesh,Unknown,2022,July,Sunday,14:16,Serious,3,Bus,9,1,Clear,Village Road,Wet,Dawn,Signals,77,41,Female,Valid,Yes,Intersection,2,14,7,6,3,0,3,1,1,3,9,0,0,5.45,26.8411,80.91761,NH27_East_West,Rajasthan / MP / UP
Goa,Unknown,2021,December,Friday,23:26,Minor,2,Auto-Rickshaw,4,4,Rainy,Village Road,Damaged,Daylight,Signs,120,30,Male,,Yes,Curve,1,23,12,4,3,3,0,2,1,2,4,0,0,6.06,19.91134,78.81595,NH44_Nagpur_Hyderabad,Telangana
West Bengal,Durgapur,2022,February,Friday,4:43,Serious,1,Pedestrian,2,4,Hazy,Village Road,Damaged,Dark,,57,63,Female,,No,Curve,2,4,2,4,3,2,0,0,0,1,2,0,0,5.45,17.93273,73.63268,NH48_Mumbai_Bangalore,Maharashtra / Karnataka
Uttarakhand,Unknown,2022,December,Friday,16:11,Minor,5,Truck,3,4,Stormy,Urban Road,Damaged,Dusk,,67,34,Female,Valid,Yes,Straight Road,1,16,12,4,2,4,0,3,1,5,3,0,0,5.76,31.07538,77.19575,NH22_Shimla_Manali,Himachal Pradesh
Punjab,Unknown,2021,June,Wednesday,0:34,Serious,4,Cycle,5,4,Foggy,Urban Road,Wet,Daylight,Signs,116,66,Male,Valid,No,Curve,2,0,6,2,2,1,3,2,0,4,5,0,0,6.36,26.71777,84.28361,NH27_East_West,Rajasthan / MP / UP
Sikkim,Unknown,2018,March,Monday,2:51,Serious,1,Auto-Rickshaw,0,5,Foggy,State Highway,Dry,Dawn,Police Checkpost,100,60,Male,Valid,Yes,Intersection,2,2,3,0,1,1,1,1,1,1,0,0,0,6.36,13.57989,79.42954,NH16_Kolkata_Chennai,Odisha / Andhra Pradesh
Madhya Pradesh,Unknown,2023,November,Saturday,21:48,Minor,4,Pedestrian,6,3,Clear,Urban Road,Damaged,Daylight,,82,19,Female,Valid,Yes,Intersection,1,21,11,5,2,0,0,2,1,4,6,0,0,5.76,16.47988,80.61672,NH16_Kolkata_Chennai,Odisha / Andhra Pradesh
Haryana,Unknown,2019,September,Thursday,17:16,Minor,1,Pedestrian,3,5,Stormy,Village Road,Wet,Dusk,Police Checkpost,53,36,Male,Expired,No,Bridge,1,17,9,3,3,4,3,3,0,1,3,0,0,6.06,25.42034,89.89213,NH27_East_West,Rajasthan / MP / UP
West Bengal,Durgapur,2023,March,Wednesday,7:22,Fatal,2,Truck,10,4,Stormy,State Highway,Under Construction,Dark,Police Checkpost,115,51,Male,,No,Straight Road,3,7,3,2,1,4,2,0,0,2,10,0,0,8.48,25.29185,82.94401,NH19_Delhi_Kolkata,Uttar Pradesh / Bihar
Delhi,New Delhi,2021,April,Wednesday,1:16,Fatal,4,Two-Wheeler,7,4,Clear,National Highway,Under Construction,Dawn,,119,56,Male,Expired,Yes,Curve,3,1,4,2,0,0,2,1,1,4,7,0,0,8.18,31.46498,77.25555,NH22_Shimla_Manali,Himachal Pradesh
Himachal Pradesh,Unknown,2019,November,Wednesday,2:55,Serious,5,Pedestrian,10,1,Stormy,National Highway,Dry,Dusk,,100,40,Female,,Yes,Straight Road,2,2,11,2,0,4,1,3,1,5,10,0,0,5.76,17.20572,76.16566,NH9_Pune_Hyderabad,Maharashtra / Telangana
Mizoram,Unknown,2021,January,Wednesday,9:6,Minor,2,Auto-Rickshaw,1,1,Foggy,Village Road,Dry,Daylight,Police Checkpost,87,70,Male,,No,Straight Road,1,9,1,2,3,1,1,2,0,2,1,0,0,1.82,12.59711,79.47205,NH44_Bangalore_Chennai,Tamil Nadu
Uttarakhand,Unknown,2018,September,Saturday,4:0,Minor,1,Pedestrian,10,3,Foggy,State Highway,Damaged,Dawn,Signs,70,28,Male,Expired,No,Intersection,1,4,9,5,1,1,0,1,0,1,10,0,0,6.36,27.23775,77.91224,NH44_Delhi_Agra,Uttar Pradesh
Uttarakhand,Unknown,2018,July,Saturday,15:56,Serious,2,Two-Wheeler,5,5,Stormy,National Highway,Under Construction,Daylight,Signals,45,44,Female,Expired,No,Intersection,2,15,7,5,0,4,2,2,0,2,5,0,0,7.27,25.27487,83.01821,NH19_Delhi_Kolkata,Uttar Pradesh / Bihar
Odisha,Unknown,2018,August,Thursday,12:17,Fatal,3,Bus,2,3,Clear,Village Road,Damaged,Daylight,Signs,107,24,Male,,Yes,Intersection,3,12,8,3,3,0,0,2,1,3,2,0,0,5.76,15.90778,80.21692,NH16_Kolkata_Chennai,Odisha / Andhra Pradesh
Punjab,Unknown,2022,September,Thursday,4:24,Fatal,3,Truck,8,1,Stormy,Village Road,Wet,Dusk,Signs,105,35,Female,Expired,Yes,Bridge,3,4,9,3,3,4,3,3,1,3,8,0,0,5.76,32.91048,75.13237,NH44_North,Jammu & Kashmir
Tamil Nadu,Coimbatore,2023,December,Sunday,20:25,Serious,2,Car,3,0,Rainy,Village Road,Damaged,Dawn,Signals,82,67,Female,Valid,No,Straight Road,2,20,12,6,3,3,0,1,0,2,3,0,0,2.12,33.49216,75.09139,NH44_North,Jammu & Kashmir
Manipur,Unknown,2019,August,Friday,15:47,Serious,1,Car,6,3,Clear,Urban Road,Under Construction,Dusk,Signs,57,37,Female,Expired,No,Bridge,2,15,8,4,2,0,2,3,0,1,6,0,0,5.76,12.821,77.64052,NH44_Bangalore_Chennai,Tamil Nadu
Andhra Pradesh,Tirupati,2023,February,Saturday,16:12,Serious,2,Two-Wheeler,6,4,Foggy,Village Road,Dry,Dusk,Signs,39,43,Female,,No,Straight Road,2,16,2,5,3,1,1,3,0,2,6,0,0,6.67,23.46953,73.17616,NH27_East_West,Rajasthan / MP / UP
Manipur,Unknown,2019,February,Saturday,10:26,Fatal,1,Auto-Rickshaw,4,0,Rainy,Village Road,Under Construction,Dark,Signs,37,39,Male,Valid,Yes,Straight Road,3,10,2,5,3,3,2,0,1,1,4,0,0,3.64,19.91155,85.40146,NH16_Kolkata_Chennai,Odisha / Andhra Pradesh
Goa,Unknown,2018,March,Sunday,11:58,Minor,2,Bus,7,0,Clear,National Highway,Wet,Dark,,63,57,Female,Valid,No,Intersection,1,11,3,6,0,0,3,0,0,2,7,0,0,2.73,22.5918,88.40182,NH19_Delhi_Kolkata,Uttar Pradesh / Bihar
Telangana,Unknown,2021,August,Saturday,9:33,Fatal,2,Pedestrian,10,3,Hazy,State Highway,Under Construction,Dusk,Signals,84,40,Male,Valid,Yes,Intersection,3,9,8,5,1,2,2,3,1,2,10,0,0,8.18,23.45844,79.40441,NH44_Agra_Nagpur,Madhya Pradesh
Tamil Nadu,Chennai,2022,June,Saturday,19:22,Serious,4,Pedestrian,2,0,Foggy,State Highway,Dry,Daylight,Signs,119,62,Female,Expired,No,Intersection,2,19,6,5,1,1,1,2,0,4,2,0,0,1.82,24.85853,91.94379,NH27_East_West,Rajasthan / MP / UP
Haryana,Unknown,2019,February,Tuesday,19:59,Serious,3,Bus,1,2,Hazy,National Highway,Dry,Dark,Signs,96,59,Female,Valid,No,Bridge,2,19,2,1,0,2,1,0,0,3,1,0,0,3.33,33.17019,75.55754,NH44_North,Jammu & Kashmir
Gujarat,Surat,2021,March,Sunday,2:11,Minor,5,Auto-Rickshaw,8,0,Clear,Urban Road,Damaged,Dark,Signals,99,63,Male,,Yes,Intersection,1,2,3,6,2,0,0,0,1,5,8,0,0,3.64,28.93545,77.43559,NH58_Delhi_Badrinath,Uttarakhand
Chhattisgarh,Unknown,2021,July,Sunday,2:53,Minor,2,Auto-Rickshaw,2,5,Clear,Urban Road,Dry,Dawn,Police Checkpost,108,56,Female,Expired,Yes,Bridge,1,2,7,6,2,0,1,1,1,2,2,0,0,6.36,16.09465,74.42749,NH48_Mumbai_Bangalore,Maharashtra / Karnataka
Delhi,Dwarka,2018,April,Wednesday,6:2,Serious,3,Cycle,3,0,Stormy,Village Road,Wet,Daylight,Signs,61,63,Female,Expired,Yes,Straight Road,2,6,4,2,3,4,3,2,1,3,3,0,0,2.73,9.40905,77.18481,NH66_West_Coast,Maharashtra / Kerala
Puducherry,Unknown,2023,March,Wednesday,15:21,Serious,1,Truck,5,1,Clear,Urban Road,Wet,Daylight,Signs,54,32,Female,Expired,No,Intersection,2,15,3,2,2,0,3,2,0,1,5,0,0,3.64,25.73363,82.19725,NH19_Delhi_Kolkata,Uttar Pradesh / Bihar
Uttarakhand,Unknown,2022,October,Friday,15:25,Minor,5,Car,5,0,Stormy,Urban Road,Dry,Dusk,Signs,70,57,Female,,No,Curve,1,15,10,4,2,4,1,3,0,5,5,0,0,2.12,19.008,72.89118,NH48_Delhi_Mumbai,Rajasthan / Gujarat
Assam,Unknown,2021,June,Tuesday,8:7,Minor,4,Two-Wheeler,4,3,Stormy,National Highway,Wet,Dusk,Signals,87,50,Female,Valid,No,Curve,1,8,6,1,0,4,3,3,0,4,4,0,0,4.55,22.28325,70.20862,NH27_East_West,Rajasthan / MP / UP
Nagaland,Unknown,2022,December,Thursday,1:48,Minor,5,Truck,10,3,Foggy,Village Road,Under Construction,Dawn,Signals,58,51,Male,Valid,Yes,Curve,1,1,12,3,3,1,2,1,1,5,10,0,0,6.97,24.84562,83.86731,NH19_Delhi_Kolkata,Uttar Pradesh / Bihar
Sikkim,Unknown,2020,February,Monday,21:6,Minor,5,Car,5,4,Rainy,Village Road,Wet,Dark,,70,28,Female,Expired,No,Curve,1,21,2,0,3,3,3,0,0,5,5,0,0,5.76,24.10623,73.50798,NH48_Delhi_Mumbai,Rajasthan / Gujarat
Delhi,Dwarka,2019,September,Tuesday,17:14,Minor,3,Truck,7,5,Foggy,Urban Road,Dry,Dusk,Police Checkpost,50,32,Female,Valid,No,Straight Road,1,17,9,1,2,1,1,3,0,3,7,0,0,7.27,18.54672,73.78676,NH48_Mumbai_Bangalore,Maharashtra / Karnataka
Assam,Unknown,2020,December,Sunday,8:21,Fatal,5,Pedestrian,8,1,Hazy,National Highway,Under Construction,Dusk,Signs,51,55,Male,Valid,No,Intersection,3,8,12,6,0,2,2,3,0,5,8,0,0,5.15,17.33907,73.95322,NH66_West_Coast,Maharashtra / Kerala
Gujarat,Surat,2018,January,Tuesday,4:7,Minor,2,Car,2,3,Hazy,State Highway,Under Construction,Dark,Police Checkpost,40,49,Female,,Yes,Straight Road,1,4,1,1,1,2,2,0,1,2,2,0,0,4.55,19.84554,85.50294,NH16_Kolkata_Chennai,Odisha / Andhra Pradesh
Nagaland,Unknown,2019,August,Wednesday,1:10,Serious,2,Auto-Rickshaw,9,2,Foggy,National Highway,Dry,Dusk,Police Checkpost,32,48,Female,,No,Intersection,2,1,8,2,0,1,1,3,0,2,9,0,0,5.76,12.09359,79.04076,NH44_Bangalore_Chennai,Tamil Nadu
Goa,Unknown,2021,January,Friday,0:32,Minor,2,Auto-Rickshaw,4,1,Foggy,State Highway,Dry,Daylight,Signals,107,51,Male,,Yes,Intersection,1,0,1,4,1,1,1,2,1,2,4,0,0,3.33,18.13614,78.47637,NH44_Nagpur_Hyderabad,Telangana
West Bengal,Siliguri,2019,December,Friday,23:13,Minor,4,Two-Wheeler,5,2,Stormy,Village Road,Dry,Dawn,,33,30,Male,,No,Curve,1,23,12,4,3,4,1,1,0,4,5,0,0,3.94,28.58319,77.15383,NH48_Delhi_Mumbai,Rajasthan / Gujarat
Karnataka,Mangalore,2022,October,Monday,3:13,Fatal,3,Cycle,0,1,Stormy,National Highway,Damaged,Dusk,Signals,58,55,Male,Valid,Yes,Bridge,3,3,10,0,0,4,0,3,1,3,0,0,0,3.33,26.96443,78.05409,NH44_Delhi_Agra,Uttar Pradesh
Chandigarh,Unknown,2023,March,Saturday,8:19,Serious,4,Auto-Rickshaw,6,0,Hazy,National Highway,Under Construction,Dusk,Police Checkpost,56,38,Female,Expired,Yes,Straight Road,2,8,3,5,0,2,2,3,1,4,6,0,0,3.64,10.05379,76.83208,NH66_West_Coast,Maharashtra / Kerala
Mizoram,Unknown,2018,November,Wednesday,4:55,Minor,1,Truck,8,3,Stormy,Urban Road,Damaged,Daylight,,116,37,Male,Expired,No,Bridge,1,4,11,2,2,4,0,2,0,1,8,0,0,5.76,27.03127,78.09445,NH44_Delhi_Agra,Uttar Pradesh
Sikkim,Unknown,2020,August,Friday,23:43,Fatal,1,Pedestrian,0,4,Stormy,Village Road,Damaged,Dark,Signs,64,37,Female,,No,Bridge,3,23,8,4,3,4,0,0,0,1,0,0,0,5.45,18.70048,84.24406,NH16_Kolkata_Chennai,Odisha / Andhra Pradesh
Madhya Pradesh,Unknown,2018,July,Monday,23:44,Minor,5,Pedestrian,1,1,Rainy,State Highway,Damaged,Dark,Signals,51,48,Male,,Yes,Curve,1,23,7,0,1,3,0,0,1,5,1,0,0,2.42,25.86588,90.29784,NH52_Barasat_Guwahati,West Bengal / Assam
Karnataka,Mangalore,2020,March,Tuesday,2:36,Fatal,4,Truck,6,4,Rainy,Village Road,Damaged,Daylight,Signs,48,44,Female,,No,Straight Road,3,2,3,1,3,3,0,2,0,4,6,0,0,7.27,18.59731,78.38407,NH44_Nagpur_Hyderabad,Telangana
Rajasthan,Jaipur,2019,July,Saturday,11:14,Fatal,1,Car,5,1,Stormy,National Highway,Wet,Dark,Police Checkpost,71,59,Female,Expired,No,Straight Road,3,11,7,5,0,4,3,0,0,1,5,0,0,4.24,25.31792,83.00191,NH7_Varanasi_Kanyakumari,MP / Karnataka / TN
Puducherry,Unknown,2022,December,Friday,11:9,Serious,5,Pedestrian,10,2,Hazy,National Highway,Wet,Dawn,,43,19,Female,,No,Bridge,2,11,12,4,0,2,3,1,0,5,10,0,0,6.06,28.24852,77.18025,NH44_Delhi_Agra,Uttar Pradesh
Uttar Pradesh,Varanasi,2018,April,Thursday,23:33,Fatal,2,Pedestrian,9,2,Rainy,National Highway,Wet,Dark,Signs,79,35,Female,Valid,No,Straight Road,3,23,4,3,0,3,3,0,0,2,9,0,0,6.36,27.99852,77.25462,NH44_Delhi_Agra,Uttar Pradesh
Sikkim,Unknown,2022,July,Wednesday,22:20,Fatal,4,Bus,6,0,Hazy,State Highway,Wet,Dawn,Police Checkpost,37,23,Male,Valid,No,Curve,3,22,7,2,1,2,3,1,0,4,6,0,0,3.64,22.53262,88.32802,NH16_Kolkata_Chennai,Odisha / Andhra Pradesh
Rajasthan,Jodhpur,2022,November,Sunday,0:51,Serious,4,Pedestrian,1,2,Clear,Village Road,Under Construction,Dusk,Police Checkpost,115,64,Female,Expired,Yes,Straight Road,2,0,11,6,3,0,2,3,1,4,1,0,0,3.94,18.52512,73.83937,NH48_Mumbai_Bangalore,Maharashtra / Karnataka
Karnataka,Bangalore,2023,December,Saturday,15:23,Minor,4,Pedestrian,2,1,Foggy,Urban Road,Damaged,Daylight,Police Checkpost,69,70,Female,Expired,No,Bridge,1,15,12,5,2,1,0,2,0,4,2,0,0,2.12,12.61351,79.42585,NH44_Bangalore_Chennai,Tamil Nadu
Kerala,Unknown,2023,January,Tuesday,12:26,Minor,1,Auto-Rickshaw,2,1,Foggy,Urban Road,Dry,Dusk,Signs,104,50,Male,,No,Bridge,1,12,1,1,2,1,1,3,0,1,2,0,0,2.12,22.39972,72.17722,NH48_Delhi_Mumbai,Rajasthan / Gujarat
Uttarakhand,Unknown,2019,February,Friday,8:8,Fatal,4,Auto-Rickshaw,7,1,Rainy,National Highway,Damaged,Daylight,Police Checkpost,104,35,Male,Expired,Yes,Straight Road,3,8,2,4,0,3,0,2,1,4,7,0,0,5.45,15.48812,77.29895,NH7_Varanasi_Kanyakumari,MP / Karnataka / TN
Rajasthan,Jaipur,2020,December,Wednesday,21:46,Serious,5,Truck,2,0,Foggy,Village Road,Wet,Dusk,Police Checkpost,33,48,Male,Valid,Yes,Curve,2,21,12,2,3,1,3,3,1,5,2,0,0,2.42,25.3826,78.49993,NH44_Agra_Nagpur,Madhya Pradesh
Gujarat,Ahmedabad,2022,November,Friday,19:57,Serious,3,Two-Wheeler,7,3,Hazy,State Highway,Under Construction,Dusk,Police Checkpost,107,27,Female,Expired,Yes,Straight Road,2,19,11,4,1,2,2,3,1,3,7,0,0,6.67,25.91443,90.16873,NH52_Barasat_Guwahati,West Bengal / Assam
Jammu and Kashmir,Unknown,2021,April,Wednesday,2:34,Minor,2,Pedestrian,6,2,Hazy,State Highway,Under Construction,Dawn,Signs,88,23,Female,Valid,Yes,Curve,1,2,4,2,1,2,2,1,1,2,6,0,0,4.85,24.19345,89.20464,NH52_Barasat_Guwahati,West Bengal / Assam
Jammu and Kashmir,Unknown,2019,October,Wednesday,6:29,Minor,1,Pedestrian,9,3,Hazy,Village Road,Wet,Dusk,Signals,65,47,Female,Valid,Yes,Straight Road,1,6,10,2,3,2,3,3,1,1,9,0,0,6.67,24.81217,84.86116,NH30_Patna_Visakhapatnam,Chhattisgarh
Himachal Pradesh,Unknown,2018,April,Friday,1:25,Minor,2,Car,6,2,Rainy,National Highway,Dry,Dusk,Police Checkpost,30,33,Male,Expired,No,Intersection,1,1,4,4,0,3,1,3,0,2,6,0,0,4.24,24.16877,73.39972,NH48_Delhi_Mumbai,Rajasthan / Gujarat
Tripura,Unknown,2018,June,Friday,20:28,Minor,5,Car,3,5,Stormy,Village Road,Damaged,Dawn,Signs,105,56,Male,Expired,No,Intersection,1,20,6,4,3,4,0,1,0,5,3,0,0,6.06,13.66667,79.44225,NH16_Kolkata_Chennai,Odisha / Andhra Pradesh
Jammu and Kashmir,Unknown,2021,April,Thursday,4:55,Fatal,1,Two-Wheeler,5,0,Clear,Urban Road,Dry,Daylight,Signs,85,49,Male,Valid,Yes,Bridge,3,4,4,3,2,0,1,2,1,1,5,0,0,3.94,19.02097,72.87767,NH48_Mumbai_Bangalore,Maharashtra / Karnataka
Goa,Unknown,2023,February,Saturday,15:38,Serious,1,Pedestrian,5,4,Clear,Urban Road,Damaged,Dark,Signals,59,39,Male,Expired,No,Intersection,2,15,2,5,2,0,0,0,0,1,5,0,0,6.36,19.34944,84.83642,NH16_Kolkata_Chennai,Odisha / Andhra Pradesh
Telangana,Unknown,2020,May,Monday,7:2,Serious,3,Bus,0,5,Hazy,State Highway,Dry,Dusk,Police Checkpost,50,38,Female,Valid,Yes,Curve,2,7,5,0,1,2,1,3,1,3,0,0,0,6.36,24.88076,89.85908,NH52_Barasat_Guwahati,West Bengal / Assam
Meghalaya,Unknown,2021,December,Tuesday,3:9,Minor,4,Cycle,8,5,Clear,National Highway,Wet,Dusk,Signs,65,26,Female,,Yes,Intersection,1,3,12,1,0,0,3,3,1,4,8,0,0,8.18,12.82549,77.72606,NH44_Bangalore_Chennai,Tamil Nadu
Punjab,Unknown,2023,December,Saturday,20:27,Fatal,2,Pedestrian,4,5,Rainy,Village Road,Under Construction,Dawn,Signs,54,23,Female,,No,Bridge,3,20,12,5,3,3,2,1,0,2,4,0,0,7.58,28.28605,77.82782,NH19_Delhi_Kolkata,Uttar Pradesh / Bihar
Madhya Pradesh,Unknown,2018,March,Friday,13:34,Serious,4,Two-Wheeler,9,1,Stormy,Village Road,Dry,Dusk,Signals,111,52,Female,Expired,Yes,Straight Road,2,13,3,4,3,4,1,3,1,4,9,0,0,5.45,19.21722,78.52021,NH44_Nagpur_Hyderabad,Telangana
Chhattisgarh,Unknown,2023,July,Tuesday,21:52,Fatal,1,Auto-Rickshaw,2,0,Hazy,Village Road,Dry,Dusk,Signals,118,45,Female,,No,Bridge,3,21,7,1,3,2,1,3,0,1,2,0,0,2.42,22.53732,88.31593,NH16_Kolkata_Chennai,Odisha / Andhra Pradesh
Jharkhand,Unknown,2019,April,Sunday,5:24,Minor,3,Cycle,10,1,Rainy,Urban Road,Dry,Dawn,,38,42,Male,,No,Bridge,1,5,4,6,2,3,1,1,0,3,10,0,0,4.55,21.12221,79.02099,NH7_Varanasi_Kanyakumari,MP / Karnataka / TN
Tamil Nadu,Madurai,2022,April,Friday,10:6,Serious,2,Truck,6,5,Rainy,Urban Road,Damaged,Dawn,Police Checkpost,39,45,Female,,No,Intersection,2,10,4,4,2,3,0,1,0,2,6,0,0,7.58,23.39559,79.3465,NH44_Agra_Nagpur,Madhya Pradesh
Jharkhand,Unknown,2020,October,Wednesday,6:29,Serious,5,Truck,10,0,Stormy,Village Road,Wet,Dusk,Signals,35,21,Male,Valid,No,Straight Road,2,6,10,2,3,4,3,3,0,5,10,0,0,4.24,24.91674,83.87743,NH19_Delhi_Kolkata,Uttar Pradesh / Bihar
Sikkim,Unknown,2022,April,Tuesday,12:28,Minor,2,Car,7,0,Rainy,Village Road,Wet,Dusk,Signs,54,56,Male,,Yes,Curve,1,12,4,1,3,3,3,3,1,2,7,0,0,3.33,26.19856,78.42281,NH44_Agra_Nagpur,Madhya Pradesh
Uttarakhand,Unknown,2023,April,Saturday,2:7,Fatal,2,Pedestrian,7,3,Clear,State Highway,Dry,Dusk,Signs,44,20,Male,Valid,No,Bridge,3,2,4,5,1,0,1,3,0,2,7,0,0,6.67,24.08687,73.44179,NH48_Delhi_Mumbai,Rajasthan / Gujarat
Goa,Unknown,2020,October,Saturday,22:40,Fatal,2,Truck,6,5,Stormy,Urban Road,Wet,Dawn,,110,35,Male,Valid,No,Curve,3,22,10,5,2,4,3,1,0,2,6,0,0,8.18,32.76631,74.8189,NH44_North,Jammu & Kashmir
Himachal Pradesh,Unknown,2022,May,Thursday,19:28,Fatal,1,Pedestrian,5,2,Stormy,National Highway,Wet,Daylight,Signals,65,30,Female,Valid,Yes,Bridge,3,19,5,3,0,4,3,2,1,1,5,0,0,5.76,24.27235,84.58694,NH19_Delhi_Kolkata,Uttar Pradesh / Bihar
Karnataka,Mangalore,2020,February,Thursday,19:57,Serious,5,Truck,4,4,Stormy,Village Road,Dry,Dusk,Police Checkpost,95,40,Male,Valid,Yes,Intersection,2,19,2,3,3,4,1,3,1,5,4,0,0,6.67,23.60536,85.28429,NH19_Delhi_Kolkata,Uttar Pradesh / Bihar
Mizoram,Unknown,2020,April,Monday,12:36,Serious,3,Car,5,0,Stormy,State Highway,Dry,Daylight,,86,42,Male,,No,Bridge,2,12,4,0,1,4,1,2,0,3,5,0,0,2.73,26.29048,81.40061,NH19_Delhi_Kolkata,Uttar Pradesh / Bihar
Jammu and Kashmir,Unknown,2021,October,Wednesday,18:47,Serious,1,Truck,0,5,Stormy,State Highway,Dry,Dusk,Signs,82,69,Male,,No,Straight Road,2,18,10,2,1,4,1,3,0,1,0,0,0,5.76,25.36389,82.97767,NH7_Varanasi_Kanyakumari,MP / Karnataka / TN
Maharashtra,Pune,2022,February,Saturday,12:6,Serious,2,Two-Wheeler,6,4,Clear,Urban Road,Dry,Dawn,Police Checkpost,71,52,Male,Valid,Yes,Bridge,2,12,2,5,2,0,1,1,1,2,6,0,0,7.27,22.26866,79.1149,NH44_Agra_Nagpur,Madhya Pradesh
Bihar,Unknown,2022,February,Tuesday,21:48,Fatal,4,Two-Wheeler,7,2,Foggy,National Highway,Damaged,Dawn,Police Checkpost,48,22,Male,,No,Straight Road,3,21,2,1,0,1,0,1,0,4,7,0,0,5.76,27.0705,78.10719,NH44_Delhi_Agra,Uttar Pradesh
Jharkhand,Unknown,2019,December,Wednesday,10:34,Minor,5,Truck,3,1,Hazy,Urban Road,Wet,Dark,Signs,42,42,Female,Valid,Yes,Straight Road,1,10,12,2,2,2,3,0,1,5,3,0,0,3.03,23.00035,71.28611,NH27_East_West,Rajasthan / MP / UP
West Bengal,Kolkata,2021,June,Wednesday,15:12,Serious,3,Bus,3,1,Rainy,Urban Road,Under Construction,Dusk,Signs,102,40,Female,,No,Bridge,2,15,6,2,2,3,2,3,0,3,3,0,0,3.03,27.74392,77.61009,NH44_Delhi_Agra,Uttar Pradesh
Delhi,New Delhi,2022,February,Tuesday,19:10,Minor,2,Bus,2,1,Clear,National Highway,Under Construction,Dusk,Signs,73,42,Female,,Yes,Intersection,1,19,2,1,0,0,2,3,1,2,2,0,0,2.73,21.47907,87.20407,NH16_Kolkata_Chennai,Odisha / Andhra Pradesh
Uttar Pradesh,Lucknow,2021,November,Thursday,17:19,Minor,1,Bus,4,4,Clear,National Highway,Damaged,Dusk,Signs,98,35,Female,,Yes,Straight Road,1,17,11,3,0,0,0,3,1,1,4,0,0,6.06,19.93456,78.77942,NH44_Nagpur_Hyderabad,Telangana
Goa,Unknown,2019,March,Saturday,19:5,Serious,4,Bus,5,2,Stormy,Urban Road,Damaged,Daylight,,76,20,Female,,No,Straight Road,2,19,3,5,2,4,0,2,0,4,5,0,0,4.55,24.2317,84.23415,NH30_Patna_Visakhapatnam,Chhattisgarh
Andhra Pradesh,Tirupati,2021,June,Tuesday,15:15,Serious,3,Cycle,2,0,Clear,National Highway,Under Construction,Dark,Signals,83,32,Female,Valid,No,Intersection,2,15,6,1,0,0,2,0,0,3,2,0,0,1.82,12.54969,79.48012,NH44_Bangalore_Chennai,Tamil Nadu
Tripura,Unknown,2018,October,Sunday,19:28,Minor,5,Two-Wheeler,1,5,Rainy,National Highway,Dry,Dawn,Signs,76,47,Female,Valid,Yes,Straight Road,1,19,10,6,0,3,1,1,1,5,1,0,0,6.06,25.6622,85.11151,NH30_Patna_Visakhapatnam,Chhattisgarh
Himachal Pradesh,Unknown,2023,July,Tuesday,1:18,Minor,1,Cycle,2,0,Rainy,Urban Road,Under Construction,Daylight,,103,30,Female,Expired,No,Intersection,1,1,7,1,2,3,2,2,0,1,2,0,0,1.21,21.59467,69.5739,NH27_East_West,Rajasthan / MP / UP
Uttarakhand,Unknown,2022,April,Sunday,8:8,Fatal,5,Cycle,4,2,Clear,Village Road,Wet,Daylight,Signals,87,23,Male,Valid,Yes,Intersection,3,8,4,6,3,0,3,2,1,5,4,0,0,5.45,18.71305,78.30327,NH44_Nagpur_Hyderabad,Telangana
Nagaland,Unknown,2020,November,Sunday,7:11,Minor,5,Truck,5,1,Rainy,State Highway,Damaged,Dark,,36,30,Female,Expired,No,Bridge,1,7,11,6,1,3,0,0,0,5,5,0,0,3.03,17.40483,78.53142,NH9_Pune_Hyderabad,Maharashtra / Telangana
Meghalaya,Unknown,2023,October,Wednesday,1:34,Serious,2,Bus,4,3,Rainy,National Highway,Damaged,Daylight,,47,66,Female,Valid,No,Straight Road,2,1,10,2,0,3,0,2,0,2,4,0,0,5.15,27.28586,82.43628,NH27_East_West,Rajasthan / MP / UP
Odisha,Unknown,2021,February,Monday,20:5,Minor,5,Truck,5,4,Stormy,Village Road,Dry,Dark,Signs,113,57,Male,Valid,Yes,Straight Road,1,20,2,0,3,4,1,0,1,5,5,0,0,6.36,22.79924,88.47965,NH52_Barasat_Guwahati,West Bengal / Assam
Nagaland,Unknown,2022,March,Friday,20:28,Minor,3,Two-Wheeler,0,0,Foggy,National Highway,Wet,Daylight,Signs,64,37,Female,,No,Intersection,1,20,3,4,0,1,3,2,0,3,0,0,0,0.61,19.21898,78.55388,NH44_Nagpur_Hyderabad,Telangana
Chandigarh,Unknown,2020,September,Thursday,10:57,Fatal,2,Pedestrian,3,3,Foggy,Village Road,Wet,Dark,Signals,113,69,Male,Valid,No,Intersection,3,10,9,3,3,1,3,0,0,2,3,0,0,5.45,22.97131,71.18639,NH27_East_West,Rajasthan / MP / UP
Karnataka,Mysore,2018,January,Saturday,19:34,Serious,1,Two-Wheeler,0,2,Rainy,State Highway,Wet,Daylight,Signals,37,28,Male,Expired,Yes,Intersection,2,19,1,5,1,3,3,2,1,1,0,0,0,3.64,28.29673,76.95163,NH48_Delhi_Mumbai,Rajasthan / Gujarat
Mizoram,Unknown,2019,February,Wednesday,8:12,Fatal,4,Car,3,1,Hazy,State Highway,Wet,Dusk,Signs,80,68,Male,,Yes,Straight Road,3,8,2,2,1,2,3,3,1,4,3,0,0,4.24,22.2836,70.26503,NH27_East_West,Rajasthan / MP / UP
Haryana,Unknown,2018,June,Friday,6:56,Serious,2,Pedestrian,8,5,Rainy,State Highway,Wet,Dawn,Police Checkpost,30,23,Male,,Yes,Intersection,2,6,6,4,1,3,3,1,1,2,8,0,0,8.79,27.45678,77.74155,NH44_Delhi_Agra,Uttar Pradesh
Jammu and Kashmir,Unknown,2023,August,Monday,23:54,Fatal,2,Cycle,10,1,Foggy,State Highway,Dry,Daylight,,94,63,Female,Valid,Yes,Intersection,3,23,8,0,1,1,1,2,1,2,10,0,0,6.36,28.22177,77.8419,NH19_Delhi_Kolkata,Uttar Pradesh / Bihar
Maharashtra,Mumbai,2022,July,Saturday,9:37,Serious,3,Car,10,3,Foggy,Village Road,Dry,Dark,Signs,101,67,Male,,No,Intersection,2,9,7,5,3,1,1,0,0,3,10,0,0,6.97,32.60941,74.97841,NH44_North,Jammu & Kashmir
Kerala,Unknown,2018,September,Tuesday,23:21,Minor,3,Truck,2,4,Stormy,National Highway,Dry,Dusk,Police Checkpost,71,39,Female,Expired,No,Intersection,1,23,9,1,0,4,1,3,0,3,2,0,0,4.85,19.69141,73.19297,NH48_Delhi_Mumbai,Rajasthan / Gujarat
Tripura,Unknown,2019,November,Wednesday,21:54,Minor,4,Bus,0,1,Stormy,State Highway,Dry,Dark,,92,64,Male,Valid,Yes,Bridge,1,21,11,2,1,4,1,0,1,4,0,0,0,2.12,17.49009,75.46048,NH9_Pune_Hyderabad,Maharashtra / Telangana
Kerala,Unknown,2020,December,Thursday,3:43,Minor,5,Bus,1,2,Clear,Urban Road,Wet,Dusk,,97,55,Female,Valid,No,Bridge,1,3,12,3,2,0,3,3,0,5,1,0,0,2.73,25.55196,85.13789,NH30_Patna_Visakhapatnam,Chhattisgarh
Himachal Pradesh,Unknown,2019,July,Thursday,22:25,Serious,4,Pedestrian,2,5,Foggy,Urban Road,Damaged,Dusk,Signs,48,18,Female,Expired,Yes,Curve,2,22,7,3,2,1,0,3,1,4,2,0,0,6.97,13.61246,79.37717,NH16_Kolkata_Chennai,Odisha / Andhra Pradesh
Chandigarh,Unknown,2019,October,Wednesday,0:47,Fatal,3,Auto-Rickshaw,5,2,Stormy,State Highway,Dry,Dark,Signals,112,27,Female,Expired,No,Bridge,3,0,10,2,1,4,1,0,0,3,5,0,0,5.15,34.13411,74.797,NH44_North,Jammu & Kashmir
Punjab,Unknown,2023,July,Tuesday,13:26,Fatal,5,Truck,10,0,Clear,National Highway,Wet,Dusk,Police Checkpost,34,59,Male,Expired,No,Straight Road,3,13,7,1,0,0,3,3,0,5,10,0,0,4.85,23.50635,79.31109,NH44_Agra_Nagpur,Madhya Pradesh
Jharkhand,Unknown,2022,May,Thursday,23:1,Fatal,5,Two-Wheeler,5,0,Hazy,National Highway,Damaged,Dark,,90,52,Female,Valid,Yes,Straight Road,3,23,5,3,0,2,0,0,1,5,5,0,0,3.94,18.65106,78.25344,NH44_Nagpur_Hyderabad,Telangana
Puducherry,Unknown,2018,May,Thursday,19:2,Fatal,2,Car,8,3,Clear,National Highway,Dry,Dusk,,115,28,Female,Valid,Yes,Curve,3,19,5,3,0,0,1,3,1,2,8,0,0,7.58,15.25276,74.15458,NH66_West_Coast,Maharashtra / Kerala
Telangana,Unknown,2023,March,Monday,16:38,Fatal,2,Bus,5,4,Stormy,National Highway,Wet,Dusk,,101,31,Female,Valid,Yes,Curve,3,16,3,0,0,4,3,3,1,2,5,0,0,7.58,18.26397,80.90903,NH30_Patna_Visakhapatnam,Chhattisgarh
Manipur,Unknown,2018,May,Saturday,10:14,Serious,5,Truck,2,2,Foggy,State Highway,Dry,Daylight,,85,52,Female,Valid,No,Bridge,2,10,5,5,1,1,1,2,0,5,2,0,0,3.64,22.31966,79.13354,NH44_Agra_Nagpur,Madhya Pradesh
Mizoram,Unknown,2019,September,Saturday,19:35,Fatal,3,Pedestrian,8,2,Foggy,Urban Road,Wet,Dusk,Signs,49,64,Male,Valid,Yes,Curve,3,19,9,5,2,1,3,3,1,3,8,0,0,6.67,24.53537,79.02174,NH44_Agra_Nagpur,Madhya Pradesh
Mizoram,Unknown,2019,September,Tuesday,6:20,Fatal,3,Two-Wheeler,3,3,Rainy,Urban Road,Dry,Dawn,,94,54,Female,,Yes,Bridge,3,6,9,1,2,3,1,1,1,3,3,0,0,6.06,26.26848,81.47065,NH19_Delhi_Kolkata,Uttar Pradesh / Bihar
Uttarakhand,Unknown,2019,September,Saturday,5:24,Minor,3,Pedestrian,7,3,Clear,Village Road,Dry,Dawn,Signals,48,45,Male,Valid,No,Intersection,1,5,9,5,3,0,1,1,0,3,7,0,0,5.45,19.31307,84.77435,NH16_Kolkata_Chennai,Odisha / Andhra Pradesh
Andhra Pradesh,Tirupati,2020,May,Friday,18:2,Serious,2,Truck,7,1,Hazy,Urban Road,Wet,Dark,Police Checkpost,111,44,Male,,Yes,Intersection,2,18,5,4,2,2,3,0,1,2,7,0,0,4.85,22.16862,83.03626,NH30_Patna_Visakhapatnam,Chhattisgarh
Uttar Pradesh,Lucknow,2023,October,Friday,7:31,Fatal,2,Pedestrian,10,4,Clear,Village Road,Damaged,Dusk,Signals,113,23,Female,Valid,No,Bridge,3,7,10,4,3,0,0,3,0,2,10,0,0,8.48,14.85488,80.01084,NH16_Kolkata_Chennai,Odisha / Andhra Pradesh
Chandigarh,Unknown,2018,July,Thursday,2:51,Fatal,4,Auto-Rickshaw,5,4,Foggy,Urban Road,Under Construction,Daylight,Signs,93,30,Male,,No,Intersection,3,2,7,3,2,1,2,2,0,4,5,0,0,6.97,14.51659,75.65633,NH48_Mumbai_Bangalore,Maharashtra / Karnataka
Jammu and Kashmir,Unknown,2019,August,Wednesday,18:24,Fatal,1,Two-Wheeler,6,5,Stormy,Village Road,Wet,Dawn,Signs,78,54,Female,,Yes,Straight Road,3,18,8,2,3,4,3,1,1,1,6,0,0,8.79,28.03314,77.32453,NH44_Delhi_Agra,Uttar Pradesh
Gujarat,Vadodara,2018,February,Monday,10:59,Serious,3,Two-Wheeler,5,1,Clear,State Highway,Dry,Daylight,Police Checkpost,87,23,Male,Expired,Yes,Curve,2,10,2,0,1,0,1,2,1,3,5,0,0,4.24,23.83998,81.30283,NH7_Varanasi_Kanyakumari,MP / Karnataka / TN
Telangana,Unknown,2018,August,Friday,18:0,Serious,5,Auto-Rickshaw,7,0,Foggy,Urban Road,Dry,Daylight,Police Checkpost,70,52,Female,,Yes,Curve,2,18,8,4,2,1,1,2,1,5,7,0,0,3.94,21.8175,79.01927,NH44_Agra_Nagpur,Madhya Pradesh
Puducherry,Unknown,2023,September,Tuesday,12:9,Fatal,5,Truck,9,3,Clear,Village Road,Under Construction,Dawn,,90,69,Female,Valid,Yes,Bridge,3,12,9,1,3,0,2,1,1,5,9,0,0,7.88,13.90852,74.85576,NH66_West_Coast,Maharashtra / Kerala
Assam,Unknown,2023,November,Wednesday,3:29,Serious,3,Bus,5,1,Clear,National Highway,Damaged,Dark,Signals,111,37,Female,Valid,No,Intersection,2,3,11,2,0,0,0,0,0,3,5,0,0,3.64,30.78152,79.63504,NH58_Delhi_Badrinath,Uttarakhand
Telangana,Unknown,2023,December,Tuesday,10:25,Serious,5,Auto-Rickshaw,7,3,Clear,Village Road,Dry,Dark,Signs,58,62,Male,Valid,No,Straight Road,2,10,12,1,3,0,1,0,0,5,7,0,0,6.06,26.25817,78.42399,NH44_Agra_Nagpur,Madhya Pradesh
Himachal Pradesh,Unknown,2019,September,Wednesday,18:52,Minor,4,Pedestrian,1,3,Rainy,Urban Road,Wet,Daylight,,109,66,Male,Valid,Yes,Curve,1,18,9,2,2,3,3,2,1,4,1,0,0,4.24,22.35314,79.11808,NH44_Agra_Nagpur,Madhya Pradesh
Tamil Nadu,Madurai,2023,January,Sunday,17:11,Minor,4,Bus,9,4,Stormy,Village Road,Dry,Daylight,Signals,70,66,Male,Valid,No,Bridge,1,17,1,6,3,4,1,2,0,4,9,0,0,6.97,24.81088,77.22144,NH27_East_West,Rajasthan / MP / UP
Sikkim,Unknown,2020,July,Monday,23:29,Serious,4,Truck,7,0,Stormy,Village Road,Under Construction,Dusk,Signs,111,62,Male,,No,Curve,2,23,7,0,3,4,2,3,0,4,7,0,0,3.33,27.66499,77.58939,NH44_Delhi_Agra,Uttar Pradesh
Jammu and Kashmir,Unknown,2021,June,Thursday,23:27,Serious,3,Pedestrian,0,5,Hazy,State Highway,Wet,Dawn,Signs,89,51,Female,Expired,Yes,Curve,2,23,6,3,1,2,3,1,1,3,0,0,0,6.36,9.81938,77.47824,NH7_Varanasi_Kanyakumari,MP / Karnataka / TN
Assam,Unknown,2021,November,Saturday,12:14,Serious,3,Car,4,2,Stormy,Village Road,Wet,Dark,Police Checkpost,61,21,Female,,No,Bridge,2,12,11,5,3,4,3,0,0,3,4,0,0,4.24,14.9873,75.1668,NH48_Mumbai_Bangalore,Maharashtra / Karnataka
Uttar Pradesh,Lucknow,2022,September,Thursday,20:23,Minor,3,Two-Wheeler,8,3,Rainy,State Highway,Damaged,Dawn,Signals,114,29,Female,Expired,Yes,Bridge,1,20,9,3,1,3,0,1,1,3,8,0,0,6.36,18.66584,78.25634,NH44_Nagpur_Hyderabad,Telangana
Goa,Unknown,2022,July,Friday,8:10,Minor,3,Car,7,1,Stormy,Urban Road,Dry,Daylight,Police Checkpost,42,24,Female,Valid,No,Bridge,1,8,7,4,2,4,1,2,0,3,7,0,0,3.64,26.85524,80.99361,NH19_Delhi_Kolkata,Uttar Pradesh / Bihar
Rajasthan,Udaipur,2018,September,Saturday,20:47,Minor,1,Auto-Rickshaw,10,4,Stormy,State Highway,Dry,Dawn,Signs,43,45,Female,Valid,No,Curve,1,20,9,5,1,4,1,1,0,1,10,0,0,7.27,18.04725,73.69388,NH48_Mumbai_Bangalore,Maharashtra / Karnataka
Kerala,Unknown,2021,September,Saturday,21:12,Fatal,2,Pedestrian,1,3,Clear,Urban Road,Dry,Dusk,Police Checkpost,107,53,Female,Valid,Yes,Curve,3,21,9,5,2,0,1,3,1,2,1,0,0,5.45,19.2293,78.51575,NH44_Nagpur_Hyderabad,Telangana
Chhattisgarh,Unknown,2022,December,Monday,10:48,Fatal,2,Truck,0,5,Foggy,Village Road,Dry,Dusk,Signs,66,68,Female,Valid,No,Intersection,3,10,12,0,3,1,1,3,0,2,0,0,0,6.36,28.02043,76.89353,NH48_Delhi_Mumbai,Rajasthan / Gujarat
Arunachal Pradesh,Unknown,2023,October,Thursday,14:9,Fatal,1,Truck,2,1,Hazy,State Highway,Damaged,Dark,Signs,69,28,Male,Valid,No,Intersection,3,14,10,3,1,2,0,0,0,1,2,0,0,3.33,11.20034,77.89859,NH7_Varanasi_Kanyakumari,MP / Karnataka / TN
Manipur,Unknown,2022,March,Monday,10:47,Serious,2,Car,5,4,Stormy,State Highway,Under Construction,Dawn,Signs,46,44,Male,Valid,Yes,Straight Road,2,10,3,0,1,4,2,1,1,2,5,0,0,6.97,33.14955,75.58044,NH44_North,Jammu & Kashmir
Odisha,Unknown,2021,July,Saturday,0:49,Fatal,4,Bus,2,0,Hazy,Urban Road,Under Construction,Dark,,104,59,Male,Expired,Yes,Intersection,3,0,7,5,2,2,2,0,1,4,2,0,0,3.03,26.81346,80.95481,NH19_Delhi_Kolkata,Uttar Pradesh / Bihar
Uttar Pradesh,Kanpur,2018,November,Sunday,18:21,Serious,2,Two-Wheeler,9,2,Foggy,Village Road,Dry,Dawn,,107,58,Male,Expired,Yes,Curve,2,18,11,6,3,1,1,1,1,2,9,0,0,6.36,9.52522,77.3012,NH66_West_Coast,Maharashtra / Kerala
Mizoram,Unknown,2020,April,Friday,0:32,Serious,4,Auto-Rickshaw,2,5,Hazy,State Highway,Wet,Daylight,Signs,109,66,Male,Valid,Yes,Intersection,2,0,4,4,1,2,3,2,1,4,2,0,0,6.97,18.23913,74.27196,NH9_Pune_Hyderabad,Maharashtra / Telangana
Haryana,Unknown,2023,November,Friday,5:4,Minor,4,Auto-Rickshaw,9,0,Foggy,State Highway,Dry,Dawn,Signals,48,55,Male,Expired,Yes,Straight Road,1,5,11,4,1,1,1,1,1,4,9,0,0,3.94,14.95188,75.26463,NH48_Mumbai_Bangalore,Maharashtra / Karnataka
Himachal Pradesh,Unknown,2023,February,Friday,12:16,Minor,4,Car,5,0,Hazy,State Highway,Wet,Daylight,Signals,68,52,Male,Valid,Yes,Curve,1,12,2,4,1,2,3,2,1,4,5,0,0,2.73,25.82264,90.16609,NH52_Barasat_Guwahati,West Bengal / Assam
Uttarakhand,Unknown,2022,November,Thursday,12:15,Fatal,1,Bus,7,0,Clear,Urban Road,Dry,Dark,Signs,87,30,Male,Valid,Yes,Straight Road,3,12,11,3,2,0,1,0,1,1,7,0,0,4.55,17.36519,78.43357,NH9_Pune_Hyderabad,Maharashtra / Telangana
Andhra Pradesh,Vijayawada,2018,October,Wednesday,3:40,Serious,4,Bus,6,3,Rainy,Village Road,Under Construction,Dusk,Signals,117,58,Male,,Yes,Intersection,2,3,10,2,3,3,2,3,1,4,6,0,0,6.36,13.44322,77.50127,NH7_Varanasi_Kanyakumari,MP / Karnataka / TN
Tamil Nadu,Coimbatore,2022,May,Saturday,13:58,Fatal,3,Car,8,4,Clear,State Highway,Dry,Dark,Signs,109,37,Male,Expired,No,Bridge,3,13,5,5,1,0,1,0,0,3,8,0,0,7.88,13.06995,80.31872,NH16_Kolkata_Chennai,Odisha / Andhra Pradesh
Goa,Unknown,2022,July,Friday,7:3,Minor,5,Truck,9,3,Stormy,National Highway,Damaged,Dusk,,59,23,Female,Valid,Yes,Straight Road,1,7,7,4,0,4,0,3,1,5,9,0,0,6.67,19.16495,72.92308,NH48_Delhi_Mumbai,Rajasthan / Gujarat
Arunachal Pradesh,Unknown,2020,April,Tuesday,3:42,Serious,1,Truck,8,2,Rainy,National Highway,Wet,Daylight,,90,55,Female,,No,Curve,2,3,4,1,0,3,3,2,0,1,8,0,0,5.45,18.1718,74.24435,NH9_Pune_Hyderabad,Maharashtra / Telangana
Rajasthan,Jaipur,2019,June,Sunday,21:59,Fatal,1,Two-Wheeler,9,0,Rainy,Village Road,Dry,Dawn,,70,56,Male,Valid,No,Intersection,3,21,6,6,3,3,1,1,0,1,9,0,0,4.55,32.13871,77.10966,NH22_Shimla_Manali,Himachal Pradesh
Assam,Unknown,2019,February,Tuesday,7:57,Fatal,2,Bus,9,3,Stormy,State Highway,Dry,Dusk,Signs,120,21,Female,,No,Intersection,3,7,2,1,1,4,1,3,0,2,9,0,0,7.27,12.51869,79.50486,NH44_Bangalore_Chennai,Tamil Nadu
Karnataka,Mysore,2023,December,Monday,15:59,Fatal,1,Bus,7,5,Foggy,Village Road,Damaged,Dawn,Signals,59,61,Male,Valid,Yes,Curve,3,15,12,0,3,1,0,1,1,1,7,0,0,9.09,26.86817,81.00097,NH27_East_West,Rajasthan / MP / UP
Maharashtra,Pune,2019,June,Saturday,12:9,Minor,3,Pedestrian,8,1,Foggy,Village Road,Dry,Dawn,Signals,63,65,Female,,No,Straight Road,1,12,6,5,3,1,1,1,0,3,8,0,0,3.94,16.6439,73.72265,NH66_West_Coast,Maharashtra / Kerala
Bihar,Unknown,2023,January,Saturday,19:1,Minor,4,Car,7,2,Hazy,National Highway,Under Construction,Dark,Police Checkpost,34,36,Female,,No,Curve,1,19,1,5,0,2,2,0,0,4,7,0,0,4.55,17.84605,74.87836,NH9_Pune_Hyderabad,Maharashtra / Telangana
Rajasthan,Jaipur,2020,June,Saturday,14:31,Minor,1,Auto-Rickshaw,4,0,Foggy,Urban Road,Damaged,Daylight,Signals,119,44,Male,Expired,Yes,Straight Road,1,14,6,5,2,1,0,2,1,1,4,0,0,2.42,14.88987,76.48545,NH44_Hyderabad_Bangalore,Karnataka
Gujarat,Surat,2019,July,Friday,7:46,Fatal,5,Auto-Rickshaw,8,1,Clear,State Highway,Wet,Dusk,Signals,104,56,Male,,No,Bridge,3,7,7,4,1,0,3,3,0,5,8,0,0,5.15,28.352,77.20082,NH44_Delhi_Agra,Uttar Pradesh
Arunachal Pradesh,Unknown,2020,February,Wednesday,9:5,Minor,1,Cycle,0,5,Foggy,Urban Road,Under Construction,Dusk,,46,21,Female,Valid,No,Straight Road,1,9,2,2,2,1,2,3,0,1,0,0,0,5.15,23.46477,88.94101,NH52_Barasat_Guwahati,West Bengal / Assam
Madhya Pradesh,Unknown,2020,December,Saturday,15:42,Minor,1,Pedestrian,9,1,Clear,State Highway,Under Construction,Dawn,Signs,38,67,Female,Valid,Yes,Straight Road,1,15,12,5,1,0,2,1,1,1,9,0,0,4.85,19.90027,78.81978,NH44_Nagpur_Hyderabad,Telangana
Jammu and Kashmir,Unknown,2020,January,Monday,21:9,Minor,3,Truck,10,2,Stormy,Village Road,Under Construction,Dawn,Police Checkpost,90,56,Male,Expired,Yes,Straight Road,1,21,1,0,3,4,2,1,1,3,10,0,0,6.06,21.41617,82.41405,NH30_Patna_Visakhapatnam,Chhattisgarh
Gujarat,Surat,2020,January,Friday,4:30,Minor,3,Two-Wheeler,9,5,Clear,National Highway,Under Construction,Daylight,,62,23,Female,,Yes,Intersection,1,4,1,4,0,0,2,2,1,3,9,0,0,8.48,11.26465,77.90814,NH7_Varanasi_Kanyakumari,MP / Karnataka / TN
Nagaland,Unknown,2020,November,Saturday,23:41,Serious,2,Cycle,1,5,Clear,Urban Road,Dry,Daylight,,100,22,Male,Valid,Yes,Curve,2,23,11,5,2,0,1,2,1,2,1,0,0,6.67,28.32326,77.12883,NH44_Delhi_Agra,Uttar Pradesh
Nagaland,Unknown,2020,March,Saturday,20:41,Fatal,2,Car,5,1,Clear,Urban Road,Wet,Dawn,Signs,117,34,Female,Valid,Yes,Intersection,3,20,3,5,2,0,3,1,1,2,5,0,0,4.85,32.38924,77.21622,NH22_Shimla_Manali,Himachal Pradesh
Jammu and Kashmir,Unknown,2019,August,Monday,4:54,Serious,3,Auto-Rickshaw,8,0,Stormy,Urban Road,Wet,Dark,Signs,112,21,Female,Valid,Yes,Intersection,2,4,8,0,2,4,3,0,1,3,8,0,0,4.24,23.99419,79.10109,NH44_Agra_Nagpur,Madhya Pradesh
Madhya Pradesh,Unknown,2020,September,Friday,17:51,Serious,5,Truck,10,5,Hazy,National Highway,Wet,Dawn,Signals,72,19,Female,,No,Straight Road,2,17,9,4,0,2,3,1,0,5,10,0,0,8.79,15.38603,77.18759,NH7_Varanasi_Kanyakumari,MP / Karnataka / TN
Telangana,Unknown,2019,March,Wednesday,9:47,Serious,5,Auto-Rickshaw,4,3,Hazy,State Highway,Wet,Dawn,Police Checkpost,110,61,Female,,Yes,Curve,2,9,3,2,1,2,3,1,1,5,4,0,0,5.76,32.47657,74.93487,NH44_North,Jammu & Kashmir
Tripura,Unknown,2018,March,Thursday,22:38,Serious,3,Pedestrian,10,3,Rainy,State Highway,Damaged,Dark,Signs,96,41,Male,Expired,Yes,Bridge,2,22,3,3,1,3,0,0,1,3,10,0,0,7.58,18.62095,73.2967,NH66_West_Coast,Maharashtra / Kerala
Assam,Unknown,2021,December,Wednesday,3:12,Serious,4,Two-Wheeler,9,5,Foggy,National Highway,Wet,Dawn,Signs,109,48,Female,,Yes,Curve,2,3,12,2,0,1,3,1,1,4,9,0,0,9.09,21.18875,72.8029,NH48_Delhi_Mumbai,Rajasthan / Gujarat
Haryana,Unknown,2022,June,Wednesday,6:32,Serious,4,Car,3,3,Foggy,Urban Road,Damaged,Dusk,Signs,77,69,Female,,No,Bridge,2,6,6,2,2,1,0,3,0,4,3,0,0,4.85,31.11997,77.17147,NH22_Shimla_Manali,Himachal Pradesh
Jammu and Kashmir,Unknown,2023,August,Monday,6:41,Serious,1,Two-Wheeler,5,3,Hazy,Village Road,Under Construction,Dawn,Police Checkpost,64,22,Female,,No,Bridge,2,6,8,0,3,2,2,1,0,1,5,0,0,5.45,27.8436,77.48216,NH44_Delhi_Agra,Uttar Pradesh
Nagaland,Unknown,2021,June,Friday,8:28,Serious,4,Truck,5,2,Hazy,Village Road,Under Construction,Dusk,Signs,106,23,Female,,Yes,Straight Road,2,8,6,4,3,2,2,3,1,4,5,0,0,5.15,23.50125,83.82043,NH30_Patna_Visakhapatnam,Chhattisgarh
Tamil Nadu,Chennai,2018,November,Saturday,1:42,Fatal,2,Truck,1,5,Foggy,State Highway,Wet,Dark,Police Checkpost,50,65,Male,Valid,Yes,Bridge,3,1,11,5,1,1,3,0,1,2,1,0,0,7.27,17.71737,78.55106,NH44_Nagpur_Hyderabad,Telangana
Goa,Unknown,2022,August,Wednesday,14:37,Serious,2,Truck,1,5,Rainy,Village Road,Under Construction,Dark,Police Checkpost,55,37,Male,,No,Curve,2,14,8,2,3,3,2,0,0,2,1,0,0,6.06,19.4808,81.28643,NH30_Patna_Visakhapatnam,Chhattisgarh
Mizoram,Unknown,2020,August,Monday,10:52,Serious,3,Auto-Rickshaw,10,2,Hazy,National Highway,Dry,Daylight,Signals,30,35,Male,,Yes,Curve,2,10,8,0,0,2,1,2,1,3,10,0,0,6.67,8.83385,77.39716,NH66_West_Coast,Maharashtra / Kerala
Meghalaya,Unknown,2019,July,Monday,6:31,Serious,5,Bus,2,3,Foggy,State Highway,Under Construction,Dusk,Signals,101,55,Female,,Yes,Intersection,2,6,7,0,1,1,2,3,1,5,2,0,0,5.15,29.95751,78.84149,NH58_Delhi_Badrinath,Uttarakhand
Madhya Pradesh,Unknown,2019,December,Tuesday,6:32,Minor,5,Bus,1,2,Clear,National Highway,Damaged,Dawn,Police Checkpost,43,43,Female,Expired,No,Straight Road,1,6,12,1,0,0,0,1,0,5,1,0,0,2.73,12.29191,79.22984,NH44_Bangalore_Chennai,Tamil Nadu
Kerala,Unknown,2021,September,Friday,5:43,Serious,5,Truck,4,3,Foggy,Urban Road,Wet,Dawn,Signals,34,53,Male,Expired,No,Straight Road,2,5,9,4,2,1,3,1,0,5,4,0,0,5.15,25.48018,89.8602,NH27_East_West,Rajasthan / MP / UP
Rajasthan,Jaipur,2019,August,Saturday,5:51,Fatal,2,Auto-Rickshaw,4,0,Hazy,Village Road,Damaged,Daylight,Signals,53,28,Female,Valid,No,Bridge,3,5,8,5,3,2,0,2,0,2,4,0,0,3.03,19.226,78.51759,NH44_Nagpur_Hyderabad,Telangana
Tripura,Unknown,2019,November,Saturday,20:50,Minor,2,Two-Wheeler,9,3,Rainy,National Highway,Damaged,Dusk,Police Checkpost,69,29,Male,Valid,No,Straight Road,1,20,11,5,0,3,0,3,0,2,9,0,0,6.06,16.69484,73.83187,NH66_West_Coast,Maharashtra / Kerala
Delhi,Dwarka,2023,July,Friday,15:43,Fatal,4,Two-Wheeler,3,1,Clear,State Highway,Damaged,Dark,Signals,105,46,Female,,No,Intersection,3,15,7,4,1,0,0,0,0,4,3,0,0,3.64,17.6908,83.299,NH30_Patna_Visakhapatnam,Chhattisgarh
Madhya Pradesh,Unknown,2021,January,Tuesday,15:3,Minor,4,Bus,2,3,Stormy,State Highway,Under Construction,Dusk,Signs,98,58,Male,Valid,No,Bridge,1,15,1,1,1,4,2,3,0,4,2,0,0,3.94,23.02026,87.00096,NH19_Delhi_Kolkata,Uttar Pradesh / Bihar
Chhattisgarh,Unknown,2019,November,Friday,4:19,Minor,5,Bus,8,2,Stormy,National Highway,Under Construction,Dusk,Signs,64,41,Male,Valid,Yes,Straight Road,1,4,11,4,0,4,2,3,1,5,8,0,0,5.45,23.91115,79.1325,NH44_Agra_Nagpur,Madhya Pradesh
Delhi,New Delhi,2020,August,Saturday,1:17,Fatal,3,Car,9,2,Stormy,National Highway,Wet,Dark,Signals,116,60,Male,Valid,No,Straight Road,3,1,8,5,0,4,3,0,0,3,9,0,0,6.36,30.39446,79.44806,NH58_Delhi_Badrinath,Uttarakhand
Meghalaya,Unknown,2022,October,Saturday,3:11,Minor,1,Pedestrian,3,0,Hazy,State Highway,Dry,Dawn,Signals,77,70,Female,Valid,Yes,Bridge,1,3,10,5,1,2,1,1,1,1,3,0,0,2.12,25.40557,78.55198,NH44_Agra_Nagpur,Madhya Pradesh
Manipur,Unknown,2020,October,Saturday,23:27,Minor,4,Pedestrian,7,0,Stormy,Urban Road,Under Construction,Dawn,Police Checkpost,45,38,Male,Valid,No,Bridge,1,23,10,5,2,4,2,1,0,4,7,0,0,2.73,17.96655,73.66847,NH48_Mumbai_Bangalore,Maharashtra / Karnataka
Manipur,Unknown,2019,January,Saturday,11:44,Serious,3,Auto-Rickshaw,2,5,Foggy,State Highway,Under Construction,Dawn,,72,60,Female,Expired,No,Bridge,2,11,1,5,1,1,2,1,0,3,2,0,0,6.36,12.63044,79.47115,NH44_Bangalore_Chennai,Tamil Nadu
Chandigarh,Unknown,2021,September,Tuesday,23:4,Minor,3,Two-Wheeler,6,5,Hazy,National Highway,Damaged,Dusk,Police Checkpost,30,23,Male,Valid,No,Bridge,1,23,9,1,0,2,0,3,0,3,6,0,0,6.97,17.62507,78.50168,NH44_Nagpur_Hyderabad,Telangana
Assam,Unknown,2019,December,Sunday,9:54,Serious,1,Bus,6,0,Clear,State Highway,Under Construction,Dark,Signs,75,57,Female,Valid,Yes,Bridge,2,9,12,6,1,0,2,0,1,1,6,0,0,3.64,19.46768,81.2967,NH30_Patna_Visakhapatnam,Chhattisgarh
West Bengal,Kolkata,2020,February,Sunday,17:38,Minor,4,Pedestrian,0,2,Stormy,Village Road,Dry,Daylight,,111,40,Female,Valid,Yes,Curve,1,17,2,6,3,4,1,2,1,4,0,0,0,3.03,25.73645,82.28407,NH19_Delhi_Kolkata,Uttar Pradesh / Bihar
Mizoram,Unknown,2021,July,Saturday,6:6,Serious,5,Pedestrian,1,2,Foggy,Urban Road,Under Construction,Dusk,Police Checkpost,103,21,Female,,No,Straight Road,2,6,7,5,2,1,2,3,0,5,1,0,0,3.33,18.22497,74.19903,NH9_Pune_Hyderabad,Maharashtra / Telangana
Nagaland,Unknown,2019,December,Saturday,7:43,Minor,4,Car,7,1,Stormy,State Highway,Wet,Dark,Signs,100,23,Female,,No,Bridge,1,7,12,5,1,4,3,0,0,4,7,0,0,3.64,19.83119,85.51402,NH16_Kolkata_Chennai,Odisha / Andhra Pradesh
Bihar,Unknown,2020,May,Monday,2:0,Serious,1,Car,8,4,Foggy,Village Road,Dry,Daylight,Signals,36,18,Female,Expired,Yes,Intersection,2,2,5,0,3,1,1,2,1,1,8,0,0,7.88,10.7235,76.25414,NH66_West_Coast,Maharashtra / Kerala
Mizoram,Unknown,2023,August,Sunday,1:47,Minor,1,Two-Wheeler,2,3,Clear,Village Road,Damaged,Dark,Police Checkpost,44,59,Female,Valid,No,Bridge,1,1,8,6,3,0,0,0,0,1,2,0,0,3.94,9.49282,77.26249,NH66_West_Coast,Maharashtra / Kerala
Rajasthan,Jaipur,2022,April,Sunday,19:34,Minor,3,Truck,6,5,Clear,State Highway,Dry,Dark,Signs,42,39,Female,Expired,No,Curve,1,19,4,6,1,0,1,0,0,3,6,0,0,6.97,25.85257,90.23445,NH52_Barasat_Guwahati,West Bengal / Assam
Madhya Pradesh,Unknown,2020,September,Tuesday,4:59,Fatal,2,Cycle,9,5,Clear,Urban Road,Wet,Dawn,,54,56,Male,,No,Intersection,3,4,9,1,2,0,3,1,0,2,9,0,0,9.09,32.92443,75.1241,NH44_North,Jammu & Kashmir
West Bengal,Kolkata,2021,November,Saturday,3:4,Minor,2,Two-Wheeler,3,5,Stormy,National Highway,Dry,Dawn,Signals,103,70,Female,Expired,No,Curve,1,3,11,5,0,4,1,1,0,2,3,0,0,6.06,13.41079,77.38999,NH7_Varanasi_Kanyakumari,MP / Karnataka / TN
Jharkhand,Unknown,2019,December,Thursday,12:53,Serious,1,Pedestrian,0,3,Clear,State Highway,Under Construction,Daylight,Signs,92,53,Female,Valid,Yes,Bridge,2,12,12,3,1,0,2,2,1,1,0,0,0,4.55,17.41805,78.4383,NH9_Pune_Hyderabad,Maharashtra / Telangana
Himachal Pradesh,Unknown,2023,March,Wednesday,11:58,Fatal,4,Car,3,1,Hazy,State Highway,Under Construction,Dark,Police Checkpost,41,46,Female,Expired,Yes,Straight Road,3,11,3,2,1,2,2,0,1,4,3,0,0,4.24,17.39611,78.44532,NH9_Pune_Hyderabad,Maharashtra / Telangana
Himachal Pradesh,Unknown,2023,July,Tuesday,22:15,Minor,3,Two-Wheeler,1,5,Rainy,Village Road,Wet,Daylight,,62,33,Female,,No,Intersection,1,22,7,1,3,3,3,2,0,3,1,0,0,5.45,17.07858,78.36128,NH44_Hyderabad_Bangalore,Karnataka
Chhattisgarh,Unknown,2021,May,Friday,18:36,Minor,4,Truck,4,3,Foggy,Urban Road,Damaged,Dawn,Signs,32,24,Female,Expired,No,Curve,1,18,5,4,2,1,0,1,0,4,4,0,0,4.55,13.43427,77.51111,NH7_Varanasi_Kanyakumari,MP / Karnataka / TN
Meghalaya,Unknown,2019,May,Saturday,1:23,Minor,3,Bus,2,1,Foggy,Village Road,Damaged,Dusk,Signs,36,49,Female,Valid,No,Curve,1,1,5,5,3,1,0,3,0,3,2,0,0,2.12,13.65669,77.52505,NH44_Hyderabad_Bangalore,Karnataka
Nagaland,Unknown,2023,November,Monday,4:51,Serious,1,Bus,2,5,Hazy,Village Road,Damaged,Dawn,Signals,113,69,Female,,Yes,Straight Road,2,4,11,0,3,2,0,1,1,1,2,0,0,6.97,32.5397,74.93332,NH44_North,Jammu & Kashmir
Tripura,Unknown,2020,July,Saturday,11:42,Serious,2,Cycle,6,4,Hazy,Village Road,Wet,Dawn,Signals,77,41,Male,Valid,No,Bridge,2,11,7,5,3,2,3,1,0,2,6,0,0,6.67,25.912,75.05493,NH48_Delhi_Mumbai,Rajasthan / Gujarat
Jharkhand,Unknown,2020,December,Friday,6:44,Minor,4,Truck,3,0,Hazy,National Highway,Damaged,Dark,,100,44,Female,Valid,Yes,Curve,1,6,12,4,0,2,0,0,1,4,3,0,0,2.12,23.48394,83.87121,NH30_Patna_Visakhapatnam,Chhattisgarh
Jharkhand,Unknown,2022,March,Friday,8:3,Minor,3,Truck,9,2,Clear,State Highway,Wet,Daylight,Police Checkpost,89,25,Female,Valid,No,Bridge,1,8,3,4,1,0,3,2,0,3,9,0,0,5.15,23.0178,72.57367,NH27_East_West,Rajasthan / MP / UP
Karnataka,Bangalore,2021,March,Tuesday,2:12,Serious,1,Two-Wheeler,9,2,Hazy,Village Road,Wet,Dusk,Police Checkpost,99,51,Female,Valid,No,Bridge,2,2,3,1,3,2,3,3,0,1,9,0,0,5.76,24.93407,84.88117,NH30_Patna_Visakhapatnam,Chhattisgarh
Goa,Unknown,2021,April,Monday,14:44,Fatal,5,Car,4,0,Stormy,Village Road,Wet,Dark,Signs,35,29,Male,Valid,No,Curve,3,14,4,0,3,4,3,0,0,5,4,0,0,3.03,8.19619,77.18474,NH66_West_Coast,Maharashtra / Kerala
Madhya Pradesh,Unknown,2022,January,Thursday,22:11,Minor,5,Bus,5,5,Foggy,Urban Road,Damaged,Dark,Signals,65,24,Male,,No,Curve,1,22,1,3,2,1,0,0,0,5,5,0,0,6.67,16.17583,74.49001,NH48_Mumbai_Bangalore,Maharashtra / Karnataka
Maharashtra,Pune,2018,March,Sunday,13:26,Serious,5,Two-Wheeler,0,4,Rainy,Urban Road,Damaged,Dark,Police Checkpost,87,20,Female,Valid,Yes,Straight Road,2,13,3,6,2,3,0,0,1,5,0,0,0,5.45,17.44609,78.53003,NH9_Pune_Hyderabad,Maharashtra / Telangana
Puducherry,Unknown,2022,August,Saturday,14:36,Minor,3,Auto-Rickshaw,8,5,Stormy,Village Road,Damaged,Dark,Signals,82,58,Female,Valid,No,Curve,1,14,8,5,3,4,0,0,0,3,8,0,0,7.58,17.41261,73.42438,NH48_Mumbai_Bangalore,Maharashtra / Karnataka
Punjab,Unknown,2020,March,Sunday,6:11,Minor,5,Auto-Rickshaw,0,5,Rainy,National Highway,Wet,Dawn,Police Checkpost,40,37,Male,,Yes,Intersection,1,6,3,6,0,3,3,1,1,5,0,0,0,5.76,19.88696,78.73129,NH44_Nagpur_Hyderabad,Telangana
Gujarat,Vadodara,2022,January,Monday,11:22,Serious,5,Auto-Rickshaw,7,2,Hazy,Village Road,Dry,Dusk,,54,22,Female,Valid,No,Bridge,2,11,1,0,3,2,1,3,0,5,7,0,0,5.15,18.49972,73.88466,NH9_Pune_Hyderabad,Maharashtra / Telangana
Kerala,Unknown,2020,December,Thursday,14:51,Fatal,4,Bus,1,5,Clear,Village Road,Wet,Dark,,104,20,Female,Valid,Yes,Curve,3,14,12,3,3,0,3,0,1,4,1,0,0,7.27,10.72137,76.25053,NH66_West_Coast,Maharashtra / Kerala
Chandigarh,Unknown,2018,March,Saturday,5:27,Fatal,1,Bus,10,1,Stormy,Urban Road,Wet,Dawn,Police Checkpost,31,30,Female,Valid,No,Intersection,3,5,3,5,2,4,3,1,0,1,10,0,0,5.76,27.37378,77.69498,NH44_Delhi_Agra,Uttar Pradesh
Manipur,Unknown,2019,August,Wednesday,22:24,Fatal,4,Auto-Rickshaw,6,5,Stormy,National Highway,Damaged,Dusk,Police Checkpost,50,47,Male,Expired,Yes,Straight Road,3,22,8,2,0,4,0,3,1,4,6,0,0,8.79,21.823,79.15416,NH44_Agra_Nagpur,Madhya Pradesh
Karnataka,Mysore,2022,October,Thursday,22:34,Fatal,2,Cycle,0,1,Clear,Urban Road,Under Construction,Dawn,Police Checkpost,119,32,Male,Expired,No,Straight Road,3,22,10,3,2,0,2,1,0,2,0,0,0,2.73,20.09536,73.42363,NH48_Delhi_Mumbai,Rajasthan / Gujarat
Rajasthan,Jodhpur,2021,April,Wednesday,22:10,Fatal,1,Bus,9,4,Rainy,National Highway,Dry,Daylight,Police Checkpost,69,58,Female,Valid,Yes,Straight Road,3,22,4,2,0,3,1,2,1,1,9,0,0,8.79,24.89246,77.3014,NH27_East_West,Rajasthan / MP / UP
Odisha,Unknown,2022,March,Thursday,3:40,Fatal,3,Auto-Rickshaw,4,3,Hazy,State Highway,Dry,Dark,Signs,119,43,Male,Valid,Yes,Intersection,3,3,3,3,1,2,1,0,1,3,4,0,0,6.36,12.23155,79.21175,NH44_Bangalore_Chennai,Tamil Nadu
Madhya Pradesh,Unknown,2018,June,Thursday,16:15,Serious,2,Bus,10,4,Rainy,Urban Road,Wet,Dark,,95,28,Male,,No,Straight Road,2,16,6,3,2,3,3,0,0,2,10,0,0,7.88,22.96175,71.18747,NH27_East_West,Rajasthan / MP / UP
Jammu and Kashmir,Unknown,2020,April,Friday,16:3,Fatal,2,Cycle,7,0,Hazy,National Highway,Wet,Dawn,Police Checkpost,74,67,Male,Valid,No,Straight Road,3,16,4,4,0,2,3,1,0,2,7,0,0,3.94,16.09288,77.16739,NH44_Hyderabad_Bangalore,Karnataka
Nagaland,Unknown,2023,October,Monday,7:37,Fatal,5,Bus,9,1,Foggy,State Highway,Dry,Dark,,63,40,Female,Expired,Yes,Straight Road,3,7,10,0,1,1,1,0,1,5,9,0,0,6.06,18.47504,73.79835,NH48_Mumbai_Bangalore,Maharashtra / Karnataka
Maharashtra,Pune,2020,March,Thursday,8:1,Serious,1,Truck,6,3,Hazy,Village Road,Dry,Dark,Signs,44,27,Female,Valid,Yes,Intersection,2,8,3,3,3,2,1,0,1,1,6,0,0,6.36,16.6896,73.16687,NH48_Mumbai_Bangalore,Maharashtra / Karnataka
Jharkhand,Unknown,2023,February,Monday,20:29,Minor,1,Car,8,4,Hazy,National Highway,Under Construction,Dawn,Signals,84,68,Male,Expired,No,Bridge,1,20,2,0,0,2,2,1,0,1,8,0,0,6.67,17.67409,78.49913,NH44_Nagpur_Hyderabad,Telangana
Chandigarh,Unknown,2022,October,Monday,17:23,Minor,5,Auto-Rickshaw,5,4,Clear,Village Road,Wet,Dawn,Signs,43,45,Male,,Yes,Intersection,1,17,10,0,3,0,3,1,1,5,5,0,0,6.36,32.08602,77.16055,NH22_Shimla_Manali,Himachal Pradesh
Manipur,Unknown,2023,March,Friday,3:6,Minor,4,Auto-Rickshaw,1,0,Stormy,Urban Road,Under Construction,Daylight,Signs,66,69,Male,Expired,No,Curve,1,3,3,4,2,4,2,2,0,4,1,0,0,0.91,24.86687,89.83411,NH52_Barasat_Guwahati,West Bengal / Assam
Haryana,Unknown,2018,July,Monday,20:56,Minor,2,Pedestrian,9,5,Foggy,Urban Road,Wet,Daylight,Signs,75,48,Male,Expired,No,Bridge,1,20,7,0,2,1,3,2,0,2,9,0,0,7.88,27.17444,77.88052,NH44_Delhi_Agra,Uttar Pradesh
Jharkhand,Unknown,2022,September,Thursday,4:36,Serious,4,Auto-Rickshaw,2,2,Hazy,National Highway,Damaged,Dawn,Police Checkpost,44,65,Female,Expired,No,Curve,2,4,9,3,0,2,0,1,0,4,2,0,0,3.64,32.56487,74.9964,NH44_North,Jammu & Kashmir
Odisha,Unknown,2021,November,Sunday,20:21,Minor,4,Car,2,1,Rainy,National Highway,Under Construction,Dawn,,30,56,Male,Valid,Yes,Curve,1,20,11,6,0,3,2,1,1,4,2,0,0,2.73,27.20432,82.5141,NH27_East_West,Rajasthan / MP / UP
Maharashtra,Nagpur,2020,June,Thursday,2:49,Serious,2,Auto-Rickshaw,6,4,Foggy,State Highway,Wet,Dawn,Police Checkpost,118,18,Female,Valid,Yes,Intersection,2,2,6,3,1,1,3,1,1,2,6,0,0,7.27,32.47349,77.27317,NH22_Shimla_Manali,Himachal Pradesh
West Bengal,Kolkata,2023,December,Monday,14:41,Fatal,5,Truck,10,5,Foggy,Urban Road,Wet,Dusk,,35,21,Female,,No,Bridge,3,14,12,0,2,1,3,3,0,5,10,0,0,9.39,17.74266,83.34031,NH30_Patna_Visakhapatnam,Chhattisgarh
Andhra Pradesh,Vijayawada,2019,December,Thursday,1:12,Fatal,4,Two-Wheeler,0,0,Stormy,Village Road,Wet,Dusk,Signals,82,52,Female,Valid,Yes,Straight Road,3,1,12,3,3,4,3,3,1,4,0,0,0,2.42,25.29863,82.97623,NH19_Delhi_Kolkata,Uttar Pradesh / Bihar
Odisha,Unknown,2023,November,Sunday,4:42,Serious,5,Cycle,8,1,Clear,Village Road,Dry,Daylight,Police Checkpost,68,30,Female,Expired,No,Bridge,2,4,11,6,3,0,1,2,0,5,8,0,0,4.55,27.01743,78.08907,NH44_Delhi_Agra,Uttar Pradesh
Puducherry,Unknown,2022,March,Tuesday,4:27,Minor,4,Two-Wheeler,9,3,Foggy,National Highway,Wet,Daylight,Signals,61,24,Female,Valid,No,Intersection,1,4,3,1,0,1,3,2,0,4,9,0,0,6.06,28.0432,76.92275,NH48_Delhi_Mumbai,Rajasthan / Gujarat
Puducherry,Unknown,2019,August,Tuesday,5:15,Minor,2,Pedestrian,3,5,Foggy,Village Road,Damaged,Dark,,35,48,Female,,Yes,Curve,1,5,8,1,3,1,0,0,1,2,3,0,0,6.67,24.92193,77.22162,NH27_East_West,Rajasthan / MP / UP
Puducherry,Unknown,2018,January,Thursday,10:32,Fatal,2,Auto-Rickshaw,4,3,Foggy,National Highway,Dry,Daylight,Police Checkpost,86,47,Male,,No,Intersection,3,10,1,3,0,1,1,2,0,2,4,0,0,5.76,25.73659,79.44458,NH27_East_West,Rajasthan / MP / UP
Delhi,New Delhi,2019,July,Thursday,0:1,Minor,1,Auto-Rickshaw,6,4,Clear,Village Road,Under Construction,Dawn,,108,37,Male,Valid,Yes,Bridge,1,0,7,3,3,0,2,1,1,1,6,0,0,6.67,12.87007,79.87864,NH44_Bangalore_Chennai,Tamil Nadu
Haryana,Unknown,2022,February,Saturday,7:44,Fatal,4,Car,3,1,Hazy,Urban Road,Under Construction,Daylight,Police Checkpost,39,54,Female,Expired,No,Intersection,3,7,2,5,2,2,2,2,0,4,3,0,0,3.64,21.75259,79.07842,NH44_Agra_Nagpur,Madhya Pradesh
Meghalaya,Unknown,2018,August,Friday,19:11,Fatal,3,Cycle,7,4,Rainy,Village Road,Dry,Dawn,Signals,75,46,Male,Expired,Yes,Intersection,3,19,8,4,3,3,1,1,1,3,7,0,0,8.18,31.48255,77.22971,NH22_Shimla_Manali,Himachal Pradesh
Uttarakhand,Unknown,2023,March,Saturday,16:36,Serious,3,Auto-Rickshaw,10,0,Hazy,National Highway,Under Construction,Dawn,Signs,62,24,Female,,Yes,Straight Road,2,16,3,5,0,2,2,1,1,3,10,0,0,4.85,28.2591,77.87187,NH19_Delhi_Kolkata,Uttar Pradesh / Bihar
Uttarakhand,Unknown,2022,July,Sunday,21:3,Fatal,2,Auto-Rickshaw,10,1,Rainy,State Highway,Wet,Dark,Signs,35,46,Male,Valid,No,Curve,3,21,7,6,1,3,3,0,0,2,10,0,0,5.76,25.93075,74.96363,NH48_Delhi_Mumbai,Rajasthan / Gujarat
Nagaland,Unknown,2020,May,Tuesday,13:37,Minor,1,Auto-Rickshaw,8,5,Rainy,Village Road,Wet,Dark,Signs,62,60,Female,Expired,Yes,Straight Road,1,13,5,1,3,3,3,0,1,1,8,0,0,8.18,24.51788,78.9762,NH44_Agra_Nagpur,Madhya Pradesh
Uttarakhand,Unknown,2023,December,Sunday,13:2,Minor,2,Two-Wheeler,9,2,Stormy,Urban Road,Under Construction,Daylight,Signs,87,40,Female,Expired,No,Straight Road,1,13,12,6,2,4,2,2,0,2,9,0,0,5.15,23.90617,79.0556,NH44_Agra_Nagpur,Madhya Pradesh
Madhya Pradesh,Unknown,2022,June,Sunday,17:0,Serious,2,Auto-Rickshaw,8,0,Stormy,Village Road,Under Construction,Dark,Signals,79,54,Male,Valid,Yes,Curve,2,17,6,6,3,4,2,0,1,2,8,0,0,4.24,17.2941,76.26444,NH9_Pune_Hyderabad,Maharashtra / Telangana
Jharkhand,Unknown,2023,January,Monday,2:22,Minor,5,Pedestrian,0,0,Foggy,National Highway,Dry,Daylight,,75,67,Male,,No,Bridge,1,2,1,0,0,1,1,2,0,5,0,0,0,0.61,8.23698,77.18809,NH66_West_Coast,Maharashtra / Kerala
Chandigarh,Unknown,2018,January,Monday,21:32,Minor,5,Cycle,10,0,Hazy,Urban Road,Wet,Daylight,Police Checkpost,59,20,Male,,Yes,Bridge,1,21,1,0,2,2,3,2,1,5,10,0,0,4.24,12.13168,79.01821,NH44_Bangalore_Chennai,Tamil Nadu
Nagaland,Unknown,2019,July,Thursday,19:33,Fatal,4,Cycle,1,0,Rainy,State Highway,Wet,Dusk,,102,40,Male,Expired,No,Curve,3,19,7,3,1,3,3,3,0,4,1,0,0,2.12,14.98393,75.23473,NH48_Mumbai_Bangalore,Maharashtra / Karnataka
Maharashtra,Mumbai,2018,July,Sunday,12:3,Fatal,4,Car,10,1,Foggy,State Highway,Dry,Dark,Signals,33,37,Male,Valid,Yes,Straight Road,3,12,7,6,1,1,1,0,1,4,10,0,0,6.36,31.51072,77.30071,NH22_Shimla_Manali,Himachal Pradesh
Kerala,Unknown,2023,October,Monday,0:52,Minor,1,Two-Wheeler,1,1,Rainy,Village Road,Damaged,Daylight,,51,32,Male,Valid,No,Curve,1,0,10,0,3,3,0,2,0,1,1,0,0,1.82,19.24928,84.81775,NH16_Kolkata_Chennai,Odisha / Andhra Pradesh
Andhra Pradesh,Vijayawada,2023,August,Tuesday,6:44,Serious,4,Car,2,4,Hazy,National Highway,Damaged,Dusk,Police Checkpost,92,49,Male,Valid,Yes,Straight Road,2,6,8,1,0,2,0,3,1,4,2,0,0,6.06,13.00751,77.6551,NH44_Hyderabad_Bangalore,Karnataka
Puducherry,Unknown,2018,November,Friday,14:4,Minor,5,Bus,6,0,Stormy,National Highway,Wet,Dark,Signals,44,70,Male,Valid,No,Curve,1,14,11,4,0,4,3,0,0,5,6,0,0,2.42,18.14134,78.45222,NH44_Nagpur_Hyderabad,Telangana
West Bengal,Kolkata,2018,September,Wednesday,8:46,Minor,5,Two-Wheeler,1,5,Foggy,Village Road,Dry,Daylight,Signs,64,56,Female,,No,Intersection,1,8,9,2,3,1,1,2,0,5,1,0,0,5.45,21.41312,87.20065,NH16_Kolkata_Chennai,Odisha / Andhra Pradesh
Delhi,Rohini,2021,October,Sunday,13:55,Fatal,3,Truck,2,5,Rainy,Village Road,Dry,Dawn,Signs,117,58,Female,Valid,No,Straight Road,3,13,10,6,3,3,1,1,0,3,2,0,0,6.97,23.46848,73.25467,NH27_East_West,Rajasthan / MP / UP
Chhattisgarh,Unknown,2018,June,Saturday,10:23,Serious,5,Truck,3,1,Rainy,State Highway,Dry,Dusk,Signs,69,65,Male,Valid,Yes,Bridge,2,10,6,5,1,3,1,3,1,5,3,0,0,3.64,22.99829,87.02523,NH19_Delhi_Kolkata,Uttar Pradesh / Bihar
Andhra Pradesh,Tirupati,2019,July,Saturday,15:47,Minor,2,Auto-Rickshaw,3,0,Hazy,National Highway,Dry,Dusk,Signals,117,47,Female,,No,Straight Road,1,15,7,5,0,2,1,3,0,2,3,0,0,1.52,12.76637,77.65909,NH44_Bangalore_Chennai,Tamil Nadu
West Bengal,Kolkata,2019,July,Monday,0:58,Serious,1,Car,0,1,Rainy,Village Road,Wet,Dawn,Signs,55,23,Male,,Yes,Straight Road,2,0,7,0,3,3,3,1,1,1,0,0,0,2.73,15.90767,77.12439,NH44_Hyderabad_Bangalore,Karnataka
Manipur,Unknown,2022,November,Saturday,16:27,Fatal,3,Cycle,1,3,Clear,National Highway,Under Construction,Daylight,Signals,105,50,Male,Valid,No,Curve,3,16,11,5,0,0,2,2,0,3,1,0,0,4.85,23.87789,79.17047,NH44_Agra_Nagpur,Madhya Pradesh
Manipur,Unknown,2022,January,Saturday,11:23,Minor,4,Two-Wheeler,10,0,Clear,National Highway,Dry,Daylight,Signs,60,25,Male,Valid,No,Intersection,1,11,1,5,0,0,1,2,0,4,10,0,0,3.64,21.84141,80.16967,NH7_Varanasi_Kanyakumari,MP / Karnataka / TN
Odisha,Unknown,2023,January,Friday,6:9,Minor,3,Two-Wheeler,9,0,Foggy,Urban Road,Dry,Dawn,Police Checkpost,36,54,Female,Expired,Yes,Curve,1,6,1,4,2,1,1,1,1,3,9,0,0,3.94,24.51765,73.6993,NH48_Delhi_Mumbai,Rajasthan / Gujarat
West Bengal,Durgapur,2022,November,Friday,11:33,Serious,3,Cycle,3,2,Foggy,State Highway,Wet,Dawn,,42,27,Male,,Yes,Curve,2,11,11,4,1,1,3,1,1,3,3,0,0,4.55,23.41583,86.09095,NH19_Delhi_Kolkata,Uttar Pradesh / Bihar
Himachal Pradesh,Unknown,2020,December,Monday,19:26,Minor,1,Auto-Rickshaw,4,3,Rainy,Urban Road,Under Construction,Dusk,Signs,47,69,Female,Expired,Yes,Straight Road,1,19,12,0,2,3,2,3,1,1,4,0,0,5.15,12.86388,77.73767,NH44_Bangalore_Chennai,Tamil Nadu
Chhattisgarh,Unknown,2023,June,Sunday,0:40,Minor,2,Two-Wheeler,0,0,Stormy,Village Road,Wet,Dark,,48,18,Male,Expired,Yes,Straight Road,1,0,6,6,3,4,3,0,1,2,0,0,0,1.21,27.81895,77.44171,NH44_Delhi_Agra,Uttar Pradesh
Sikkim,Unknown,2018,May,Tuesday,0:17,Minor,3,Pedestrian,2,4,Foggy,National Highway,Wet,Daylight,Police Checkpost,76,65,Male,,Yes,Intersection,1,0,5,1,0,1,3,2,1,3,2,0,0,5.45,12.4121,78.06541,NH44_Bangalore_Chennai,Tamil Nadu
Nagaland,Unknown,2018,December,Wednesday,23:46,Fatal,4,Cycle,9,5,Clear,State Highway,Damaged,Dawn,Police Checkpost,104,63,Male,Valid,No,Intersection,3,23,12,2,1,0,0,1,0,4,9,0,0,9.09,18.2458,74.1708,NH9_Pune_Hyderabad,Maharashtra / Telangana
Chhattisgarh,Unknown,2023,April,Friday,9:59,Serious,2,Truck,0,0,Rainy,National Highway,Dry,Dark,,96,63,Female,Valid,No,Bridge,2,9,4,4,0,3,1,0,0,2,0,0,0,1.21,25.86626,90.22133,NH52_Barasat_Guwahati,West Bengal / Assam
Jammu and Kashmir,Unknown,2018,March,Thursday,7:49,Fatal,1,Truck,1,3,Hazy,State Highway,Dry,Dusk,Police Checkpost,37,21,Male,,No,Curve,3,7,3,3,1,2,1,3,0,1,1,0,0,4.85,20.15784,73.47941,NH48_Delhi_Mumbai,Rajasthan / Gujarat
Jammu and Kashmir,Unknown,2021,September,Friday,10:20,Serious,2,Bus,9,3,Stormy,National Highway,Wet,Dark,Signs,84,67,Female,Expired,No,Bridge,2,10,9,4,0,4,3,0,0,2,9,0,0,6.67,17.3749,78.43081,NH7_Varanasi_Kanyakumari,MP / Karnataka / TN
Karnataka,Mangalore,2022,May,Thursday,12:25,Minor,5,Cycle,10,4,Stormy,Urban Road,Dry,Dark,Police Checkpost,33,56,Female,Valid,No,Intersection,1,12,5,3,2,4,1,0,0,5,10,0,0,7.27,16.06131,74.47806,NH48_Mumbai_Bangalore,Maharashtra / Karnataka
Uttar Pradesh,Varanasi,2019,September,Sunday,16:27,Fatal,1,Two-Wheeler,10,0,Rainy,State Highway,Wet,Dusk,Signals,69,63,Female,Valid,No,Curve,3,16,9,6,1,3,3,3,0,1,10,0,0,4.85,17.40981,78.48477,NH9_Pune_Hyderabad,Maharashtra / Telangana
Puducherry,Unknown,2019,August,Tuesday,7:39,Fatal,3,Two-Wheeler,3,4,Stormy,Village Road,Wet,Dark,Police Checkpost,38,37,Male,,Yes,Straight Road,3,7,8,1,3,4,3,0,1,3,3,0,0,6.97,22.99319,80.40761,NH7_Varanasi_Kanyakumari,MP / Karnataka / TN
Sikkim,Unknown,2021,December,Friday,8:34,Minor,3,Pedestrian,2,1,Hazy,State Highway,Damaged,Dark,,90,66,Male,,Yes,Bridge,1,8,12,4,1,2,0,0,1,3,2,0,0,2.73,17.71157,78.61189,NH44_Nagpur_Hyderabad,Telangana
Uttarakhand,Unknown,2022,November,Tuesday,4:26,Minor,3,Car,2,3,Clear,Urban Road,Under Construction,Dawn,Signs,105,55,Male,Valid,Yes,Bridge,1,4,11,1,2,0,2,1,1,3,2,0,0,4.55,23.39687,79.37488,NH44_Agra_Nagpur,Madhya Pradesh
Madhya Pradesh,Unknown,2019,August,Saturday,19:32,Minor,4,Bus,5,0,Clear,State Highway,Wet,Dawn,Signals,100,66,Female,,No,Intersection,1,19,8,5,1,0,3,1,0,4,5,0,0,2.12,33.484,75.14016,NH44_North,Jammu & Kashmir
Mizoram,Unknown,2021,March,Thursday,9:7,Serious,4,Bus,5,4,Clear,Village Road,Damaged,Daylight,Signals,89,33,Female,Valid,No,Intersection,2,9,3,3,3,0,0,2,0,4,5,0,0,6.36,12.62338,77.93948,NH44_Bangalore_Chennai,Tamil Nadu
Jharkhand,Unknown,2019,March,Wednesday,6:55,Minor,5,Bus,6,3,Rainy,State Highway,Damaged,Daylight,,72,70,Female,Valid,Yes,Straight Road,1,6,3,2,1,3,0,2,1,5,6,0,0,5.76,27.07364,78.11279,NH44_Delhi_Agra,Uttar Pradesh
Gujarat,Surat,2020,June,Sunday,6:31,Minor,4,Pedestrian,2,0,Foggy,National Highway,Damaged,Daylight,Signals,114,45,Female,,No,Straight Road,1,6,6,6,0,1,0,2,0,4,2,0,0,1.21,23.48478,73.19071,NH27_East_West,Rajasthan / MP / UP
Odisha,Unknown,2020,July,Monday,17:16,Minor,4,Cycle,1,5,Hazy,Village Road,Under Construction,Dark,,98,62,Male,Valid,Yes,Straight Road,1,17,7,0,3,2,2,0,1,4,1,0,0,6.06,21.60753,69.59815,NH27_East_West,Rajasthan / MP / UP
Kerala,Unknown,2021,October,Saturday,2:44,Serious,5,Auto-Rickshaw,9,4,Clear,Urban Road,Dry,Daylight,Signs,32,27,Male,Expired,Yes,Bridge,2,2,10,5,2,0,1,2,1,5,9,0,0,8.18,21.39435,82.49974,NH30_Patna_Visakhapatnam,Chhattisgarh
Uttarakhand,Unknown,2018,September,Wednesday,8:30,Fatal,2,Cycle,2,2,Rainy,Village Road,Wet,Daylight,Signals,50,28,Female,,Yes,Curve,3,8,9,2,3,3,3,2,1,2,2,0,0,4.85,12.17515,78.48569,NH44_Bangalore_Chennai,Tamil Nadu
Andhra Pradesh,Vijayawada,2020,June,Monday,6:29,Minor,2,Truck,9,4,Foggy,Village Road,Under Construction,Dark,Signs,45,69,Male,Valid,No,Curve,1,6,6,0,3,1,2,0,0,2,9,0,0,6.97,25.90316,90.1873,NH52_Barasat_Guwahati,West Bengal / Assam
Meghalaya,Unknown,2018,July,Friday,22:27,Fatal,5,Two-Wheeler,8,0,Clear,Village Road,Under Construction,Dusk,,99,46,Male,Valid,No,Straight Road,3,22,7,4,3,0,2,3,0,5,8,0,0,4.24,24.94576,84.91527,NH30_Patna_Visakhapatnam,Chhattisgarh
Uttar Pradesh,Varanasi,2019,October,Tuesday,19:45,Minor,3,Auto-Rickshaw,6,3,Stormy,National Highway,Wet,Dusk,Signals,70,69,Female,Expired,Yes,Bridge,1,19,10,1,0,4,3,3,1,3,6,0,0,5.76,14.90953,76.60859,NH44_Hyderabad_Bangalore,Karnataka
Gujarat,Vadodara,2023,September,Thursday,14:25,Fatal,2,Auto-Rickshaw,4,5,Rainy,National Highway,Wet,Dark,Police Checkpost,35,52,Female,,No,Curve,3,14,9,3,0,3,3,0,0,2,4,0,0,7.58,26.90171,80.92485,NH19_Delhi_Kolkata,Uttar Pradesh / Bihar
Chhattisgarh,Unknown,2022,July,Saturday,18:8,Fatal,1,Auto-Rickshaw,9,1,Foggy,Urban Road,Under Construction,Daylight,Police Checkpost,83,33,Female,Expired,No,Intersection,3,18,7,5,2,1,2,2,0,1,9,0,0,5.45,23.58512,85.23289,NH19_Delhi_Kolkata,Uttar Pradesh / Bihar
West Bengal,Durgapur,2022,May,Saturday,13:9,Minor,3,Pedestrian,9,1,Clear,State Highway,Under Construction,Dark,Signs,89,61,Female,Valid,No,Curve,1,13,5,5,1,0,2,0,0,3,9,0,0,4.24,21.66849,69.55396,NH27_East_West,Rajasthan / MP / UP
Meghalaya,Unknown,2020,October,Sunday,2:4,Serious,4,Auto-Rickshaw,6,3,Stormy,Urban Road,Dry,Dark,Signals,30,61,Female,,Yes,Bridge,2,2,10,6,2,4,1,0,1,4,6,0,0,6.36,29.62843,78.25117,NH58_Delhi_Badrinath,Uttarakhand
Uttar Pradesh,Lucknow,2021,October,Friday,23:38,Serious,2,Truck,4,1,Clear,State Highway,Dry,Dawn,Signals,89,50,Male,,Yes,Intersection,2,23,10,4,1,0,1,1,1,2,4,0,0,3.94,14.93105,75.25273,NH48_Mumbai_Bangalore,Maharashtra / Karnataka
Odisha,Unknown,2019,June,Tuesday,13:14,Fatal,4,Car,3,4,Rainy,State Highway,Under Construction,Dark,Police Checkpost,113,31,Female,Expired,No,Straight Road,3,13,6,1,1,3,2,0,0,4,3,0,0,6.36,17.94007,74.92748,NH9_Pune_Hyderabad,Maharashtra / Telangana
Uttarakhand,Unknown,2022,April,Saturday,13:2,Fatal,3,Cycle,4,2,Foggy,National Highway,Wet,Daylight,Signs,66,32,Female,Expired,No,Straight Road,3,13,4,5,0,1,3,2,0,3,4,0,0,4.85,32.90873,75.11246,NH44_North,Jammu & Kashmir
Tamil Nadu,Coimbatore,2018,September,Friday,22:57,Minor,4,Cycle,3,4,Hazy,Urban Road,Damaged,Dawn,,105,27,Female,Valid,Yes,Intersection,1,22,9,4,2,2,0,1,1,4,3,0,0,5.76,12.0481,79.04363,NH44_Bangalore_Chennai,Tamil Nadu
Gujarat,Ahmedabad,2023,July,Saturday,0:44,Serious,2,Pedestrian,6,5,Stormy,Village Road,Under Construction,Dark,,77,53,Male,,Yes,Intersection,2,0,7,5,3,4,2,0,1,2,6,0,0,8.18,23.05665,86.98609,NH19_Delhi_Kolkata,Uttar Pradesh / Bihar
Gujarat,Vadodara,2021,May,Tuesday,13:27,Minor,2,Truck,8,4,Rainy,Urban Road,Under Construction,Dusk,,92,45,Female,,Yes,Bridge,1,13,5,1,2,3,2,3,1,2,8,0,0,7.27,24.62996,79.02576,NH44_Agra_Nagpur,Madhya Pradesh
Mizoram,Unknown,2023,October,Thursday,22:23,Minor,2,Pedestrian,8,2,Clear,State Highway,Dry,Dawn,,94,38,Male,,Yes,Intersection,1,22,10,3,1,0,1,1,1,2,8,0,0,5.45,18.19959,80.92669,NH30_Patna_Visakhapatnam,Chhattisgarh
Tamil Nadu,Madurai,2023,February,Friday,23:59,Minor,5,Two-Wheeler,2,0,Stormy,Urban Road,Wet,Dusk,,112,41,Male,Valid,No,Bridge,1,23,2,4,2,4,3,3,0,5,2,0,0,1.21,17.92153,74.82598,NH9_Pune_Hyderabad,Maharashtra / Telangana
Mizoram,Unknown,2020,August,Saturday,8:35,Fatal,3,Cycle,5,2,Foggy,National Highway,Under Construction,Dark,Police Checkpost,70,19,Male,Expired,Yes,Curve,3,8,8,5,0,1,2,0,1,3,5,0,0,5.76,12.62109,79.46184,NH44_Bangalore_Chennai,Tamil Nadu
Karnataka,Mangalore,2018,March,Friday,13:23,Serious,5,Car,3,0,Hazy,State Highway,Damaged,Dark,Signals,81,51,Female,,No,Straight Road,2,13,3,4,1,2,0,0,0,5,3,0,0,2.12,15.04986,75.28265,NH48_Mumbai_Bangalore,Maharashtra / Karnataka
West Bengal,Durgapur,2023,May,Tuesday,6:17,Minor,5,Car,1,1,Hazy,State Highway,Damaged,Dawn,,70,60,Male,Expired,Yes,Intersection,1,6,5,1,1,2,0,1,1,5,1,0,0,2.42,13.10368,80.27037,NH44_Bangalore_Chennai,Tamil Nadu
Karnataka,Mangalore,2023,November,Monday,15:55,Minor,4,Auto-Rickshaw,4,0,Hazy,State Highway,Damaged,Dark,Signs,62,48,Male,,No,Curve,1,15,11,0,1,2,0,0,0,4,4,0,0,1.82,28.67969,77.22422,NH19_Delhi_Kolkata,Uttar Pradesh / Bihar
Chhattisgarh,Unknown,2021,June,Tuesday,7:49,Serious,1,Auto-Rickshaw,10,0,Rainy,State Highway,Damaged,Dusk,Signals,35,70,Female,,Yes,Curve,2,7,6,1,1,3,0,3,1,1,10,0,0,4.85,20.18922,73.40744,NH48_Delhi_Mumbai,Rajasthan / Gujarat
West Bengal,Durgapur,2023,December,Monday,16:26,Minor,1,Pedestrian,1,1,Rainy,Village Road,Under Construction,Dark,Police Checkpost,106,19,Female,Valid,No,Bridge,1,16,12,0,3,3,2,0,0,1,1,0,0,1.82,14.81188,76.49775,NH44_Hyderabad_Bangalore,Karnataka
Puducherry,Unknown,2022,May,Thursday,1:19,Fatal,4,Car,4,2,Rainy,Village Road,Under Construction,Daylight,Police Checkpost,100,26,Female,Expired,No,Straight Road,3,1,5,3,3,3,2,2,0,4,4,0,0,4.85,32.29705,77.06314,NH22_Shimla_Manali,Himachal Pradesh
Uttar Pradesh,Lucknow,2019,March,Wednesday,9:53,Serious,5,Car,6,4,Hazy,State Highway,Under Construction,Dusk,,64,36,Male,,Yes,Straight Road,2,9,3,2,1,2,2,3,1,5,6,0,0,7.27,15.92159,77.15069,NH44_Hyderabad_Bangalore,Karnataka
Uttar Pradesh,Lucknow,2023,October,Monday,11:18,Minor,3,Auto-Rickshaw,4,1,Foggy,Urban Road,Damaged,Dark,Police Checkpost,32,46,Male,,No,Curve,1,11,10,0,2,1,0,0,0,3,4,0,0,2.73,27.19999,77.95008,NH44_Delhi_Agra,Uttar Pradesh
Karnataka,Mysore,2018,July,Tuesday,2:11,Minor,4,Pedestrian,8,3,Rainy,Urban Road,Wet,Dusk,Police Checkpost,47,48,Female,Expired,Yes,Curve,1,2,7,1,2,3,3,3,1,4,8,0,0,6.36,16.13714,77.20983,NH44_Hyderabad_Bangalore,Karnataka
Nagaland,Unknown,2020,June,Monday,9:50,Minor,2,Pedestrian,7,1,Stormy,Village Road,Dry,Daylight,Police Checkpost,117,70,Male,,No,Bridge,1,9,6,0,3,4,1,2,0,2,7,0,0,3.64,22.21246,83.02154,NH30_Patna_Visakhapatnam,Chhattisgarh
Haryana,Unknown,2021,April,Saturday,23:6,Serious,3,Cycle,8,0,Rainy,National Highway,Dry,Dusk,Signals,79,52,Female,Valid,No,Curve,2,23,4,5,0,3,1,3,0,3,8,0,0,3.64,29.70128,78.18539,NH58_Delhi_Badrinath,Uttarakhand
Goa,Unknown,2021,May,Thursday,0:14,Minor,1,Two-Wheeler,8,2,Stormy,National Highway,Damaged,Dawn,Signals,51,69,Male,Valid,Yes,Straight Road,1,0,5,3,0,4,0,1,1,1,8,0,0,5.45,28.53785,77.2766,NH44_Delhi_Agra,Uttar Pradesh
Uttar Pradesh,Lucknow,2020,June,Friday,21:11,Serious,2,Cycle,4,0,Clear,State Highway,Damaged,Daylight,,51,39,Male,Expired,No,Bridge,2,21,6,4,1,0,0,2,0,2,4,0,0,2.42,14.9572,75.2341,NH48_Mumbai_Bangalore,Maharashtra / Karnataka
Tamil Nadu,Chennai,2019,October,Wednesday,2:33,Fatal,2,Two-Wheeler,1,5,Rainy,Village Road,Wet,Daylight,Signs,36,54,Female,,Yes,Bridge,3,2,10,2,3,3,3,2,1,2,1,0,0,7.27,25.38019,83.06735,NH19_Delhi_Kolkata,Uttar Pradesh / Bihar
Delhi,New Delhi,2020,December,Thursday,18:12,Minor,2,Auto-Rickshaw,0,5,Hazy,State Highway,Dry,Dark,Signs,65,35,Male,,Yes,Intersection,1,18,12,3,1,2,1,0,1,2,0,0,0,5.76,16.1892,74.42333,NH48_Mumbai_Bangalore,Maharashtra / Karnataka
Tamil Nadu,Madurai,2020,June,Thursday,3:45,Fatal,1,Bus,4,0,Stormy,National Highway,Under Construction,Dark,Signs,107,20,Female,Expired,Yes,Intersection,3,3,6,3,0,4,2,0,1,1,4,0,0,3.64,13.64989,79.48531,NH16_Kolkata_Chennai,Odisha / Andhra Pradesh
Odisha,Unknown,2020,February,Tuesday,14:5,Fatal,4,Cycle,0,4,Clear,State Highway,Under Construction,Dawn,Police Checkpost,93,33,Female,Valid,Yes,Intersection,3,14,2,1,1,0,2,1,1,4,0,0,0,6.06,27.44405,77.79735,NH44_Delhi_Agra,Uttar Pradesh
Gujarat,Ahmedabad,2020,June,Thursday,1:38,Fatal,5,Pedestrian,2,5,Foggy,Urban Road,Dry,Dusk,,94,70,Male,,Yes,Bridge,3,1,6,3,2,1,1,3,1,5,2,0,0,7.58,28.58982,77.17956,NH58_Delhi_Badrinath,Uttarakhand
Meghalaya,Unknown,2020,July,Thursday,23:7,Fatal,5,Bus,10,5,Stormy,State Highway,Dry,Daylight,Police Checkpost,115,38,Male,Expired,Yes,Intersection,3,23,7,3,1,4,1,2,1,5,10,0,0,10.0,14.85784,76.47583,NH44_Hyderabad_Bangalore,Karnataka
Tripura,Unknown,2019,March,Saturday,4:10,Minor,2,Two-Wheeler,3,5,Hazy,National Highway,Dry,Daylight,Police Checkpost,50,59,Female,,Yes,Bridge,1,4,3,5,0,2,1,2,1,2,3,0,0,6.67,25.87054,88.16687,NH27_East_West,Rajasthan / MP / UP
Manipur,Unknown,2022,January,Friday,5:39,Fatal,4,Two-Wheeler,1,2,Stormy,National Highway,Dry,Dusk,Police Checkpost,69,46,Male,Valid,No,Curve,3,5,1,4,0,4,1,3,0,4,1,0,0,3.94,32.49664,74.96864,NH44_North,Jammu & Kashmir
Assam,Unknown,2019,September,Sunday,15:22,Serious,1,Bus,4,3,Foggy,National Highway,Wet,Dusk,Police Checkpost,112,37,Male,Valid,No,Straight Road,2,15,9,6,0,1,3,3,0,1,4,0,0,5.15,28.55846,77.14629,NH48_Delhi_Mumbai,Rajasthan / Gujarat
Delhi,New Delhi,2018,July,Saturday,4:43,Minor,5,Auto-Rickshaw,9,0,Clear,Urban Road,Under Construction,Dawn,Signs,91,18,Female,,Yes,Intersection,1,4,7,5,2,0,2,1,1,5,9,0,0,3.94,24.90157,83.83517,NH19_Delhi_Kolkata,Uttar Pradesh / Bihar
Kerala,Unknown,2019,July,Friday,22:20,Fatal,5,Truck,1,5,Clear,National Highway,Damaged,Daylight,Signs,87,57,Female,Expired,Yes,Curve,3,22,7,4,0,0,0,2,1,5,1,0,0,7.27,23.62525,85.171,NH19_Delhi_Kolkata,Uttar Pradesh / Bihar
Puducherry,Unknown,2020,November,Monday,2:38,Minor,1,Cycle,6,3,Foggy,Urban Road,Damaged,Dusk,Signals,70,65,Female,Valid,Yes,Intersection,1,2,11,0,2,1,0,3,1,1,6,0,0,5.76,26.87786,80.96868,NH19_Delhi_Kolkata,Uttar Pradesh / Bihar
Andhra Pradesh,Vijayawada,2022,November,Sunday,1:29,Serious,4,Car,2,1,Rainy,Village Road,Wet,Dusk,,104,61,Female,,Yes,Curve,2,1,11,6,3,3,3,3,1,4,2,0,0,3.33,17.61827,78.50392,NH44_Nagpur_Hyderabad,Telangana
Uttarakhand,Unknown,2022,January,Sunday,8:18,Minor,3,Truck,2,2,Rainy,Urban Road,Dry,Dark,Signals,69,22,Female,Expired,Yes,Straight Road,1,8,1,6,2,3,1,0,1,3,2,0,0,3.64,31.50303,77.27804,NH22_Shimla_Manali,Himachal Pradesh
Tamil Nadu,Chennai,2023,August,Sunday,1:59,Fatal,2,Bus,1,0,Rainy,Urban Road,Wet,Daylight,Police Checkpost,68,45,Male,,Yes,Bridge,3,1,8,6,2,3,3,2,1,2,1,0,0,2.73,22.27251,70.16526,NH27_East_West,Rajasthan / MP / UP
Punjab,Unknown,2018,August,Wednesday,15:59,Serious,4,Auto-Rickshaw,4,2,Stormy,Urban Road,Damaged,Dusk,,107,34,Female,,No,Intersection,2,15,8,2,2,4,0,3,0,4,4,0,0,4.24,18.68353,78.29353,NH44_Nagpur_Hyderabad,Telangana
Meghalaya,Unknown,2018,March,Sunday,2:29,Minor,1,Car,7,4,Rainy,Village Road,Damaged,Dark,,64,23,Female,Expired,No,Bridge,1,2,3,6,3,3,0,0,0,1,7,0,0,6.36,22.32062,70.20573,NH27_East_West,Rajasthan / MP / UP
Delhi,Dwarka,2018,April,Saturday,10:52,Serious,3,Cycle,6,4,Rainy,National Highway,Damaged,Dark,Police Checkpost,81,18,Female,Expired,Yes,Bridge,2,10,4,5,0,3,0,0,1,3,6,0,0,7.27,34.04313,74.73623,NH44_North,Jammu & Kashmir
Telangana,Unknown,2023,May,Tuesday,12:24,Minor,4,Cycle,9,4,Stormy,National Highway,Wet,Dusk,Police Checkpost,57,43,Female,,No,Bridge,1,12,5,1,0,4,3,3,0,4,9,0,0,6.97,24.91748,91.86644,NH27_East_West,Rajasthan / MP / UP
Sikkim,Unknown,2022,May,Tuesday,16:19,Serious,1,Two-Wheeler,4,0,Hazy,State Highway,Damaged,Dusk,Signs,91,39,Female,Expired,Yes,Bridge,2,16,5,1,1,2,0,3,1,1,4,0,0,3.03,25.35454,82.94641,NH19_Delhi_Kolkata,Uttar Pradesh / Bihar
Maharashtra,Mumbai,2021,September,Saturday,20:54,Minor,4,Car,4,2,Rainy,Urban Road,Damaged,Dawn,Signs,72,45,Female,,No,Bridge,1,20,9,5,2,3,0,1,0,4,4,0,0,3.64,21.15285,79.06478,NH44_Nagpur_Hyderabad,Telangana
Punjab,Unknown,2020,March,Sunday,12:49,Serious,1,Two-Wheeler,2,0,Clear,State Highway,Under Construction,Daylight,Signs,78,58,Female,,No,Intersection,2,12,3,6,1,0,2,2,0,1,2,0,0,1.82,25.31122,82.98212,NH19_Delhi_Kolkata,Uttar Pradesh / Bihar
Chandigarh,Unknown,2023,November,Thursday,5:15,Minor,2,Cycle,3,3,Stormy,Village Road,Dry,Dawn,Signals,92,70,Male,Expired,No,Bridge,1,5,11,3,3,4,1,1,0,2,3,0,0,4.24,24.26757,75.90483,NH27_East_West,Rajasthan / MP / UP
Uttar Pradesh,Varanasi,2023,July,Monday,3:30,Minor,5,Pedestrian,9,1,Hazy,Urban Road,Wet,Dusk,Signals,35,21,Male,Valid,Yes,Straight Road,1,3,7,0,2,2,3,3,1,5,9,0,0,4.85,24.3029,75.81855,NH27_East_West,Rajasthan / MP / UP
Rajasthan,Udaipur,2022,August,Monday,5:42,Minor,5,Pedestrian,10,4,Stormy,National Highway,Dry,Dawn,Signs,68,53,Male,Valid,Yes,Curve,1,5,8,0,0,4,1,1,1,5,10,0,0,7.88,27.44899,77.74556,NH44_Delhi_Agra,Uttar Pradesh
Madhya Pradesh,Unknown,2023,January,Monday,13:47,Serious,5,Car,6,1,Rainy,Urban Road,Damaged,Dusk,Police Checkpost,63,64,Male,Valid,No,Intersection,2,13,1,0,2,3,0,3,0,5,6,0,0,3.94,27.73146,77.49804,NH44_Delhi_Agra,Uttar Pradesh
Meghalaya,Unknown,2019,October,Thursday,1:39,Fatal,2,Cycle,6,5,Stormy,National Highway,Dry,Daylight,Police Checkpost,92,56,Female,,Yes,Bridge,3,1,10,3,0,4,1,2,1,2,6,0,0,8.79,26.13074,91.70833,NH52_Barasat_Guwahati,West Bengal / Assam
Telangana,Unknown,2018,June,Monday,7:38,Fatal,1,Cycle,1,4,Foggy,National Highway,Wet,Dark,Police Checkpost,80,46,Male,Expired,Yes,Intersection,3,7,6,0,0,1,3,0,1,1,1,0,0,6.36,22.96329,83.39864,NH30_Patna_Visakhapatnam,Chhattisgarh
Tripura,Unknown,2019,July,Monday,16:43,Fatal,3,Truck,2,1,Hazy,State Highway,Wet,Dusk,Police Checkpost,59,64,Female,Valid,No,Curve,3,16,7,0,1,2,3,3,0,3,2,0,0,3.33,23.50073,73.27954,NH27_East_West,Rajasthan / MP / UP
Nagaland,Unknown,2019,August,Saturday,8:45,Serious,4,Auto-Rickshaw,5,5,Hazy,State Highway,Damaged,Dark,,115,61,Male,Expired,Yes,Intersection,2,8,8,5,1,2,0,0,1,4,5,0,0,7.88,28.55142,77.26475,NH44_Delhi_Agra,Uttar Pradesh
Manipur,Unknown,2020,March,Saturday,2:59,Minor,1,Auto-Rickshaw,0,2,Rainy,State Highway,Dry,Dawn,Police Checkpost,109,70,Male,,Yes,Curve,1,2,3,5,1,3,1,1,1,1,0,0,0,3.03,24.55751,73.6393,NH48_Delhi_Mumbai,Rajasthan / Gujarat
Gujarat,Vadodara,2019,August,Wednesday,19:9,Fatal,3,Auto-Rickshaw,7,1,Clear,National Highway,Wet,Daylight,Police Checkpost,82,53,Male,Expired,Yes,Intersection,3,19,8,2,0,0,3,2,1,3,7,0,0,5.45,26.84052,80.88182,NH19_Delhi_Kolkata,Uttar Pradesh / Bihar
Chandigarh,Unknown,2020,September,Thursday,2:54,Serious,2,Cycle,5,3,Stormy,Village Road,Damaged,Dawn,Signs,53,68,Female,,Yes,Intersection,2,2,9,3,3,4,0,1,1,2,5,0,0,6.06,17.34638,73.40068,NH48_Mumbai_Bangalore,Maharashtra / Karnataka
Meghalaya,Unknown,2020,January,Thursday,3:40,Serious,1,Pedestrian,7,0,Rainy,Village Road,Wet,Dusk,Signs,108,67,Male,,No,Curve,2,3,1,3,3,3,3,3,0,1,7,0,0,3.33,32.2438,77.09983,NH22_Shimla_Manali,Himachal Pradesh
Himachal Pradesh,Unknown,2021,May,Saturday,10:24,Serious,2,Pedestrian,1,3,Clear,Village Road,Dry,Dusk,,97,19,Female,,No,Bridge,2,10,5,5,3,0,1,3,0,2,1,0,0,4.24,32.91896,75.20361,NH44_North,Jammu & Kashmir
Puducherry,Unknown,2019,March,Monday,3:32,Minor,2,Pedestrian,8,4,Clear,Village Road,Wet,Dawn,Signs,47,44,Female,Expired,No,Straight Road,1,3,3,0,3,0,3,1,0,2,8,0,0,6.67,24.86677,91.93599,NH27_East_West,Rajasthan / MP / UP
Chhattisgarh,Unknown,2019,August,Friday,2:18,Serious,5,Car,5,5,Foggy,Village Road,Under Construction,Dusk,Police Checkpost,56,61,Female,Valid,Yes,Bridge,2,2,8,4,3,1,2,3,1,5,5,0,0,7.88,23.43408,88.87038,NH52_Barasat_Guwahati,West Bengal / Assam
Meghalaya,Unknown,2020,October,Friday,8:32,Minor,2,Bus,9,4,Stormy,National Highway,Under Construction,Dusk,Signs,31,59,Male,Expired,Yes,Curve,1,8,10,4,0,4,2,3,1,2,9,0,0,7.58,24.64283,79.04313,NH44_Agra_Nagpur,Madhya Pradesh
Uttarakhand,Unknown,2022,January,Monday,5:7,Serious,5,Auto-Rickshaw,0,1,Clear,Village Road,Wet,Daylight,Police Checkpost,53,35,Female,Expired,Yes,Intersection,2,5,1,0,3,0,3,2,1,5,0,0,0,2.73,9.82383,77.50132,NH7_Varanasi_Kanyakumari,MP / Karnataka / TN
Tripura,Unknown,2020,February,Saturday,19:0,Fatal,2,Two-Wheeler,5,2,Clear,Urban Road,Dry,Dawn,Police Checkpost,53,44,Male,Valid,No,Bridge,3,19,2,5,2,0,1,1,0,2,5,0,0,5.15,25.93121,74.91838,NH48_Delhi_Mumbai,Rajasthan / Gujarat
Jammu and Kashmir,Unknown,2019,June,Wednesday,23:57,Minor,4,Truck,5,3,Foggy,National Highway,Under Construction,Dusk,,61,39,Male,,No,Bridge,1,23,6,2,0,1,2,3,0,4,5,0,0,4.85,19.27104,84.7295,NH16_Kolkata_Chennai,Odisha / Andhra Pradesh
Chhattisgarh,Unknown,2023,November,Saturday,22:13,Minor,5,Two-Wheeler,3,1,Stormy,Village Road,Damaged,Daylight,Signs,111,32,Male,,No,Straight Road,1,22,11,5,3,4,0,2,0,5,3,0,0,2.42,17.5089,75.45346,NH9_Pune_Hyderabad,Maharashtra / Telangana
Arunachal Pradesh,Unknown,2022,October,Friday,7:30,Serious,5,Bus,7,3,Clear,Village Road,Under Construction,Dark,Signals,87,29,Male,Valid,No,Intersection,2,7,10,4,3,0,2,0,0,5,7,0,0,6.06,23.44328,73.19956,NH27_East_West,Rajasthan / MP / UP
Jammu and Kashmir,Unknown,2018,September,Saturday,1:49,Serious,1,Cycle,4,1,Clear,Urban Road,Damaged,Dark,,71,19,Male,Expired,Yes,Curve,2,1,9,5,2,0,0,0,1,1,4,0,0,3.94,31.85286,77.41174,NH22_Shimla_Manali,Himachal Pradesh
Madhya Pradesh,Unknown,2022,February,Friday,10:0,Serious,3,Cycle,8,4,Rainy,State Highway,Damaged,Dark,Signals,115,58,Female,Expired,Yes,Curve,2,10,2,4,1,3,0,0,1,3,8,0,0,7.88,14.87235,79.94412,NH16_Kolkata_Chennai,Odisha / Andhra Pradesh
Rajasthan,Jodhpur,2023,September,Sunday,13:57,Minor,1,Car,8,3,Foggy,Urban Road,Under Construction,Daylight,,34,59,Female,Valid,Yes,Bridge,1,13,9,6,2,1,2,2,1,1,8,0,0,6.36,18.09998,78.43153,NH44_Nagpur_Hyderabad,Telangana
Andhra Pradesh,Visakhapatnam,2023,November,Friday,12:58,Minor,1,Auto-Rickshaw,3,2,Clear,State Highway,Damaged,Dark,Police Checkpost,114,55,Female,Expired,Yes,Intersection,1,12,11,4,1,0,0,0,1,1,3,0,0,3.94,17.89682,74.92797,NH9_Pune_Hyderabad,Maharashtra / Telangana
Arunachal Pradesh,Unknown,2019,May,Friday,17:56,Fatal,3,Two-Wheeler,7,1,Clear,Urban Road,Under Construction,Dusk,Police Checkpost,89,19,Male,Valid,Yes,Bridge,3,17,5,4,2,0,2,3,1,3,7,0,0,5.45,9.47927,77.28872,NH66_West_Coast,Maharashtra / Kerala
Bihar,Unknown,2022,January,Tuesday,21:49,Minor,1,Car,1,2,Clear,State Highway,Dry,Daylight,Signs,94,40,Female,Valid,Yes,Intersection,1,21,1,1,1,0,1,2,1,1,1,0,0,3.33,21.12376,79.07354,NH44_Nagpur_Hyderabad,Telangana
Jammu and Kashmir,Unknown,2021,March,Tuesday,9:4,Minor,4,Auto-Rickshaw,3,5,Stormy,State Highway,Wet,Dawn,Signals,31,49,Male,Expired,Yes,Straight Road,1,9,3,1,1,4,3,1,1,4,3,0,0,6.67,25.74871,79.51357,NH27_East_West,Rajasthan / MP / UP
Odisha,Unknown,2022,September,Saturday,3:35,Serious,3,Bus,3,0,Foggy,National Highway,Wet,Dark,Signs,109,18,Male,Valid,Yes,Intersection,2,3,9,5,0,1,3,0,1,3,3,0,0,2.73,23.85607,81.2047,NH7_Varanasi_Kanyakumari,MP / Karnataka / TN
Madhya Pradesh,Unknown,2019,December,Tuesday,7:49,Fatal,1,Car,2,0,Stormy,Urban Road,Dry,Daylight,,49,45,Male,Expired,Yes,Straight Road,3,7,12,1,2,4,1,2,1,1,2,0,0,3.03,17.40972,73.4775,NH48_Mumbai_Bangalore,Maharashtra / Karnataka
West Bengal,Durgapur,2021,February,Saturday,2:3,Fatal,5,Car,8,0,Clear,National Highway,Wet,Daylight,,119,43,Male,Expired,No,Bridge,3,2,2,5,0,0,3,2,0,5,8,0,0,4.24,30.17178,79.12142,NH58_Delhi_Badrinath,Uttarakhand
Gujarat,Vadodara,2022,August,Saturday,6:7,Minor,4,Car,5,3,Clear,State Highway,Under Construction,Daylight,Police Checkpost,114,30,Male,Expired,No,Intersection,1,6,8,5,1,0,2,2,0,4,5,0,0,4.85,26.17894,91.69678,NH52_Barasat_Guwahati,West Bengal / Assam
Uttarakhand,Unknown,2022,February,Monday,17:45,Fatal,5,Two-Wheeler,10,1,Rainy,National Highway,Damaged,Dark,Police Checkpost,56,45,Male,Valid,No,Curve,3,17,2,0,0,3,0,0,0,5,10,0,0,5.76,19.14032,72.86915,NH48_Delhi_Mumbai,Rajasthan / Gujarat
Uttarakhand,Unknown,2023,October,Thursday,18:20,Fatal,5,Cycle,1,4,Rainy,Urban Road,Dry,Dark,Signs,120,70,Male,,Yes,Intersection,3,18,10,3,2,3,1,0,1,5,1,0,0,6.36,13.91305,74.82951,NH66_West_Coast,Maharashtra / Kerala
Tamil Nadu,Chennai,2018,October,Sunday,22:21,Serious,1,Car,1,1,Rainy,Village Road,Damaged,Dawn,,106,41,Female,,No,Curve,2,22,10,6,3,3,0,1,0,1,1,0,0,2.42,28.61053,77.27132,NH48_Delhi_Mumbai,Rajasthan / Gujarat
Mizoram,Unknown,2018,September,Friday,21:23,Serious,2,Truck,1,2,Foggy,National Highway,Wet,Daylight,,79,27,Male,Valid,No,Straight Road,2,21,9,4,0,1,3,2,0,2,1,0,0,3.33,20.59325,78.98284,NH44_Nagpur_Hyderabad,Telangana
Tripura,Unknown,2022,June,Saturday,16:7,Minor,5,Auto-Rickshaw,10,2,Hazy,National Highway,Dry,Dark,,99,59,Male,Expired,No,Straight Road,1,16,6,5,0,2,1,0,0,5,10,0,0,5.45,23.48112,86.18414,NH19_Delhi_Kolkata,Uttar Pradesh / Bihar
Nagaland,Unknown,2023,September,Saturday,10:23,Minor,2,Bus,0,1,Rainy,National Highway,Under Construction,Dark,,71,46,Female,,No,Curve,1,10,9,5,0,3,2,0,0,2,0,0,0,1.52,30.51126,79.45554,NH58_Delhi_Badrinath,Uttarakhand
Manipur,Unknown,2021,May,Tuesday,4:54,Serious,5,Truck,10,0,Hazy,National Highway,Wet,Dusk,Police Checkpost,58,18,Male,Valid,No,Intersection,2,4,5,1,0,2,3,3,0,5,10,0,0,4.24,24.8665,89.88143,NH52_Barasat_Guwahati,West Bengal / Assam
Uttarakhand,Unknown,2020,June,Saturday,13:7,Serious,4,Car,0,2,Foggy,National Highway,Under Construction,Dusk,Signals,54,19,Male,Expired,No,Intersection,2,13,6,5,0,1,2,3,0,4,0,0,0,3.03,23.70055,85.26407,NH19_Delhi_Kolkata,Uttar Pradesh / Bihar
Maharashtra,Mumbai,2022,February,Sunday,22:0,Minor,1,Pedestrian,4,0,Rainy,National Highway,Dry,Daylight,,72,37,Male,Valid,No,Intersection,1,22,2,6,0,3,1,2,0,1,4,0,0,1.82,10.78122,76.24645,NH66_West_Coast,Maharashtra / Kerala
Karnataka,Bangalore,2020,December,Thursday,13:28,Minor,5,Pedestrian,8,5,Stormy,Village Road,Under Construction,Dusk,Signs,115,39,Male,,No,Curve,1,13,12,3,3,4,2,3,0,5,8,0,0,7.58,22.25177,79.11089,NH44_Agra_Nagpur,Madhya Pradesh
Chandigarh,Unknown,2020,April,Thursday,5:49,Fatal,4,Truck,1,4,Foggy,Village Road,Dry,Dusk,Signals,73,27,Female,,Yes,Curve,3,5,4,3,3,1,1,3,1,4,1,0,0,6.36,24.1941,84.50164,NH19_Delhi_Kolkata,Uttar Pradesh / Bihar
Uttarakhand,Unknown,2023,June,Tuesday,17:54,Minor,2,Auto-Rickshaw,2,3,Foggy,State Highway,Wet,Dark,,85,29,Female,Expired,Yes,Curve,1,17,6,1,1,1,3,0,1,2,2,0,0,4.55,22.35005,79.1755,NH44_Agra_Nagpur,Madhya Pradesh
Delhi,New Delhi,2020,January,Friday,9:56,Minor,1,Auto-Rickshaw,0,4,Hazy,State Highway,Under Construction,Dawn,Signals,30,23,Female,Expired,Yes,Straight Road,1,9,1,4,1,2,2,1,1,1,0,0,0,4.85,15.5191,75.00069,NH48_Mumbai_Bangalore,Maharashtra / Karnataka
Haryana,Unknown,2019,June,Wednesday,20:27,Fatal,3,Cycle,2,5,Hazy,State Highway,Dry,Dark,Police Checkpost,41,31,Female,Valid,Yes,Curve,3,20,6,2,1,2,1,0,1,3,2,0,0,7.58,32.67603,74.91645,NH44_North,Jammu & Kashmir
Tamil Nadu,Coimbatore,2022,September,Monday,5:50,Minor,5,Bus,2,4,Hazy,Village Road,Damaged,Dark,Signs,64,64,Male,Valid,No,Bridge,1,5,9,0,3,2,0,0,0,5,2,0,0,4.85,28.30683,77.10797,NH44_Delhi_Agra,Uttar Pradesh
Madhya Pradesh,Unknown,2018,October,Wednesday,3:42,Fatal,1,Pedestrian,8,2,Stormy,Urban Road,Under Construction,Dark,Police Checkpost,67,60,Male,Valid,Yes,Straight Road,3,3,10,2,2,4,2,0,1,1,8,0,0,6.67,22.16941,82.93496,NH30_Patna_Visakhapatnam,Chhattisgarh
Goa,Unknown,2019,October,Tuesday,15:40,Serious,4,Cycle,7,2,Hazy,Village Road,Dry,Dark,Police Checkpost,100,34,Male,Valid,No,Straight Road,2,15,10,1,3,2,1,0,0,4,7,0,0,5.15,17.43858,78.53033,NH44_Nagpur_Hyderabad,Telangana
Haryana,Unknown,2023,June,Sunday,9:11,Fatal,5,Pedestrian,8,2,Clear,Village Road,Under Construction,Daylight,Signals,109,48,Male,,Yes,Curve,3,9,6,6,3,0,2,2,1,5,8,0,0,6.67,9.91024,77.40467,NH7_Varanasi_Kanyakumari,MP / Karnataka / TN
Haryana,Unknown,2021,January,Thursday,8:6,Serious,3,Car,7,2,Hazy,National Highway,Damaged,Dawn,Signals,36,46,Male,,Yes,Bridge,2,8,1,3,0,2,0,1,1,3,7,0,0,5.76,24.57803,78.9402,NH44_Agra_Nagpur,Madhya Pradesh
Himachal Pradesh,Unknown,2018,January,Saturday,10:39,Minor,5,Pedestrian,1,1,Rainy,Village Road,Wet,Dusk,Signs,107,28,Female,Expired,Yes,Straight Road,1,10,1,5,3,3,3,3,1,5,1,0,0,2.42,21.92259,80.20968,NH7_Varanasi_Kanyakumari,MP / Karnataka / TN
Andhra Pradesh,Vijayawada,2020,October,Sunday,11:32,Minor,5,Car,6,3,Stormy,Village Road,Wet,Dusk,,33,29,Male,Valid,Yes,Straight Road,1,11,10,6,3,4,3,3,1,5,6,0,0,5.76,9.40227,77.2417,NH66_West_Coast,Maharashtra / Kerala
Sikkim,Unknown,2019,April,Wednesday,8:9,Fatal,1,Auto-Rickshaw,3,0,Rainy,National Highway,Dry,Dark,Police Checkpost,38,60,Female,Valid,No,Curve,3,8,4,2,0,3,1,0,0,1,3,0,0,2.73,14.82508,76.5987,NH44_Hyderabad_Bangalore,Karnataka
Himachal Pradesh,Unknown,2018,March,Tuesday,14:39,Fatal,3,Auto-Rickshaw,3,2,Clear,Urban Road,Dry,Daylight,,114,19,Female,,Yes,Intersection,3,14,3,1,2,0,1,2,1,3,3,0,0,5.15,18.09292,78.41336,NH44_Nagpur_Hyderabad,Telangana
Karnataka,Mangalore,2023,July,Wednesday,21:13,Fatal,2,Pedestrian,5,3,Stormy,National Highway,Wet,Daylight,Signals,76,19,Female,Valid,No,Bridge,3,21,7,2,0,4,3,2,0,2,5,0,0,6.06,33.75403,74.81835,NH44_North,Jammu & Kashmir
Haryana,Unknown,2018,October,Wednesday,21:24,Serious,1,Pedestrian,9,1,Stormy,National Highway,Damaged,Dawn,Signs,50,64,Male,Valid,Yes,Curve,2,21,10,2,0,4,0,1,1,1,9,0,0,5.45,27.2015,82.50518,NH27_East_West,Rajasthan / MP / UP
Odisha,Unknown,2022,December,Sunday,23:55,Minor,4,Truck,0,5,Stormy,Urban Road,Damaged,Daylight,Signals,65,62,Male,,No,Curve,1,23,12,6,2,4,0,2,0,4,0,0,0,5.15,22.31542,79.19033,NH44_Agra_Nagpur,Madhya Pradesh
Rajasthan,Jodhpur,2023,June,Thursday,9:45,Fatal,2,Pedestrian,2,5,Rainy,National Highway,Wet,Daylight,Police Checkpost,93,50,Female,Expired,No,Bridge,3,9,6,3,0,3,3,2,0,2,2,0,0,6.97,24.28333,93.02292,NH27_East_West,Rajasthan / MP / UP
Delhi,Dwarka,2018,October,Saturday,11:49,Minor,3,Truck,6,2,Clear,Village Road,Under Construction,Dark,Police Checkpost,83,57,Male,Valid,Yes,Straight Road,1,11,10,5,3,0,2,0,1,3,6,0,0,4.85,14.50592,75.67549,NH48_Mumbai_Bangalore,Maharashtra / Karnataka
Puducherry,Unknown,2022,October,Wednesday,6:15,Serious,5,Bus,9,1,Rainy,Village Road,Dry,Dusk,,114,44,Female,Expired,Yes,Intersection,2,6,10,2,3,3,1,3,1,5,9,0,0,5.45,23.41747,83.83332,NH30_Patna_Visakhapatnam,Chhattisgarh
Gujarat,Surat,2018,October,Thursday,22:54,Serious,3,Two-Wheeler,4,0,Stormy,State Highway,Wet,Dawn,Signs,112,62,Female,,No,Bridge,2,22,10,3,1,4,3,1,0,3,4,0,0,2.42,24.52223,79.0223,NH44_Agra_Nagpur,Madhya Pradesh
West Bengal,Siliguri,2020,September,Friday,16:52,Serious,2,Car,10,3,Stormy,National Highway,Damaged,Daylight,Police Checkpost,100,37,Female,,Yes,Straight Road,2,16,9,4,0,4,0,2,1,2,10,0,0,7.58,27.02315,78.1758,NH44_Delhi_Agra,Uttar Pradesh
Madhya Pradesh,Unknown,2022,April,Wednesday,13:35,Fatal,5,Car,7,0,Foggy,Village Road,Dry,Dusk,,66,53,Female,,Yes,Straight Road,3,13,4,2,3,1,1,3,1,5,7,0,0,4.55,31.10617,77.13361,NH22_Shimla_Manali,Himachal Pradesh
Kerala,Unknown,2022,February,Monday,16:20,Serious,1,Truck,9,4,Foggy,Village Road,Damaged,Dawn,Police Checkpost,109,21,Female,,Yes,Bridge,2,16,2,0,3,1,0,1,1,1,9,0,0,8.18,12.99509,74.89719,NH66_West_Coast,Maharashtra / Kerala
Jharkhand,Unknown,2023,January,Monday,5:5,Fatal,5,Two-Wheeler,5,1,Stormy,State Highway,Under Construction,Dusk,,108,33,Female,Valid,Yes,Intersection,3,5,1,0,1,4,2,3,1,5,5,0,0,4.85,23.90366,79.12281,NH44_Agra_Nagpur,Madhya Pradesh
Kerala,Unknown,2019,April,Thursday,7:43,Fatal,3,Bus,8,4,Rainy,State Highway,Damaged,Dark,Signs,45,34,Female,,No,Straight Road,3,7,4,3,1,3,0,0,0,3,8,0,0,7.88,27.3487,77.7211,NH44_Delhi_Agra,Uttar Pradesh
Delhi,Rohini,2019,February,Tuesday,14:24,Serious,4,Two-Wheeler,3,2,Stormy,Village Road,Dry,Daylight,Signals,88,44,Male,Valid,Yes,Bridge,2,14,2,1,3,4,1,2,1,4,3,0,0,4.55,22.61334,88.38231,NH16_Kolkata_Chennai,Odisha / Andhra Pradesh
Bihar,Unknown,2019,December,Sunday,14:11,Minor,4,Pedestrian,8,0,Hazy,National Highway,Damaged,Dusk,Signals,110,50,Female,,Yes,Intersection,1,14,12,6,0,2,0,3,1,4,8,0,0,3.64,22.82776,88.50447,NH52_Barasat_Guwahati,West Bengal / Assam
Bihar,Unknown,2018,August,Friday,22:19,Minor,5,Bus,2,5,Foggy,National Highway,Wet,Daylight,Police Checkpost,41,21,Male,Expired,No,Intersection,1,22,8,4,0,1,3,2,0,5,2,0,0,5.76,21.183,79.01931,NH7_Varanasi_Kanyakumari,MP / Karnataka / TN
Arunachal Pradesh,Unknown,2022,November,Wednesday,17:18,Fatal,1,Car,1,5,Hazy,Urban Road,Damaged,Dark,Signs,102,52,Female,,No,Straight Road,3,17,11,2,2,2,0,0,0,1,1,0,0,6.67,17.14651,77.27689,NH9_Pune_Hyderabad,Maharashtra / Telangana
Assam,Unknown,2022,January,Thursday,4:19,Minor,4,Pedestrian,9,5,Stormy,National Highway,Wet,Dusk,,45,66,Female,Expired,Yes,Intersection,1,4,1,3,0,4,3,3,1,4,9,0,0,8.48,26.21334,78.51438,NH44_Agra_Nagpur,Madhya Pradesh
Odisha,Unknown,2021,April,Sunday,4:19,Fatal,2,Cycle,5,0,Rainy,Urban Road,Damaged,Dusk,Police Checkpost,65,42,Female,Valid,Yes,Curve,3,4,4,6,2,3,0,3,1,2,5,0,0,3.94,15.89971,80.25256,NH16_Kolkata_Chennai,Odisha / Andhra Pradesh
Chhattisgarh,Unknown,2018,January,Tuesday,8:0,Minor,5,Auto-Rickshaw,5,4,Clear,Village Road,Dry,Dawn,,46,49,Female,,No,Straight Road,1,8,1,1,3,0,1,1,0,5,5,0,0,5.76,19.90626,78.74322,NH44_Nagpur_Hyderabad,Telangana
Madhya Pradesh,Unknown,2020,March,Wednesday,5:26,Fatal,2,Auto-Rickshaw,0,2,Stormy,Urban Road,Damaged,Dusk,Signals,61,23,Female,Valid,No,Straight Road,3,5,3,2,2,4,0,3,0,2,0,0,0,3.64,23.01602,83.48003,NH30_Patna_Visakhapatnam,Chhattisgarh
Andhra Pradesh,Tirupati,2018,January,Thursday,6:38,Fatal,4,Car,2,3,Foggy,Urban Road,Dry,Dark,Signs,100,67,Male,Valid,Yes,Straight Road,3,6,1,3,2,1,1,0,1,4,2,0,0,5.76,23.43482,79.38191,NH44_Agra_Nagpur,Madhya Pradesh
Haryana,Unknown,2023,April,Sunday,18:53,Fatal,1,Cycle,9,1,Hazy,Urban Road,Under Construction,Dusk,Police Checkpost,71,54,Female,Valid,Yes,Straight Road,3,18,4,6,2,2,2,3,1,1,9,0,0,6.06,28.30051,77.1716,NH44_Delhi_Agra,Uttar Pradesh
Delhi,New Delhi,2018,September,Monday,20:44,Fatal,4,Auto-Rickshaw,5,4,Hazy,Urban Road,Wet,Dusk,Signals,115,25,Male,Expired,Yes,Bridge,3,20,9,0,2,2,3,3,1,4,5,0,0,7.58,19.8981,79.39495,NH7_Varanasi_Kanyakumari,MP / Karnataka / TN
Jammu and Kashmir,Unknown,2019,March,Thursday,3:48,Minor,4,Truck,6,5,Stormy,Urban Road,Damaged,Dark,Signs,91,22,Female,Expired,No,Bridge,1,3,3,3,2,4,0,0,0,4,6,0,0,6.97,23.46151,79.38372,NH44_Agra_Nagpur,Madhya Pradesh
Goa,Unknown,2019,January,Thursday,18:7,Fatal,1,Truck,0,3,Rainy,Village Road,Wet,Dawn,,97,45,Female,Valid,No,Curve,3,18,1,3,3,3,3,1,0,1,0,0,0,4.55,13.02952,80.31665,NH44_Bangalore_Chennai,Tamil Nadu
Telangana,Unknown,2020,July,Wednesday,21:14,Serious,2,Auto-Rickshaw,4,0,Stormy,State Highway,Damaged,Daylight,Signals,100,28,Male,Valid,Yes,Bridge,2,21,7,2,1,4,0,2,1,2,4,0,0,3.03,13.65296,79.37483,NH16_Kolkata_Chennai,Odisha / Andhra Pradesh
Telangana,Unknown,2021,November,Sunday,23:2,Serious,3,Truck,4,0,Foggy,Urban Road,Damaged,Dawn,,65,59,Male,,No,Straight Road,2,23,11,6,2,1,0,1,0,3,4,0,0,2.42,12.98617,74.81373,NH66_West_Coast,Maharashtra / Kerala
West Bengal,Kolkata,2018,October,Wednesday,15:22,Serious,4,Truck,7,2,Clear,Village Road,Under Construction,Dusk,Police Checkpost,35,67,Male,,Yes,Bridge,2,15,10,2,3,0,2,3,1,4,7,0,0,5.76,13.50033,77.47772,NH7_Varanasi_Kanyakumari,MP / Karnataka / TN
West Bengal,Siliguri,2018,October,Wednesday,10:22,Minor,2,Car,10,1,Stormy,Village Road,Damaged,Dusk,,86,56,Male,Valid,Yes,Curve,1,10,10,2,3,4,0,3,1,2,10,0,0,5.15,26.90446,80.98326,NH27_East_West,Rajasthan / MP / UP
Tamil Nadu,Madurai,2022,November,Tuesday,15:7,Minor,2,Cycle,8,2,Rainy,National Highway,Under Construction,Dusk,Signs,70,27,Female,Valid,No,Bridge,1,15,11,1,0,3,2,3,0,2,8,0,0,4.85,25.41395,89.81438,NH27_East_West,Rajasthan / MP / UP
Odisha,Unknown,2022,June,Sunday,19:6,Serious,1,Truck,1,2,Foggy,Village Road,Under Construction,Dawn,Signs,113,28,Male,Expired,Yes,Straight Road,2,19,6,6,3,1,2,1,1,1,1,0,0,3.94,24.87694,82.5213,NH7_Varanasi_Kanyakumari,MP / Karnataka / TN
Delhi,Rohini,2019,February,Tuesday,7:31,Minor,3,Car,3,5,Hazy,Urban Road,Wet,Daylight,,55,37,Female,,No,Intersection,1,7,2,1,2,2,3,2,0,3,3,0,0,6.06,25.86175,90.27208,NH52_Barasat_Guwahati,West Bengal / Assam
Jammu and Kashmir,Unknown,2022,February,Sunday,22:42,Serious,1,Bus,0,2,Foggy,Urban Road,Damaged,Dawn,Police Checkpost,114,38,Male,Valid,No,Curve,2,22,2,6,2,1,0,1,0,1,0,0,0,3.03,27.00799,78.17461,NH44_Delhi_Agra,Uttar Pradesh
Himachal Pradesh,Unknown,2022,August,Tuesday,4:41,Serious,4,Auto-Rickshaw,7,0,Rainy,Village Road,Dry,Daylight,Signs,100,56,Male,,Yes,Curve,2,4,8,1,3,3,1,2,1,4,7,0,0,3.94,14.92574,76.55524,NH44_Hyderabad_Bangalore,Karnataka
Arunachal Pradesh,Unknown,2021,June,Thursday,5:27,Serious,2,Truck,6,2,Hazy,Urban Road,Dry,Dark,Police Checkpost,81,70,Female,,Yes,Bridge,2,5,6,3,2,2,1,0,1,2,6,0,0,5.45,18.30107,74.26367,NH9_Pune_Hyderabad,Maharashtra / Telangana
Jammu and Kashmir,Unknown,2021,June,Tuesday,3:23,Fatal,5,Two-Wheeler,8,4,Stormy,Urban Road,Wet,Dark,Signals,53,51,Male,Valid,No,Curve,3,3,6,1,2,4,3,0,0,5,8,0,0,7.88,26.17863,81.4489,NH19_Delhi_Kolkata,Uttar Pradesh / Bihar
Uttar Pradesh,Varanasi,2023,February,Tuesday,3:27,Minor,4,Bus,9,1,Hazy,Urban Road,Wet,Dark,Signals,93,62,Male,Expired,Yes,Curve,1,3,2,1,2,2,3,0,1,4,9,0,0,4.85,15.37422,76.93582,NH44_Hyderabad_Bangalore,Karnataka
Manipur,Unknown,2019,March,Friday,20:41,Minor,3,Auto-Rickshaw,5,3,Rainy,National Highway,Under Construction,Dark,Signals,52,52,Male,Expired,Yes,Intersection,1,20,3,4,0,3,2,0,1,3,5,0,0,5.45,22.29694,82.96453,NH30_Patna_Visakhapatnam,Chhattisgarh
Sikkim,Unknown,2020,August,Monday,21:2,Serious,3,Car,8,2,Clear,State Highway,Dry,Dusk,,101,68,Male,Expired,Yes,Straight Road,2,21,8,0,1,0,1,3,1,3,8,0,0,6.06,28.50454,77.25235,NH44_Delhi_Agra,Uttar Pradesh
Puducherry,Unknown,2023,March,Sunday,22:16,Fatal,5,Pedestrian,6,0,Clear,Urban Road,Wet,Daylight,Signs,99,48,Female,,No,Intersection,3,22,3,6,2,0,3,2,0,5,6,0,0,3.64,26.24849,78.45951,NH44_Agra_Nagpur,Madhya Pradesh
Haryana,Unknown,2021,July,Thursday,1:55,Serious,4,Auto-Rickshaw,4,0,Stormy,Urban Road,Wet,Daylight,Police Checkpost,111,32,Male,Expired,Yes,Straight Road,2,1,7,3,2,4,3,2,1,4,4,0,0,3.03,19.6711,73.24593,NH48_Delhi_Mumbai,Rajasthan / Gujarat
Odisha,Unknown,2022,December,Friday,10:2,Minor,1,Bus,8,0,Hazy,National Highway,Under Construction,Dawn,Signs,59,42,Male,Expired,No,Intersection,1,10,12,4,0,2,2,1,0,1,8,0,0,3.03,13.00954,77.55467,NH44_Hyderabad_Bangalore,Karnataka
Jammu and Kashmir,Unknown,2021,December,Tuesday,17:17,Minor,1,Cycle,4,4,Hazy,National Highway,Wet,Daylight,Police Checkpost,43,52,Female,,No,Straight Road,1,17,12,1,0,2,3,2,0,1,4,0,0,5.45,29.17803,78.0475,NH58_Delhi_Badrinath,Uttarakhand
Meghalaya,Unknown,2022,November,Tuesday,18:10,Serious,4,Truck,8,4,Clear,State Highway,Damaged,Dusk,Signs,46,50,Female,Expired,Yes,Straight Road,2,18,11,1,1,0,0,3,1,4,8,0,0,7.88,27.97122,76.89003,NH48_Delhi_Mumbai,Rajasthan / Gujarat
Rajasthan,Udaipur,2022,December,Thursday,10:15,Serious,1,Pedestrian,3,0,Stormy,Village Road,Damaged,Dusk,,115,29,Male,Expired,Yes,Straight Road,2,10,12,3,3,4,0,3,1,1,3,0,0,2.73,26.15883,86.47628,NH27_East_West,Rajasthan / MP / UP
Jammu and Kashmir,Unknown,2022,March,Wednesday,9:2,Serious,3,Two-Wheeler,8,4,Stormy,State Highway,Dry,Dark,,108,45,Female,,Yes,Straight Road,2,9,3,2,1,4,1,0,1,3,8,0,0,7.88,18.59519,78.37077,NH44_Nagpur_Hyderabad,Telangana
Gujarat,Ahmedabad,2019,March,Saturday,17:47,Serious,4,Auto-Rickshaw,4,3,Hazy,State Highway,Wet,Dusk,Police Checkpost,84,47,Female,,No,Intersection,2,17,3,5,1,2,3,3,0,4,4,0,0,5.15,27.45999,77.73142,NH44_Delhi_Agra,Uttar Pradesh
Telangana,Unknown,2023,September,Wednesday,18:29,Minor,3,Cycle,5,1,Rainy,Urban Road,Dry,Daylight,Signs,79,36,Male,,No,Curve,1,18,9,2,2,3,1,2,0,3,5,0,0,3.03,26.78426,80.89423,NH27_East_West,Rajasthan / MP / UP
Bihar,Unknown,2022,May,Wednesday,2:56,Fatal,5,Two-Wheeler,7,1,Rainy,State Highway,Under Construction,Daylight,Police Checkpost,114,43,Male,Valid,No,Intersection,3,2,5,2,1,3,2,2,0,5,7,0,0,4.85,21.79805,79.11252,NH44_Agra_Nagpur,Madhya Pradesh
Delhi,Rohini,2023,January,Wednesday,5:29,Minor,2,Truck,6,4,Foggy,Urban Road,Damaged,Daylight,Signals,60,44,Female,Valid,Yes,Straight Road,1,5,1,2,2,1,0,2,1,2,6,0,0,6.67,23.04287,72.59623,NH27_East_West,Rajasthan / MP / UP
Tamil Nadu,Chennai,2019,March,Thursday,13:32,Fatal,3,Truck,8,2,Rainy,National Highway,Dry,Daylight,,107,68,Female,Expired,Yes,Intersection,3,13,3,3,0,3,1,2,1,3,8,0,0,6.67,23.04166,72.64112,NH48_Delhi_Mumbai,Rajasthan / Gujarat
West Bengal,Durgapur,2019,May,Thursday,17:46,Fatal,3,Truck,5,4,Rainy,National Highway,Dry,Dawn,Signs,36,69,Female,Expired,No,Curve,3,17,5,3,0,3,1,1,0,3,5,0,0,6.97,22.9178,79.47718,NH44_Agra_Nagpur,Madhya Pradesh
Chhattisgarh,Unknown,2019,August,Tuesday,7:23,Fatal,2,Two-Wheeler,6,2,Hazy,State Highway,Under Construction,Dusk,Signals,91,20,Male,Valid,Yes,Intersection,3,7,8,1,1,2,2,3,1,2,6,0,0,6.06,17.61955,78.5838,NH44_Nagpur_Hyderabad,Telangana
Bihar,Unknown,2020,March,Tuesday,9:11,Serious,3,Two-Wheeler,9,1,Hazy,Village Road,Damaged,Dawn,Signals,88,20,Female,,No,Intersection,2,9,3,1,3,2,0,1,0,3,9,0,0,4.85,27.23332,82.47129,NH27_East_West,Rajasthan / MP / UP
Rajasthan,Udaipur,2021,February,Wednesday,21:36,Serious,3,Truck,7,0,Foggy,National Highway,Damaged,Daylight,,50,57,Female,Expired,Yes,Straight Road,2,21,2,2,0,1,0,2,1,3,7,0,0,3.94,16.55629,77.62948,NH44_Hyderabad_Bangalore,Karnataka
Uttarakhand,Unknown,2023,July,Sunday,10:4,Minor,2,Two-Wheeler,4,1,Stormy,National Highway,Under Construction,Daylight,Signs,108,29,Female,,Yes,Bridge,1,10,7,6,0,4,2,2,1,2,4,0,0,3.33,33.34907,75.35783,NH44_North,Jammu & Kashmir
Haryana,Unknown,2023,February,Saturday,1:53,Fatal,1,Truck,10,3,Hazy,State Highway,Damaged,Dawn,Signals,52,68,Male,Valid,Yes,Bridge,3,1,2,5,1,2,0,1,1,1,10,0,0,8.18,26.30721,75.19984,NH48_Delhi_Mumbai,Rajasthan / Gujarat
Jammu and Kashmir,Unknown,2021,November,Wednesday,13:23,Minor,3,Bus,0,2,Clear,Village Road,Dry,Dark,Signs,49,30,Male,Expired,No,Straight Road,1,13,11,2,3,0,1,0,0,3,0,0,0,2.42,33.48024,75.12152,NH44_North,Jammu & Kashmir
Meghalaya,Unknown,2022,May,Wednesday,6:27,Fatal,5,Bus,0,3,Hazy,State Highway,Wet,Dawn,Signs,120,53,Female,Expired,No,Intersection,3,6,5,2,1,2,3,1,0,5,0,0,0,4.55,25.27285,83.0198,NH19_Delhi_Kolkata,Uttar Pradesh / Bihar
Maharashtra,Nagpur,2022,January,Tuesday,2:2,Minor,2,Auto-Rickshaw,9,0,Hazy,State Highway,Damaged,Dawn,Signs,32,62,Female,Expired,Yes,Straight Road,1,2,1,1,1,2,0,1,1,2,9,0,0,3.94,32.16684,77.14012,NH22_Shimla_Manali,Himachal Pradesh
Uttarakhand,Unknown,2018,March,Sunday,10:16,Fatal,3,Car,8,4,Hazy,State Highway,Wet,Dark,Police Checkpost,76,33,Male,Expired,No,Intersection,3,10,3,6,1,2,3,0,0,3,8,0,0,7.88,13.29924,77.51365,NH48_Mumbai_Bangalore,Maharashtra / Karnataka
Chandigarh,Unknown,2023,August,Monday,9:59,Minor,1,Truck,7,3,Rainy,Village Road,Under Construction,Dark,Signs,65,64,Female,Valid,Yes,Bridge,1,9,8,0,3,3,2,0,1,1,7,0,0,6.06,11.17214,77.93608,NH7_Varanasi_Kanyakumari,MP / Karnataka / TN
Kerala,Unknown,2019,December,Friday,19:36,Serious,5,Truck,5,4,Clear,Urban Road,Damaged,Dark,Signs,44,23,Female,,Yes,Curve,2,19,12,4,2,0,0,0,1,5,5,0,0,6.97,19.85501,78.73148,NH44_Nagpur_Hyderabad,Telangana
Himachal Pradesh,Unknown,2021,December,Friday,12:1,Serious,1,Auto-Rickshaw,5,3,Hazy,State Highway,Damaged,Dusk,,30,36,Female,,No,Straight Road,2,12,12,4,1,2,0,3,0,1,5,0,0,5.45,22.96232,72.63349,NH27_East_West,Rajasthan / MP / UP
Delhi,Dwarka,2023,February,Wednesday,11:56,Serious,3,Bus,9,5,Rainy,Village Road,Under Construction,Dark,Signs,100,47,Male,Valid,No,Intersection,2,11,2,2,3,3,2,0,0,3,9,0,0,8.48,31.82877,77.44308,NH22_Shimla_Manali,Himachal Pradesh
Jharkhand,Unknown,2023,November,Wednesday,5:3,Fatal,1,Bus,3,0,Clear,State Highway,Dry,Daylight,Signals,118,68,Male,,Yes,Curve,3,5,11,2,1,0,1,2,1,1,3,0,0,3.33,28.85011,77.45931,NH58_Delhi_Badrinath,Uttarakhand
Meghalaya,Unknown,2018,June,Friday,22:52,Minor,4,Bus,0,3,Hazy,National Highway,Under Construction,Dawn,Signals,119,30,Female,Valid,No,Curve,1,22,6,4,0,2,2,1,0,4,0,0,0,3.33,23.5108,86.07622,NH19_Delhi_Kolkata,Uttar Pradesh / Bihar
Bihar,Unknown,2021,March,Saturday,3:0,Minor,4,Two-Wheeler,4,2,Foggy,State Highway,Damaged,Dark,Signs,72,58,Female,Expired,No,Straight Road,1,3,3,5,1,1,0,0,0,4,4,0,0,3.64,23.47805,79.30225,NH44_Agra_Nagpur,Madhya Pradesh
Meghalaya,Unknown,2020,December,Sunday,2:40,Serious,5,Auto-Rickshaw,6,4,Rainy,Urban Road,Wet,Daylight,Signals,99,60,Female,Expired,Yes,Curve,2,2,12,6,2,3,3,2,1,5,6,0,0,7.27,23.61853,73.25757,NH48_Delhi_Mumbai,Rajasthan / Gujarat
Chhattisgarh,Unknown,2020,September,Friday,3:24,Minor,1,Car,8,0,Clear,Urban Road,Wet,Dawn,Police Checkpost,107,18,Male,,Yes,Straight Road,1,3,9,4,2,0,3,1,1,1,8,0,0,3.64,10.84274,76.20837,NH66_West_Coast,Maharashtra / Kerala
Tripura,Unknown,2018,December,Tuesday,20:47,Minor,5,Car,3,0,Rainy,National Highway,Dry,Daylight,Signals,33,58,Male,Expired,Yes,Bridge,1,20,12,1,0,3,1,2,1,5,3,0,0,2.12,19.90297,85.46891,NH16_Kolkata_Chennai,Odisha / Andhra Pradesh
Bihar,Unknown,2023,August,Wednesday,2:7,Fatal,3,Pedestrian,0,2,Foggy,Urban Road,Under Construction,Dark,Police Checkpost,118,42,Male,Valid,Yes,Straight Road,3,2,8,2,2,1,2,0,1,3,0,0,0,4.24,17.22003,76.26058,NH9_Pune_Hyderabad,Maharashtra / Telangana
Uttarakhand,Unknown,2021,February,Monday,10:47,Fatal,5,Cycle,5,4,Hazy,Urban Road,Dry,Daylight,Signs,78,56,Female,Expired,No,Intersection,3,10,2,0,2,2,1,2,0,5,5,0,0,6.97,17.32102,78.53881,NH9_Pune_Hyderabad,Maharashtra / Telangana
Tamil Nadu,Chennai,2021,January,Sunday,1:15,Minor,5,Truck,4,3,Foggy,National Highway,Wet,Dark,Signs,74,43,Male,Expired,Yes,Intersection,1,1,1,6,0,1,3,0,1,5,4,0,0,5.15,19.23583,84.81545,NH16_Kolkata_Chennai,Odisha / Andhra Pradesh
Uttarakhand,Unknown,2018,July,Sunday,10:12,Fatal,3,Car,3,0,Hazy,Urban Road,Under Construction,Daylight,,86,23,Female,,Yes,Intersection,3,10,7,6,2,2,2,2,1,3,3,0,0,3.33,21.80786,79.06932,NH44_Agra_Nagpur,Madhya Pradesh
Meghalaya,Unknown,2021,January,Thursday,19:34,Minor,2,Two-Wheeler,8,5,Rainy,National Highway,Dry,Dark,Signs,47,57,Female,Valid,Yes,Intersection,1,19,1,3,0,3,1,0,1,2,8,0,0,8.18,17.3875,78.5417,NH9_Pune_Hyderabad,Maharashtra / Telangana
Meghalaya,Unknown,2023,June,Sunday,20:54,Fatal,1,Cycle,9,2,Stormy,Urban Road,Under Construction,Daylight,Signs,60,28,Female,Expired,Yes,Bridge,3,20,6,6,2,4,2,2,1,1,9,0,0,6.97,22.71431,88.55577,NH52_Barasat_Guwahati,West Bengal / Assam
Arunachal Pradesh,Unknown,2020,September,Monday,7:19,Fatal,5,Cycle,1,3,Hazy,National Highway,Under Construction,Daylight,,40,66,Male,,Yes,Bridge,3,7,9,0,0,2,2,2,1,5,1,0,0,5.45,12.61977,79.48065,NH44_Bangalore_Chennai,Tamil Nadu
